Workbook

Sheet Sheet1
A1: NO | B1: =IFERROR(__xludf.DUMMYFUNCTION("QUERY(IMPORTRANGE(""1AzTji2sW29mb6q5i6lLp4OT4kZtfXWmm_A7yA3mApUg"",""Sheet1!B1:S311""), ""SELECT * WHERE Col18 = 'Lunas'"")"),"NAMA") -> NAMA | C1: =IFERROR(__xludf.DUMMYFUNCTION("""COMPUTED_VALUE"""),"NIS") -> NIS | D1: =IFERROR(__xludf.DUMMYFUNCTION("""COMPUTED_VALUE"""),"ASRAMA") -> ASRAMA | E1: =IFERROR(__xludf.DUMMYFUNCTION("""COMPUTED_VALUE"""),"KAMAR") -> KAMAR | F1: =IFERROR(__xludf.DUMMYFUNCTION("""COMPUTED_VALUE"""),"TINGKAT") -> TINGKAT | G1: =IFERROR(__xludf.DUMMYFUNCTION("""COMPUTED_VALUE"""),"MADRASIAH") -> MADRASIAH | H1: =IFERROR(__xludf.DUMMYFUNCTION("""COMPUTED_VALUE"""),"SEKOLAH") -> SEKOLAH | I1: =IFERROR(__xludf.DUMMYFUNCTION("""COMPUTED_VALUE"""),"IBU") -> IBU | J1: =IFERROR(__xludf.DUMMYFUNCTION("""COMPUTED_VALUE"""),"ALAMAT") -> ALAMAT | K1: =IFERROR(__xludf.DUMMYFUNCTION("""COMPUTED_VALUE"""),"WA") -> WA | L1: =IFERROR(__xludf.DUMMYFUNCTION("""COMPUTED_VALUE"""),"JUMLAH SYAHRIYAH") -> JUMLAH SYAHRIYAH | M1: =IFERROR(__xludf.DUMMYFUNCTION("""COMPUTED_VALUE"""),"JUMLAH JARIYAH") -> JUMLAH JARIYAH | N1: =IFERROR(__xludf.DUMMYFUNCTION("""COMPUTED_VALUE"""),"JUMLAH DAFTAR ULANG") -> JUMLAH DAFTAR ULANG | O1: =IFERROR(__xludf.DUMMYFUNCTION("""COMPUTED_VALUE"""),"JUMLAH TOTAL TUNGGAKAN") -> JUMLAH TOTAL TUNGGAKAN | P1: =IFERROR(__xludf.DUMMYFUNCTION("""COMPUTED_VALUE"""),"") | Q1: =IFERROR(__xludf.DUMMYFUNCTION("""COMPUTED_VALUE"""),"") | R1: =IFERROR(__xludf.DUMMYFUNCTION("""COMPUTED_VALUE"""),"") | S1: =IFERROR(__xludf.DUMMYFUNCTION("""COMPUTED_VALUE"""),"STATUS ADMINISTRASI") -> STATUS ADMINISTRASI | T1: TANGGAL | U1: Create PDF
A2: =IF(B2="","",ROW(A2)-1) -> 1 | B2: =IFERROR(__xludf.DUMMYFUNCTION("""COMPUTED_VALUE"""),"ACH. ADITIYA YUGASWARA") -> ACH. ADITIYA YUGASWARA | C2: =IFERROR(__xludf.DUMMYFUNCTION("""COMPUTED_VALUE"""),2.025110681E9) -> 2025110681 | D2: =IFERROR(__xludf.DUMMYFUNCTION("""COMPUTED_VALUE"""),"A") -> A | E2: =IFERROR(__xludf.DUMMYFUNCTION("""COMPUTED_VALUE"""),"A-1") -> A-1 | F2: =IFERROR(__xludf.DUMMYFUNCTION("""COMPUTED_VALUE"""),3.0) -> 3 | G2: =IFERROR(__xludf.DUMMYFUNCTION("""COMPUTED_VALUE"""),"3 ULA A PUTRA") -> 3 ULA A PUTRA | H2: =IFERROR(__xludf.DUMMYFUNCTION("""COMPUTED_VALUE"""),"#N/A") -> #N/A | L2: =IFERROR(__xludf.DUMMYFUNCTION("""COMPUTED_VALUE"""),0.0) -> 0 | M2: =IFERROR(__xludf.DUMMYFUNCTION("""COMPUTED_VALUE"""),0.0) -> 0 | N2: =IFERROR(__xludf.DUMMYFUNCTION("""COMPUTED_VALUE"""),0.0) -> 0 | O2: =IFERROR(__xludf.DUMMYFUNCTION("""COMPUTED_VALUE"""),0.0) -> 0 | S2: =IFERROR(__xludf.DUMMYFUNCTION("""COMPUTED_VALUE"""),"Lunas") -> Lunas | T2: =TODAY() -> 46206 | U2: =IF(ISNA(vlookup(B2,DataExport!$D$2:$D$496,1,false)), "Belum", "Sudah") -> Belum
A3: =IF(B3="","",ROW(A3)-1) -> 2 | B3: =IFERROR(__xludf.DUMMYFUNCTION("""COMPUTED_VALUE"""),"ADELIA ZAHRA ROSYIDAH") -> ADELIA ZAHRA ROSYIDAH | C3: =IFERROR(__xludf.DUMMYFUNCTION("""COMPUTED_VALUE"""),2.024070565E9) -> 2024070565 | D3: =IFERROR(__xludf.DUMMYFUNCTION("""COMPUTED_VALUE"""),"D") -> D | E3: =IFERROR(__xludf.DUMMYFUNCTION("""COMPUTED_VALUE"""),"D-4") -> D-4 | F3: =IFERROR(__xludf.DUMMYFUNCTION("""COMPUTED_VALUE"""),3.0) -> 3 | G3: =IFERROR(__xludf.DUMMYFUNCTION("""COMPUTED_VALUE"""),"3 ULA A PUTRI") -> 3 ULA A PUTRI | H3: =IFERROR(__xludf.DUMMYFUNCTION("""COMPUTED_VALUE"""),"MTS-9 H") -> MTS-9 H | I3: =IFERROR(__xludf.DUMMYFUNCTION("""COMPUTED_VALUE"""),"SUJIATI") -> SUJIATI | J3: =IFERROR(__xludf.DUMMYFUNCTION("""COMPUTED_VALUE"""),"PINGGIRAN SUMBERAGUNG RT 002 RW 003 SUKODADI LAMONGAN") -> PINGGIRAN SUMBERAGUNG RT 002 RW 003 SUKODADI LAMONGAN | K3: =IFERROR(__xludf.DUMMYFUNCTION("""COMPUTED_VALUE"""),"6285733130659") -> 6285733130659 | L3: =IFERROR(__xludf.DUMMYFUNCTION("""COMPUTED_VALUE"""),0.0) -> 0 | M3: =IFERROR(__xludf.DUMMYFUNCTION("""COMPUTED_VALUE"""),0.0) -> 0 | N3: =IFERROR(__xludf.DUMMYFUNCTION("""COMPUTED_VALUE"""),0.0) -> 0 | O3: =IFERROR(__xludf.DUMMYFUNCTION("""COMPUTED_VALUE"""),0.0) -> 0 | S3: =IFERROR(__xludf.DUMMYFUNCTION("""COMPUTED_VALUE"""),"Lunas") -> Lunas | T3: =TODAY() -> 46206 | U3: =IF(ISNA(vlookup(B3,DataExport!$D$2:$D$496,1,false)), "Belum", "Sudah") -> Belum
A4: =IF(B4="","",ROW(A4)-1) -> 3 | B4: =IFERROR(__xludf.DUMMYFUNCTION("""COMPUTED_VALUE"""),"ADINDA KHOIRUN NISWAH") -> ADINDA KHOIRUN NISWAH | C4: =IFERROR(__xludf.DUMMYFUNCTION("""COMPUTED_VALUE"""),2.024070336E9) -> 2024070336 | D4: =IFERROR(__xludf.DUMMYFUNCTION("""COMPUTED_VALUE"""),"D") -> D | E4: =IFERROR(__xludf.DUMMYFUNCTION("""COMPUTED_VALUE"""),"D-6") -> D-6 | F4: =IFERROR(__xludf.DUMMYFUNCTION("""COMPUTED_VALUE"""),3.0) -> 3 | G4: =IFERROR(__xludf.DUMMYFUNCTION("""COMPUTED_VALUE"""),"3 WUSTHO C PUTRI") -> 3 WUSTHO C PUTRI | H4: =IFERROR(__xludf.DUMMYFUNCTION("""COMPUTED_VALUE"""),"MA-XII.11") -> MA-XII.11 | I4: =IFERROR(__xludf.DUMMYFUNCTION("""COMPUTED_VALUE"""),"ANI ROKHMATIN") -> ANI ROKHMATIN | J4: =IFERROR(__xludf.DUMMYFUNCTION("""COMPUTED_VALUE"""),"GRIGIS SUMBERJO RT 3 RW 5 SARIREJO LAMONGAN") -> GRIGIS SUMBERJO RT 3 RW 5 SARIREJO LAMONGAN | K4: =IFERROR(__xludf.DUMMYFUNCTION("""COMPUTED_VALUE"""),"6283833507477") -> 6283833507477 | L4: =IFERROR(__xludf.DUMMYFUNCTION("""COMPUTED_VALUE"""),0.0) -> 0 | M4: =IFERROR(__xludf.DUMMYFUNCTION("""COMPUTED_VALUE"""),0.0) -> 0 | N4: =IFERROR(__xludf.DUMMYFUNCTION("""COMPUTED_VALUE"""),0.0) -> 0 | O4: =IFERROR(__xludf.DUMMYFUNCTION("""COMPUTED_VALUE"""),0.0) -> 0 | S4: =IFERROR(__xludf.DUMMYFUNCTION("""COMPUTED_VALUE"""),"Lunas") -> Lunas | T4: =TODAY() -> 46206 | U4: =IF(ISNA(vlookup(B4,DataExport!$D$2:$D$496,1,false)), "Belum", "Sudah") -> Belum
A5: =IF(B5="","",ROW(A5)-1) -> 4 | B5: =IFERROR(__xludf.DUMMYFUNCTION("""COMPUTED_VALUE"""),"AFANIA AQILATUS SHAFA") -> AFANIA AQILATUS SHAFA | C5: =IFERROR(__xludf.DUMMYFUNCTION("""COMPUTED_VALUE"""),2.02407064E9) -> 2024070640 | D5: =IFERROR(__xludf.DUMMYFUNCTION("""COMPUTED_VALUE"""),"C") -> C | E5: =IFERROR(__xludf.DUMMYFUNCTION("""COMPUTED_VALUE"""),"C-13") -> C-13 | F5: =IFERROR(__xludf.DUMMYFUNCTION("""COMPUTED_VALUE"""),3.0) -> 3 | G5: =IFERROR(__xludf.DUMMYFUNCTION("""COMPUTED_VALUE"""),"3 ULA C PUTRI") -> 3 ULA C PUTRI | H5: =IFERROR(__xludf.DUMMYFUNCTION("""COMPUTED_VALUE"""),"MTS-9 G") -> MTS-9 G | I5: =IFERROR(__xludf.DUMMYFUNCTION("""COMPUTED_VALUE"""),"DWI OKTAFIA NINGSIH") -> DWI OKTAFIA NINGSIH | J5: =IFERROR(__xludf.DUMMYFUNCTION("""COMPUTED_VALUE"""),"PAJANGAN RT 002 RW 002 SUKODADI LAMONGAN") -> PAJANGAN RT 002 RW 002 SUKODADI LAMONGAN | K5: =IFERROR(__xludf.DUMMYFUNCTION("""COMPUTED_VALUE"""),"6285257103018") -> 6285257103018 | L5: =IFERROR(__xludf.DUMMYFUNCTION("""COMPUTED_VALUE"""),0.0) -> 0 | M5: =IFERROR(__xludf.DUMMYFUNCTION("""COMPUTED_VALUE"""),0.0) -> 0 | N5: =IFERROR(__xludf.DUMMYFUNCTION("""COMPUTED_VALUE"""),0.0) -> 0 | O5: =IFERROR(__xludf.DUMMYFUNCTION("""COMPUTED_VALUE"""),0.0) -> 0 | S5: =IFERROR(__xludf.DUMMYFUNCTION("""COMPUTED_VALUE"""),"Lunas") -> Lunas | T5: =TODAY() -> 46206 | U5: =IF(ISNA(vlookup(B5,DataExport!$D$2:$D$496,1,false)), "Belum", "Sudah") -> Belum
A6: =IF(B6="","",ROW(A6)-1) -> 5 | B6: =IFERROR(__xludf.DUMMYFUNCTION("""COMPUTED_VALUE"""),"AFILIA MEGA NURFATMA") -> AFILIA MEGA NURFATMA | C6: =IFERROR(__xludf.DUMMYFUNCTION("""COMPUTED_VALUE"""),2.024070563E9) -> 2024070563 | D6: =IFERROR(__xludf.DUMMYFUNCTION("""COMPUTED_VALUE"""),"B") -> B | E6: =IFERROR(__xludf.DUMMYFUNCTION("""COMPUTED_VALUE"""),"B-10") -> B-10 | F6: =IFERROR(__xludf.DUMMYFUNCTION("""COMPUTED_VALUE"""),3.0) -> 3 | G6: =IFERROR(__xludf.DUMMYFUNCTION("""COMPUTED_VALUE"""),"3 ULA A PUTRI") -> 3 ULA A PUTRI | H6: =IFERROR(__xludf.DUMMYFUNCTION("""COMPUTED_VALUE"""),"MTS-9 A") -> MTS-9 A | I6: =IFERROR(__xludf.DUMMYFUNCTION("""COMPUTED_VALUE"""),"ALIYATUN") -> ALIYATUN | J6: =IFERROR(__xludf.DUMMYFUNCTION("""COMPUTED_VALUE"""),"TENGGULUN RT 003 RW 002 SOLOKURO LAMONGAN") -> TENGGULUN RT 003 RW 002 SOLOKURO LAMONGAN | K6: =IFERROR(__xludf.DUMMYFUNCTION("""COMPUTED_VALUE"""),"6285812446154") -> 6285812446154 | L6: =IFERROR(__xludf.DUMMYFUNCTION("""COMPUTED_VALUE"""),0.0) -> 0 | M6: =IFERROR(__xludf.DUMMYFUNCTION("""COMPUTED_VALUE"""),0.0) -> 0 | N6: =IFERROR(__xludf.DUMMYFUNCTION("""COMPUTED_VALUE"""),0.0) -> 0 | O6: =IFERROR(__xludf.DUMMYFUNCTION("""COMPUTED_VALUE"""),0.0) -> 0 | S6: =IFERROR(__xludf.DUMMYFUNCTION("""COMPUTED_VALUE"""),"Lunas") -> Lunas | T6: =TODAY() -> 46206 | U6: =IF(ISNA(vlookup(B6,DataExport!$D$2:$D$496,1,false)), "Belum", "Sudah") -> Belum
A7: =IF(B7="","",ROW(A7)-1) -> 6 | B7: =IFERROR(__xludf.DUMMYFUNCTION("""COMPUTED_VALUE"""),"AFINA AGUSTIN ROMADHONI") -> AFINA AGUSTIN ROMADHONI | C7: =IFERROR(__xludf.DUMMYFUNCTION("""COMPUTED_VALUE"""),2.024070561E9) -> 2024070561 | D7: =IFERROR(__xludf.DUMMYFUNCTION("""COMPUTED_VALUE"""),"C") -> C | E7: =IFERROR(__xludf.DUMMYFUNCTION("""COMPUTED_VALUE"""),"C-13") -> C-13 | F7: =IFERROR(__xludf.DUMMYFUNCTION("""COMPUTED_VALUE"""),3.0) -> 3 | H7: =IFERROR(__xludf.DUMMYFUNCTION("""COMPUTED_VALUE"""),"MTS-9 G") -> MTS-9 G | I7: =IFERROR(__xludf.DUMMYFUNCTION("""COMPUTED_VALUE"""),"MAZROATUN") -> MAZROATUN | J7: =IFERROR(__xludf.DUMMYFUNCTION("""COMPUTED_VALUE"""),"KEBEN RT 004 RW 002 TURI LAMONGAN") -> KEBEN RT 004 RW 002 TURI LAMONGAN | K7: =IFERROR(__xludf.DUMMYFUNCTION("""COMPUTED_VALUE"""),"6285748099065") -> 6285748099065 | L7: =IFERROR(__xludf.DUMMYFUNCTION("""COMPUTED_VALUE"""),0.0) -> 0 | M7: =IFERROR(__xludf.DUMMYFUNCTION("""COMPUTED_VALUE"""),0.0) -> 0 | N7: =IFERROR(__xludf.DUMMYFUNCTION("""COMPUTED_VALUE"""),0.0) -> 0 | O7: =IFERROR(__xludf.DUMMYFUNCTION("""COMPUTED_VALUE"""),0.0) -> 0 | S7: =IFERROR(__xludf.DUMMYFUNCTION("""COMPUTED_VALUE"""),"Lunas") -> Lunas | T7: =TODAY() -> 46206 | U7: =IF(ISNA(vlookup(B7,DataExport!$D$2:$D$496,1,false)), "Belum", "Sudah") -> Belum
A8: =IF(B8="","",ROW(A8)-1) -> 7 | B8: =IFERROR(__xludf.DUMMYFUNCTION("""COMPUTED_VALUE"""),"AHDA KAISYA BADAATIL MUFIDAH") -> AHDA KAISYA BADAATIL MUFIDAH | C8: =IFERROR(__xludf.DUMMYFUNCTION("""COMPUTED_VALUE"""),2.024070322E9) -> 2024070322 | D8: =IFERROR(__xludf.DUMMYFUNCTION("""COMPUTED_VALUE"""),"C") -> C | E8: =IFERROR(__xludf.DUMMYFUNCTION("""COMPUTED_VALUE"""),"C-9") -> C-9 | F8: =IFERROR(__xludf.DUMMYFUNCTION("""COMPUTED_VALUE"""),3.0) -> 3 | H8: =IFERROR(__xludf.DUMMYFUNCTION("""COMPUTED_VALUE"""),"MA-XII.10") -> MA-XII.10 | I8: =IFERROR(__xludf.DUMMYFUNCTION("""COMPUTED_VALUE"""),"INAYATUL KARIMAH") -> INAYATUL KARIMAH | J8: =IFERROR(__xludf.DUMMYFUNCTION("""COMPUTED_VALUE"""),"KEBET RT 008 RW 002 LAMONGAN LAMONGAN") -> KEBET RT 008 RW 002 LAMONGAN LAMONGAN | K8: =IFERROR(__xludf.DUMMYFUNCTION("""COMPUTED_VALUE"""),"6285895759423") -> 6285895759423 | L8: =IFERROR(__xludf.DUMMYFUNCTION("""COMPUTED_VALUE"""),0.0) -> 0 | M8: =IFERROR(__xludf.DUMMYFUNCTION("""COMPUTED_VALUE"""),0.0) -> 0 | N8: =IFERROR(__xludf.DUMMYFUNCTION("""COMPUTED_VALUE"""),0.0) -> 0 | O8: =IFERROR(__xludf.DUMMYFUNCTION("""COMPUTED_VALUE"""),0.0) -> 0 | S8: =IFERROR(__xludf.DUMMYFUNCTION("""COMPUTED_VALUE"""),"Lunas") -> Lunas | T8: =TODAY() -> 46206 | U8: =IF(ISNA(vlookup(B8,DataExport!$D$2:$D$496,1,false)), "Belum", "Sudah") -> Belum
A9: =IF(B9="","",ROW(A9)-1) -> 8 | B9: =IFERROR(__xludf.DUMMYFUNCTION("""COMPUTED_VALUE"""),"AHMAD AZKA ALFIKRI") -> AHMAD AZKA ALFIKRI | C9: =IFERROR(__xludf.DUMMYFUNCTION("""COMPUTED_VALUE"""),2.024070554E9) -> 2024070554 | D9: =IFERROR(__xludf.DUMMYFUNCTION("""COMPUTED_VALUE"""),"A") -> A | E9: =IFERROR(__xludf.DUMMYFUNCTION("""COMPUTED_VALUE"""),"A-7") -> A-7 | F9: =IFERROR(__xludf.DUMMYFUNCTION("""COMPUTED_VALUE"""),3.0) -> 3 | G9: =IFERROR(__xludf.DUMMYFUNCTION("""COMPUTED_VALUE"""),"3 ULA B PUTRA") -> 3 ULA B PUTRA | H9: =IFERROR(__xludf.DUMMYFUNCTION("""COMPUTED_VALUE"""),"MTS-9 E") -> MTS-9 E | I9: =IFERROR(__xludf.DUMMYFUNCTION("""COMPUTED_VALUE"""),"MASRUAH") -> MASRUAH | J9: =IFERROR(__xludf.DUMMYFUNCTION("""COMPUTED_VALUE"""),"LASEM RT 001 RW 001 SIDAYU GRESIK") -> LASEM RT 001 RW 001 SIDAYU GRESIK | K9: =IFERROR(__xludf.DUMMYFUNCTION("""COMPUTED_VALUE"""),"6285645389910") -> 6285645389910 | L9: =IFERROR(__xludf.DUMMYFUNCTION("""COMPUTED_VALUE"""),0.0) -> 0 | M9: =IFERROR(__xludf.DUMMYFUNCTION("""COMPUTED_VALUE"""),0.0) -> 0 | N9: =IFERROR(__xludf.DUMMYFUNCTION("""COMPUTED_VALUE"""),0.0) -> 0 | O9: =IFERROR(__xludf.DUMMYFUNCTION("""COMPUTED_VALUE"""),0.0) -> 0 | S9: =IFERROR(__xludf.DUMMYFUNCTION("""COMPUTED_VALUE"""),"Lunas") -> Lunas | T9: =TODAY() -> 46206 | U9: =IF(ISNA(vlookup(B9,DataExport!$D$2:$D$496,1,false)), "Belum", "Sudah") -> Belum
A10: =IF(B10="","",ROW(A10)-1) -> 9 | B10: =IFERROR(__xludf.DUMMYFUNCTION("""COMPUTED_VALUE"""),"AHMAD HAFIDZ RIZKI AL ZAMZAMI") -> AHMAD HAFIDZ RIZKI AL ZAMZAMI | C10: =IFERROR(__xludf.DUMMYFUNCTION("""COMPUTED_VALUE"""),2.024070615E9) -> 2024070615 | D10: =IFERROR(__xludf.DUMMYFUNCTION("""COMPUTED_VALUE"""),"A") -> A | E10: =IFERROR(__xludf.DUMMYFUNCTION("""COMPUTED_VALUE"""),"A-7") -> A-7 | F10: =IFERROR(__xludf.DUMMYFUNCTION("""COMPUTED_VALUE"""),3.0) -> 3 | G10: =IFERROR(__xludf.DUMMYFUNCTION("""COMPUTED_VALUE"""),"3 ULA B PUTRA") -> 3 ULA B PUTRA | H10: =IFERROR(__xludf.DUMMYFUNCTION("""COMPUTED_VALUE"""),"MTS-9 E") -> MTS-9 E | I10: =IFERROR(__xludf.DUMMYFUNCTION("""COMPUTED_VALUE"""),"SITI ZUMAROH") -> SITI ZUMAROH | J10: =IFERROR(__xludf.DUMMYFUNCTION("""COMPUTED_VALUE"""),"GLUMO JELAKCATUR RT 003 RW 005 KALITENGAH LAMONGAN") -> GLUMO JELAKCATUR RT 003 RW 005 KALITENGAH LAMONGAN | K10: =IFERROR(__xludf.DUMMYFUNCTION("""COMPUTED_VALUE"""),"6285759930572") -> 6285759930572 | L10: =IFERROR(__xludf.DUMMYFUNCTION("""COMPUTED_VALUE"""),0.0) -> 0 | M10: =IFERROR(__xludf.DUMMYFUNCTION("""COMPUTED_VALUE"""),0.0) -> 0 | N10: =IFERROR(__xludf.DUMMYFUNCTION("""COMPUTED_VALUE"""),0.0) -> 0 | O10: =IFERROR(__xludf.DUMMYFUNCTION("""COMPUTED_VALUE"""),0.0) -> 0 | S10: =IFERROR(__xludf.DUMMYFUNCTION("""COMPUTED_VALUE"""),"Lunas") -> Lunas | T10: =TODAY() -> 46206 | U10: =IF(ISNA(vlookup(B10,DataExport!$D$2:$D$496,1,false)), "Belum", "Sudah") -> Belum
A11: =IF(B11="","",ROW(A11)-1) -> 10 | B11: =IFERROR(__xludf.DUMMYFUNCTION("""COMPUTED_VALUE"""),"AHMAD MANSYAUL HIKAMI") -> AHMAD MANSYAUL HIKAMI | C11: =IFERROR(__xludf.DUMMYFUNCTION("""COMPUTED_VALUE"""),2.024070402E9) -> 2024070402 | D11: =IFERROR(__xludf.DUMMYFUNCTION("""COMPUTED_VALUE"""),"A") -> A | E11: =IFERROR(__xludf.DUMMYFUNCTION("""COMPUTED_VALUE"""),"A-10") -> A-10 | F11: =IFERROR(__xludf.DUMMYFUNCTION("""COMPUTED_VALUE"""),3.0) -> 3 | G11: =IFERROR(__xludf.DUMMYFUNCTION("""COMPUTED_VALUE"""),"3 WUSTHO PUTRA") -> 3 WUSTHO PUTRA | H11: =IFERROR(__xludf.DUMMYFUNCTION("""COMPUTED_VALUE"""),"MA-XII.9") -> MA-XII.9 | I11: =IFERROR(__xludf.DUMMYFUNCTION("""COMPUTED_VALUE"""),"KHOIRIYAH") -> KHOIRIYAH | J11: =IFERROR(__xludf.DUMMYFUNCTION("""COMPUTED_VALUE"""),"MAYONG NGABLAK RT 1 RW 2 KARANGBINANGUN LAMONGAN") -> MAYONG NGABLAK RT 1 RW 2 KARANGBINANGUN LAMONGAN | K11: =IFERROR(__xludf.DUMMYFUNCTION("""COMPUTED_VALUE"""),"6285852940999") -> 6285852940999 | L11: =IFERROR(__xludf.DUMMYFUNCTION("""COMPUTED_VALUE"""),0.0) -> 0 | M11: =IFERROR(__xludf.DUMMYFUNCTION("""COMPUTED_VALUE"""),0.0) -> 0 | N11: =IFERROR(__xludf.DUMMYFUNCTION("""COMPUTED_VALUE"""),0.0) -> 0 | O11: =IFERROR(__xludf.DUMMYFUNCTION("""COMPUTED_VALUE"""),0.0) -> 0 | S11: =IFERROR(__xludf.DUMMYFUNCTION("""COMPUTED_VALUE"""),"Lunas") -> Lunas | T11: =TODAY() -> 46206 | U11: =IF(ISNA(vlookup(B11,DataExport!$D$2:$D$496,1,false)), "Belum", "Sudah") -> Belum
A12: =IF(B12="","",ROW(A12)-1) -> 11 | B12: =IFERROR(__xludf.DUMMYFUNCTION("""COMPUTED_VALUE"""),"AHMAD MUZAKKI") -> AHMAD MUZAKKI | C12: =IFERROR(__xludf.DUMMYFUNCTION("""COMPUTED_VALUE"""),2.024070502E9) -> 2024070502 | D12: =IFERROR(__xludf.DUMMYFUNCTION("""COMPUTED_VALUE"""),"A") -> A | E12: =IFERROR(__xludf.DUMMYFUNCTION("""COMPUTED_VALUE"""),"A-8") -> A-8 | F12: =IFERROR(__xludf.DUMMYFUNCTION("""COMPUTED_VALUE"""),3.0) -> 3 | G12: =IFERROR(__xludf.DUMMYFUNCTION("""COMPUTED_VALUE"""),"3 ULA A PUTRA") -> 3 ULA A PUTRA | H12: =IFERROR(__xludf.DUMMYFUNCTION("""COMPUTED_VALUE"""),"MTS-9 E") -> MTS-9 E | I12: =IFERROR(__xludf.DUMMYFUNCTION("""COMPUTED_VALUE"""),"FITRIATUN NADHIROH") -> FITRIATUN NADHIROH | J12: =IFERROR(__xludf.DUMMYFUNCTION("""COMPUTED_VALUE"""),"JUBAK NGUWOK RT 014 RW 006 MODO LAMONGAN") -> JUBAK NGUWOK RT 014 RW 006 MODO LAMONGAN | K12: =IFERROR(__xludf.DUMMYFUNCTION("""COMPUTED_VALUE"""),"6285230826998") -> 6285230826998 | L12: =IFERROR(__xludf.DUMMYFUNCTION("""COMPUTED_VALUE"""),0.0) -> 0 | M12: =IFERROR(__xludf.DUMMYFUNCTION("""COMPUTED_VALUE"""),0.0) -> 0 | N12: =IFERROR(__xludf.DUMMYFUNCTION("""COMPUTED_VALUE"""),0.0) -> 0 | O12: =IFERROR(__xludf.DUMMYFUNCTION("""COMPUTED_VALUE"""),0.0) -> 0 | S12: =IFERROR(__xludf.DUMMYFUNCTION("""COMPUTED_VALUE"""),"Lunas") -> Lunas | T12: =TODAY() -> 46206 | U12: =IF(ISNA(vlookup(B12,DataExport!$D$2:$D$496,1,false)), "Belum", "Sudah") -> Belum
A13: =IF(B13="","",ROW(A13)-1) -> 12 | B13: =IFERROR(__xludf.DUMMYFUNCTION("""COMPUTED_VALUE"""),"AHMAD NUR FAJAR ROMADHONI") -> AHMAD NUR FAJAR ROMADHONI | C13: =IFERROR(__xludf.DUMMYFUNCTION("""COMPUTED_VALUE"""),2.024070403E9) -> 2024070403 | D13: =IFERROR(__xludf.DUMMYFUNCTION("""COMPUTED_VALUE"""),"A") -> A | E13: =IFERROR(__xludf.DUMMYFUNCTION("""COMPUTED_VALUE"""),"A-2") -> A-2 | F13: =IFERROR(__xludf.DUMMYFUNCTION("""COMPUTED_VALUE"""),3.0) -> 3 | G13: =IFERROR(__xludf.DUMMYFUNCTION("""COMPUTED_VALUE"""),"3 MAK PUTRA") -> 3 MAK PUTRA | H13: =IFERROR(__xludf.DUMMYFUNCTION("""COMPUTED_VALUE"""),"MA-XII.13") -> MA-XII.13 | I13: =IFERROR(__xludf.DUMMYFUNCTION("""COMPUTED_VALUE"""),"SITI ULFAH") -> SITI ULFAH | J13: =IFERROR(__xludf.DUMMYFUNCTION("""COMPUTED_VALUE"""),"GENDONG RT 002 RW 004 LAREN LAMONGAN") -> GENDONG RT 002 RW 004 LAREN LAMONGAN | K13: =IFERROR(__xludf.DUMMYFUNCTION("""COMPUTED_VALUE"""),"685736441139") -> 685736441139 | L13: =IFERROR(__xludf.DUMMYFUNCTION("""COMPUTED_VALUE"""),0.0) -> 0 | M13: =IFERROR(__xludf.DUMMYFUNCTION("""COMPUTED_VALUE"""),0.0) -> 0 | N13: =IFERROR(__xludf.DUMMYFUNCTION("""COMPUTED_VALUE"""),0.0) -> 0 | O13: =IFERROR(__xludf.DUMMYFUNCTION("""COMPUTED_VALUE"""),0.0) -> 0 | S13: =IFERROR(__xludf.DUMMYFUNCTION("""COMPUTED_VALUE"""),"Lunas") -> Lunas | T13: =TODAY() -> 46206 | U13: =IF(ISNA(vlookup(B13,DataExport!$D$2:$D$496,1,false)), "Belum", "Sudah") -> Belum
A14: =IF(B14="","",ROW(A14)-1) -> 13 | B14: =IFERROR(__xludf.DUMMYFUNCTION("""COMPUTED_VALUE"""),"AIKE NESAFA ULIFIA") -> AIKE NESAFA ULIFIA | C14: =IFERROR(__xludf.DUMMYFUNCTION("""COMPUTED_VALUE"""),2.02407045E9) -> 2024070450 | D14: =IFERROR(__xludf.DUMMYFUNCTION("""COMPUTED_VALUE"""),"E") -> E | E14: =IFERROR(__xludf.DUMMYFUNCTION("""COMPUTED_VALUE"""),"E-9") -> E-9 | F14: =IFERROR(__xludf.DUMMYFUNCTION("""COMPUTED_VALUE"""),3.0) -> 3 | G14: =IFERROR(__xludf.DUMMYFUNCTION("""COMPUTED_VALUE"""),"3 ULA B PUTRI") -> 3 ULA B PUTRI | H14: =IFERROR(__xludf.DUMMYFUNCTION("""COMPUTED_VALUE"""),"MTS-9 A") -> MTS-9 A | I14: =IFERROR(__xludf.DUMMYFUNCTION("""COMPUTED_VALUE"""),"MARIA ULFA") -> MARIA ULFA | J14: =IFERROR(__xludf.DUMMYFUNCTION("""COMPUTED_VALUE"""),"KUSUMA BANGSA GG KERTANEGARA TUMENGGUNGAN RT 003 RW 006 LAMONGAN LAMONGAN") -> KUSUMA BANGSA GG KERTANEGARA TUMENGGUNGAN RT 003 RW 006 LAMONGAN LAMONGAN | K14: =IFERROR(__xludf.DUMMYFUNCTION("""COMPUTED_VALUE"""),"6285733946516") -> 6285733946516 | L14: =IFERROR(__xludf.DUMMYFUNCTION("""COMPUTED_VALUE"""),0.0) -> 0 | M14: =IFERROR(__xludf.DUMMYFUNCTION("""COMPUTED_VALUE"""),0.0) -> 0 | N14: =IFERROR(__xludf.DUMMYFUNCTION("""COMPUTED_VALUE"""),0.0) -> 0 | O14: =IFERROR(__xludf.DUMMYFUNCTION("""COMPUTED_VALUE"""),0.0) -> 0 | S14: =IFERROR(__xludf.DUMMYFUNCTION("""COMPUTED_VALUE"""),"Lunas") -> Lunas | T14: =TODAY() -> 46206 | U14: =IF(ISNA(vlookup(B14,DataExport!$D$2:$D$496,1,false)), "Belum", "Sudah") -> Belum
A15: =IF(B15="","",ROW(A15)-1) -> 14 | B15: =IFERROR(__xludf.DUMMYFUNCTION("""COMPUTED_VALUE"""),"AKHMAD FATIKHUL IN`AM") -> AKHMAD FATIKHUL IN`AM | C15: =IFERROR(__xludf.DUMMYFUNCTION("""COMPUTED_VALUE"""),2.024070404E9) -> 2024070404 | D15: =IFERROR(__xludf.DUMMYFUNCTION("""COMPUTED_VALUE"""),"A") -> A | E15: =IFERROR(__xludf.DUMMYFUNCTION("""COMPUTED_VALUE"""),"A-2") -> A-2 | F15: =IFERROR(__xludf.DUMMYFUNCTION("""COMPUTED_VALUE"""),3.0) -> 3 | G15: =IFERROR(__xludf.DUMMYFUNCTION("""COMPUTED_VALUE"""),"3 MAK PUTRA") -> 3 MAK PUTRA | H15: =IFERROR(__xludf.DUMMYFUNCTION("""COMPUTED_VALUE"""),"MA-XII.13") -> MA-XII.13 | I15: =IFERROR(__xludf.DUMMYFUNCTION("""COMPUTED_VALUE"""),"NURUL MUTHOHAROH") -> NURUL MUTHOHAROH | J15: =IFERROR(__xludf.DUMMYFUNCTION("""COMPUTED_VALUE"""),"LUMBER KALIPANG RT 001 RW 001 SUGIO LAMONGAN") -> LUMBER KALIPANG RT 001 RW 001 SUGIO LAMONGAN | K15: =IFERROR(__xludf.DUMMYFUNCTION("""COMPUTED_VALUE"""),"6285645455467") -> 6285645455467 | L15: =IFERROR(__xludf.DUMMYFUNCTION("""COMPUTED_VALUE"""),0.0) -> 0 | M15: =IFERROR(__xludf.DUMMYFUNCTION("""COMPUTED_VALUE"""),0.0) -> 0 | N15: =IFERROR(__xludf.DUMMYFUNCTION("""COMPUTED_VALUE"""),0.0) -> 0 | O15: =IFERROR(__xludf.DUMMYFUNCTION("""COMPUTED_VALUE"""),0.0) -> 0 | S15: =IFERROR(__xludf.DUMMYFUNCTION("""COMPUTED_VALUE"""),"Lunas") -> Lunas | T15: =TODAY() -> 46206 | U15: =IF(ISNA(vlookup(B15,DataExport!$D$2:$D$496,1,false)), "Belum", "Sudah") -> Belum
A16: =IF(B16="","",ROW(A16)-1) -> 15 | B16: =IFERROR(__xludf.DUMMYFUNCTION("""COMPUTED_VALUE"""),"ALIFATUN BINTU KHUMAIROH") -> ALIFATUN BINTU KHUMAIROH | C16: =IFERROR(__xludf.DUMMYFUNCTION("""COMPUTED_VALUE"""),2.024070488E9) -> 2024070488 | D16: =IFERROR(__xludf.DUMMYFUNCTION("""COMPUTED_VALUE"""),"C") -> C | E16: =IFERROR(__xludf.DUMMYFUNCTION("""COMPUTED_VALUE"""),"C-12") -> C-12 | F16: =IFERROR(__xludf.DUMMYFUNCTION("""COMPUTED_VALUE"""),3.0) -> 3 | G16: =IFERROR(__xludf.DUMMYFUNCTION("""COMPUTED_VALUE"""),"3 ULA B PUTRI") -> 3 ULA B PUTRI | H16: =IFERROR(__xludf.DUMMYFUNCTION("""COMPUTED_VALUE"""),"MTS-9 G") -> MTS-9 G | I16: =IFERROR(__xludf.DUMMYFUNCTION("""COMPUTED_VALUE"""),"SRI SULISTYANINGSIH") -> SRI SULISTYANINGSIH | J16: =IFERROR(__xludf.DUMMYFUNCTION("""COMPUTED_VALUE"""),"SIDOBRANTI SIDOMUKTI RT 009 RW 003 KEMBANGBAHU LAMONGAN") -> SIDOBRANTI SIDOMUKTI RT 009 RW 003 KEMBANGBAHU LAMONGAN | K16: =IFERROR(__xludf.DUMMYFUNCTION("""COMPUTED_VALUE"""),"6285704238402") -> 6285704238402 | L16: =IFERROR(__xludf.DUMMYFUNCTION("""COMPUTED_VALUE"""),0.0) -> 0 | M16: =IFERROR(__xludf.DUMMYFUNCTION("""COMPUTED_VALUE"""),0.0) -> 0 | N16: =IFERROR(__xludf.DUMMYFUNCTION("""COMPUTED_VALUE"""),0.0) -> 0 | O16: =IFERROR(__xludf.DUMMYFUNCTION("""COMPUTED_VALUE"""),0.0) -> 0 | S16: =IFERROR(__xludf.DUMMYFUNCTION("""COMPUTED_VALUE"""),"Lunas") -> Lunas | T16: =TODAY() -> 46206 | U16: =IF(ISNA(vlookup(B16,DataExport!$D$2:$D$496,1,false)), "Belum", "Sudah") -> Belum
A17: =IF(B17="","",ROW(A17)-1) -> 16 | B17: =IFERROR(__xludf.DUMMYFUNCTION("""COMPUTED_VALUE"""),"ALYA SHIFA AZZAHRA") -> ALYA SHIFA AZZAHRA | C17: =IFERROR(__xludf.DUMMYFUNCTION("""COMPUTED_VALUE"""),2.024070579E9) -> 2024070579 | D17: =IFERROR(__xludf.DUMMYFUNCTION("""COMPUTED_VALUE"""),"B") -> B | E17: =IFERROR(__xludf.DUMMYFUNCTION("""COMPUTED_VALUE"""),"B-9") -> B-9 | F17: =IFERROR(__xludf.DUMMYFUNCTION("""COMPUTED_VALUE"""),3.0) -> 3 | G17: =IFERROR(__xludf.DUMMYFUNCTION("""COMPUTED_VALUE"""),"3 ULA B PUTRI") -> 3 ULA B PUTRI | H17: =IFERROR(__xludf.DUMMYFUNCTION("""COMPUTED_VALUE"""),"MTS-9 G") -> MTS-9 G | I17: =IFERROR(__xludf.DUMMYFUNCTION("""COMPUTED_VALUE"""),"SULASTRI") -> SULASTRI | J17: =IFERROR(__xludf.DUMMYFUNCTION("""COMPUTED_VALUE"""),"BANJARAN TURI RT 008 RW 002 MADURAN LAMONGAN") -> BANJARAN TURI RT 008 RW 002 MADURAN LAMONGAN | K17: =IFERROR(__xludf.DUMMYFUNCTION("""COMPUTED_VALUE"""),"6285738896773") -> 6285738896773 | L17: =IFERROR(__xludf.DUMMYFUNCTION("""COMPUTED_VALUE"""),0.0) -> 0 | M17: =IFERROR(__xludf.DUMMYFUNCTION("""COMPUTED_VALUE"""),0.0) -> 0 | N17: =IFERROR(__xludf.DUMMYFUNCTION("""COMPUTED_VALUE"""),0.0) -> 0 | O17: =IFERROR(__xludf.DUMMYFUNCTION("""COMPUTED_VALUE"""),0.0) -> 0 | S17: =IFERROR(__xludf.DUMMYFUNCTION("""COMPUTED_VALUE"""),"Lunas") -> Lunas | T17: =TODAY() -> 46206 | U17: =IF(ISNA(vlookup(B17,DataExport!$D$2:$D$496,1,false)), "Belum", "Sudah") -> Belum
A18: =IF(B18="","",ROW(A18)-1) -> 17 | B18: =IFERROR(__xludf.DUMMYFUNCTION("""COMPUTED_VALUE"""),"ASTNA ANIS ADUBA") -> ASTNA ANIS ADUBA | C18: =IFERROR(__xludf.DUMMYFUNCTION("""COMPUTED_VALUE"""),2.024070003E9) -> 2024070003 | D18: =IFERROR(__xludf.DUMMYFUNCTION("""COMPUTED_VALUE"""),"C") -> C | E18: =IFERROR(__xludf.DUMMYFUNCTION("""COMPUTED_VALUE"""),"C-2") -> C-2 | F18: =IFERROR(__xludf.DUMMYFUNCTION("""COMPUTED_VALUE"""),3.0) -> 3 | H18: =IFERROR(__xludf.DUMMYFUNCTION("""COMPUTED_VALUE"""),"MA-XII.1") -> MA-XII.1 | I18: =IFERROR(__xludf.DUMMYFUNCTION("""COMPUTED_VALUE"""),"ZUMROHAH") -> ZUMROHAH | J18: =IFERROR(__xludf.DUMMYFUNCTION("""COMPUTED_VALUE"""),"TAKERHARJO RT 004 RW 002 SOLOKURO LAMONGAN") -> TAKERHARJO RT 004 RW 002 SOLOKURO LAMONGAN | K18: =IFERROR(__xludf.DUMMYFUNCTION("""COMPUTED_VALUE"""),"6285790863008") -> 6285790863008 | L18: =IFERROR(__xludf.DUMMYFUNCTION("""COMPUTED_VALUE"""),0.0) -> 0 | M18: =IFERROR(__xludf.DUMMYFUNCTION("""COMPUTED_VALUE"""),0.0) -> 0 | N18: =IFERROR(__xludf.DUMMYFUNCTION("""COMPUTED_VALUE"""),0.0) -> 0 | O18: =IFERROR(__xludf.DUMMYFUNCTION("""COMPUTED_VALUE"""),0.0) -> 0 | S18: =IFERROR(__xludf.DUMMYFUNCTION("""COMPUTED_VALUE"""),"Lunas") -> Lunas | T18: =TODAY() -> 46206 | U18: =IF(ISNA(vlookup(B18,DataExport!$D$2:$D$496,1,false)), "Belum", "Sudah") -> Belum
A19: =IF(B19="","",ROW(A19)-1) -> 18 | B19: =IFERROR(__xludf.DUMMYFUNCTION("""COMPUTED_VALUE"""),"AUFA NUR LAILI FADHILAH") -> AUFA NUR LAILI FADHILAH | C19: =IFERROR(__xludf.DUMMYFUNCTION("""COMPUTED_VALUE"""),2.024070605E9) -> 2024070605 | D19: =IFERROR(__xludf.DUMMYFUNCTION("""COMPUTED_VALUE"""),"C") -> C | E19: =IFERROR(__xludf.DUMMYFUNCTION("""COMPUTED_VALUE"""),"C-3") -> C-3 | F19: =IFERROR(__xludf.DUMMYFUNCTION("""COMPUTED_VALUE"""),3.0) -> 3 | G19: =IFERROR(__xludf.DUMMYFUNCTION("""COMPUTED_VALUE"""),"3 ULA A PUTRI") -> 3 ULA A PUTRI | H19: =IFERROR(__xludf.DUMMYFUNCTION("""COMPUTED_VALUE"""),"MTS-9 B") -> MTS-9 B | I19: =IFERROR(__xludf.DUMMYFUNCTION("""COMPUTED_VALUE"""),"KUNARTIN") -> KUNARTIN | J19: =IFERROR(__xludf.DUMMYFUNCTION("""COMPUTED_VALUE"""),"CANDITUNGGAL RT 003 RW 002 KALITENGAH LAMONGAN") -> CANDITUNGGAL RT 003 RW 002 KALITENGAH LAMONGAN | K19: =IFERROR(__xludf.DUMMYFUNCTION("""COMPUTED_VALUE"""),"6285815665883") -> 6285815665883 | L19: =IFERROR(__xludf.DUMMYFUNCTION("""COMPUTED_VALUE"""),0.0) -> 0 | M19: =IFERROR(__xludf.DUMMYFUNCTION("""COMPUTED_VALUE"""),0.0) -> 0 | N19: =IFERROR(__xludf.DUMMYFUNCTION("""COMPUTED_VALUE"""),0.0) -> 0 | O19: =IFERROR(__xludf.DUMMYFUNCTION("""COMPUTED_VALUE"""),0.0) -> 0 | S19: =IFERROR(__xludf.DUMMYFUNCTION("""COMPUTED_VALUE"""),"Lunas") -> Lunas | T19: =TODAY() -> 46206 | U19: =IF(ISNA(vlookup(B19,DataExport!$D$2:$D$496,1,false)), "Belum", "Sudah") -> Belum
A20: =IF(B20="","",ROW(A20)-1) -> 19 | B20: =IFERROR(__xludf.DUMMYFUNCTION("""COMPUTED_VALUE"""),"AUFARA DHEA TUNGGA DEWI") -> AUFARA DHEA TUNGGA DEWI | C20: =IFERROR(__xludf.DUMMYFUNCTION("""COMPUTED_VALUE"""),2.02407049E9) -> 2024070490 | D20: =IFERROR(__xludf.DUMMYFUNCTION("""COMPUTED_VALUE"""),"C") -> C | E20: =IFERROR(__xludf.DUMMYFUNCTION("""COMPUTED_VALUE"""),"C-12") -> C-12 | F20: =IFERROR(__xludf.DUMMYFUNCTION("""COMPUTED_VALUE"""),3.0) -> 3 | G20: =IFERROR(__xludf.DUMMYFUNCTION("""COMPUTED_VALUE"""),"3 ULA A PUTRI") -> 3 ULA A PUTRI | H20: =IFERROR(__xludf.DUMMYFUNCTION("""COMPUTED_VALUE"""),"MTS-9 D") -> MTS-9 D | I20: =IFERROR(__xludf.DUMMYFUNCTION("""COMPUTED_VALUE"""),"DEWI UTARI") -> DEWI UTARI | J20: =IFERROR(__xludf.DUMMYFUNCTION("""COMPUTED_VALUE"""),"PRIYOSO WETAN PRIYOSO RT 001 RW 001 KARANGBINANGUN LAMONGAN") -> PRIYOSO WETAN PRIYOSO RT 001 RW 001 KARANGBINANGUN LAMONGAN | K20: =IFERROR(__xludf.DUMMYFUNCTION("""COMPUTED_VALUE"""),"6281334198484") -> 6281334198484 | L20: =IFERROR(__xludf.DUMMYFUNCTION("""COMPUTED_VALUE"""),0.0) -> 0 | M20: =IFERROR(__xludf.DUMMYFUNCTION("""COMPUTED_VALUE"""),0.0) -> 0 | N20: =IFERROR(__xludf.DUMMYFUNCTION("""COMPUTED_VALUE"""),0.0) -> 0 | O20: =IFERROR(__xludf.DUMMYFUNCTION("""COMPUTED_VALUE"""),0.0) -> 0 | S20: =IFERROR(__xludf.DUMMYFUNCTION("""COMPUTED_VALUE"""),"Lunas") -> Lunas | T20: =TODAY() -> 46206 | U20: =IF(ISNA(vlookup(B20,DataExport!$D$2:$D$496,1,false)), "Belum", "Sudah") -> Belum
A21: =IF(B21="","",ROW(A21)-1) -> 20 | B21: =IFERROR(__xludf.DUMMYFUNCTION("""COMPUTED_VALUE"""),"AULIYAH SYIFA WINARNI") -> AULIYAH SYIFA WINARNI | C21: =IFERROR(__xludf.DUMMYFUNCTION("""COMPUTED_VALUE"""),2.024070188E9) -> 2024070188 | D21: =IFERROR(__xludf.DUMMYFUNCTION("""COMPUTED_VALUE"""),"E") -> E | E21: =IFERROR(__xludf.DUMMYFUNCTION("""COMPUTED_VALUE"""),"E-3") -> E-3 | F21: =IFERROR(__xludf.DUMMYFUNCTION("""COMPUTED_VALUE"""),3.0) -> 3 | G21: =IFERROR(__xludf.DUMMYFUNCTION("""COMPUTED_VALUE"""),"3 WUSTHO C PUTRI") -> 3 WUSTHO C PUTRI | H21: =IFERROR(__xludf.DUMMYFUNCTION("""COMPUTED_VALUE"""),"MA-XII.5") -> MA-XII.5 | I21: =IFERROR(__xludf.DUMMYFUNCTION("""COMPUTED_VALUE"""),"RULLY SYAMSI WINARNI") -> RULLY SYAMSI WINARNI | J21: =IFERROR(__xludf.DUMMYFUNCTION("""COMPUTED_VALUE"""),"JL. PEMUDA KLOOFKAMP GURABESI RT 001 RW 005 JAYAPURA UTARA JAYAPURA") -> JL. PEMUDA KLOOFKAMP GURABESI RT 001 RW 005 JAYAPURA UTARA JAYAPURA | K21: =IFERROR(__xludf.DUMMYFUNCTION("""COMPUTED_VALUE"""),"6282248415765") -> 6282248415765 | L21: =IFERROR(__xludf.DUMMYFUNCTION("""COMPUTED_VALUE"""),0.0) -> 0 | M21: =IFERROR(__xludf.DUMMYFUNCTION("""COMPUTED_VALUE"""),0.0) -> 0 | N21: =IFERROR(__xludf.DUMMYFUNCTION("""COMPUTED_VALUE"""),0.0) -> 0 | O21: =IFERROR(__xludf.DUMMYFUNCTION("""COMPUTED_VALUE"""),0.0) -> 0 | S21: =IFERROR(__xludf.DUMMYFUNCTION("""COMPUTED_VALUE"""),"Lunas") -> Lunas | T21: =TODAY() -> 46206 | U21: =IF(ISNA(vlookup(B21,DataExport!$D$2:$D$496,1,false)), "Belum", "Sudah") -> Belum
A22: =IF(B22="","",ROW(A22)-1) -> 21 | B22: =IFERROR(__xludf.DUMMYFUNCTION("""COMPUTED_VALUE"""),"AUREL NUR HABIBATUL LATHIFAH") -> AUREL NUR HABIBATUL LATHIFAH | C22: =IFERROR(__xludf.DUMMYFUNCTION("""COMPUTED_VALUE"""),2.024070498E9) -> 2024070498 | D22: =IFERROR(__xludf.DUMMYFUNCTION("""COMPUTED_VALUE"""),"D") -> D | E22: =IFERROR(__xludf.DUMMYFUNCTION("""COMPUTED_VALUE"""),"D-4") -> D-4 | F22: =IFERROR(__xludf.DUMMYFUNCTION("""COMPUTED_VALUE"""),3.0) -> 3 | H22: =IFERROR(__xludf.DUMMYFUNCTION("""COMPUTED_VALUE"""),"MTS-9 C") -> MTS-9 C | I22: =IFERROR(__xludf.DUMMYFUNCTION("""COMPUTED_VALUE"""),"IMROATUL KHASANAH") -> IMROATUL KHASANAH | J22: =IFERROR(__xludf.DUMMYFUNCTION("""COMPUTED_VALUE"""),"BANJARMADU RT 001 RW 003 KARANGGENENG LAMONGAN") -> BANJARMADU RT 001 RW 003 KARANGGENENG LAMONGAN | K22: =IFERROR(__xludf.DUMMYFUNCTION("""COMPUTED_VALUE"""),"6281226713566") -> 6281226713566 | L22: =IFERROR(__xludf.DUMMYFUNCTION("""COMPUTED_VALUE"""),0.0) -> 0 | M22: =IFERROR(__xludf.DUMMYFUNCTION("""COMPUTED_VALUE"""),0.0) -> 0 | N22: =IFERROR(__xludf.DUMMYFUNCTION("""COMPUTED_VALUE"""),0.0) -> 0 | O22: =IFERROR(__xludf.DUMMYFUNCTION("""COMPUTED_VALUE"""),0.0) -> 0 | S22: =IFERROR(__xludf.DUMMYFUNCTION("""COMPUTED_VALUE"""),"Lunas") -> Lunas | T22: =TODAY() -> 46206 | U22: =IF(ISNA(vlookup(B22,DataExport!$D$2:$D$496,1,false)), "Belum", "Sudah") -> Belum
A23: =IF(B23="","",ROW(A23)-1) -> 22 | B23: =IFERROR(__xludf.DUMMYFUNCTION("""COMPUTED_VALUE"""),"AUVA HILYA LUBABAH") -> AUVA HILYA LUBABAH | C23: =IFERROR(__xludf.DUMMYFUNCTION("""COMPUTED_VALUE"""),2.024070414E9) -> 2024070414 | D23: =IFERROR(__xludf.DUMMYFUNCTION("""COMPUTED_VALUE"""),"C") -> C | E23: =IFERROR(__xludf.DUMMYFUNCTION("""COMPUTED_VALUE"""),"C-7") -> C-7 | F23: =IFERROR(__xludf.DUMMYFUNCTION("""COMPUTED_VALUE"""),3.0) -> 3 | G23: =IFERROR(__xludf.DUMMYFUNCTION("""COMPUTED_VALUE"""),"3 MAK PUTRI") -> 3 MAK PUTRI | H23: =IFERROR(__xludf.DUMMYFUNCTION("""COMPUTED_VALUE"""),"MA-XII.13") -> MA-XII.13 | I23: =IFERROR(__xludf.DUMMYFUNCTION("""COMPUTED_VALUE"""),"RODHIATUN") -> RODHIATUN | J23: =IFERROR(__xludf.DUMMYFUNCTION("""COMPUTED_VALUE"""),"GEDONG GEDONGBOYOUNTUNG RT 001 RW 001 TURI LAMONGAN") -> GEDONG GEDONGBOYOUNTUNG RT 001 RW 001 TURI LAMONGAN | K23: =IFERROR(__xludf.DUMMYFUNCTION("""COMPUTED_VALUE"""),"6285608051421") -> 6285608051421 | L23: =IFERROR(__xludf.DUMMYFUNCTION("""COMPUTED_VALUE"""),0.0) -> 0 | M23: =IFERROR(__xludf.DUMMYFUNCTION("""COMPUTED_VALUE"""),0.0) -> 0 | N23: =IFERROR(__xludf.DUMMYFUNCTION("""COMPUTED_VALUE"""),0.0) -> 0 | O23: =IFERROR(__xludf.DUMMYFUNCTION("""COMPUTED_VALUE"""),0.0) -> 0 | S23: =IFERROR(__xludf.DUMMYFUNCTION("""COMPUTED_VALUE"""),"Lunas") -> Lunas | T23: =TODAY() -> 46206 | U23: =IF(ISNA(vlookup(B23,DataExport!$D$2:$D$496,1,false)), "Belum", "Sudah") -> Belum
A24: =IF(B24="","",ROW(A24)-1) -> 23 | B24: =IFERROR(__xludf.DUMMYFUNCTION("""COMPUTED_VALUE"""),"AYU YOVA NAYLA FAZA") -> AYU YOVA NAYLA FAZA | C24: =IFERROR(__xludf.DUMMYFUNCTION("""COMPUTED_VALUE"""),2.024070039E9) -> 2024070039 | D24: =IFERROR(__xludf.DUMMYFUNCTION("""COMPUTED_VALUE"""),"C") -> C | E24: =IFERROR(__xludf.DUMMYFUNCTION("""COMPUTED_VALUE"""),"C-8") -> C-8 | F24: =IFERROR(__xludf.DUMMYFUNCTION("""COMPUTED_VALUE"""),3.0) -> 3 | G24: =IFERROR(__xludf.DUMMYFUNCTION("""COMPUTED_VALUE"""),"3 WUSTHO A PUTRI") -> 3 WUSTHO A PUTRI | H24: =IFERROR(__xludf.DUMMYFUNCTION("""COMPUTED_VALUE"""),"MA-XII.2") -> MA-XII.2 | I24: =IFERROR(__xludf.DUMMYFUNCTION("""COMPUTED_VALUE"""),"HANIK ASYRIFAH") -> HANIK ASYRIFAH | J24: =IFERROR(__xludf.DUMMYFUNCTION("""COMPUTED_VALUE"""),"DAGAN RT 002 RW 003 SOLOKURO LAMONGAN") -> DAGAN RT 002 RW 003 SOLOKURO LAMONGAN | K24: =IFERROR(__xludf.DUMMYFUNCTION("""COMPUTED_VALUE"""),"6285856022187") -> 6285856022187 | L24: =IFERROR(__xludf.DUMMYFUNCTION("""COMPUTED_VALUE"""),0.0) -> 0 | M24: =IFERROR(__xludf.DUMMYFUNCTION("""COMPUTED_VALUE"""),0.0) -> 0 | N24: =IFERROR(__xludf.DUMMYFUNCTION("""COMPUTED_VALUE"""),0.0) -> 0 | O24: =IFERROR(__xludf.DUMMYFUNCTION("""COMPUTED_VALUE"""),0.0) -> 0 | S24: =IFERROR(__xludf.DUMMYFUNCTION("""COMPUTED_VALUE"""),"Lunas") -> Lunas | T24: =TODAY() -> 46206 | U24: =IF(ISNA(vlookup(B24,DataExport!$D$2:$D$496,1,false)), "Belum", "Sudah") -> Belum
A25: =IF(B25="","",ROW(A25)-1) -> 24 | B25: =IFERROR(__xludf.DUMMYFUNCTION("""COMPUTED_VALUE"""),"AZKA YAFIS FIRMANSYAH") -> AZKA YAFIS FIRMANSYAH | C25: =IFERROR(__xludf.DUMMYFUNCTION("""COMPUTED_VALUE"""),2.024070306E9) -> 2024070306 | D25: =IFERROR(__xludf.DUMMYFUNCTION("""COMPUTED_VALUE"""),"A") -> A | E25: =IFERROR(__xludf.DUMMYFUNCTION("""COMPUTED_VALUE"""),"A-10") -> A-10 | F25: =IFERROR(__xludf.DUMMYFUNCTION("""COMPUTED_VALUE"""),3.0) -> 3 | G25: =IFERROR(__xludf.DUMMYFUNCTION("""COMPUTED_VALUE"""),"3 WUSTHO PUTRA") -> 3 WUSTHO PUTRA | H25: =IFERROR(__xludf.DUMMYFUNCTION("""COMPUTED_VALUE"""),"MA-XII.10") -> MA-XII.10 | I25: =IFERROR(__xludf.DUMMYFUNCTION("""COMPUTED_VALUE"""),"ISWATI") -> ISWATI | J25: =IFERROR(__xludf.DUMMYFUNCTION("""COMPUTED_VALUE"""),"WIDHE SENDANGHARJO RT 006 RW 001 BRONDONG LAMONGAN") -> WIDHE SENDANGHARJO RT 006 RW 001 BRONDONG LAMONGAN | K25: =IFERROR(__xludf.DUMMYFUNCTION("""COMPUTED_VALUE"""),"628585028102") -> 628585028102 | L25: =IFERROR(__xludf.DUMMYFUNCTION("""COMPUTED_VALUE"""),0.0) -> 0 | M25: =IFERROR(__xludf.DUMMYFUNCTION("""COMPUTED_VALUE"""),0.0) -> 0 | N25: =IFERROR(__xludf.DUMMYFUNCTION("""COMPUTED_VALUE"""),0.0) -> 0 | O25: =IFERROR(__xludf.DUMMYFUNCTION("""COMPUTED_VALUE"""),0.0) -> 0 | S25: =IFERROR(__xludf.DUMMYFUNCTION("""COMPUTED_VALUE"""),"Lunas") -> Lunas | T25: =TODAY() -> 46206 | U25: =IF(ISNA(vlookup(B25,DataExport!$D$2:$D$496,1,false)), "Belum", "Sudah") -> Belum
A26: =IF(B26="","",ROW(A26)-1) -> 25 | B26: =IFERROR(__xludf.DUMMYFUNCTION("""COMPUTED_VALUE"""),"CALLYSTA QOWIM AZ-ZAHRA") -> CALLYSTA QOWIM AZ-ZAHRA | C26: =IFERROR(__xludf.DUMMYFUNCTION("""COMPUTED_VALUE"""),2.024070489E9) -> 2024070489 | D26: =IFERROR(__xludf.DUMMYFUNCTION("""COMPUTED_VALUE"""),"C") -> C | E26: =IFERROR(__xludf.DUMMYFUNCTION("""COMPUTED_VALUE"""),"C-13") -> C-13 | F26: =IFERROR(__xludf.DUMMYFUNCTION("""COMPUTED_VALUE"""),3.0) -> 3 | G26: =IFERROR(__xludf.DUMMYFUNCTION("""COMPUTED_VALUE"""),"3 ULA A PUTRI") -> 3 ULA A PUTRI | H26: =IFERROR(__xludf.DUMMYFUNCTION("""COMPUTED_VALUE"""),"MTS-9 G") -> MTS-9 G | I26: =IFERROR(__xludf.DUMMYFUNCTION("""COMPUTED_VALUE"""),"NUR HIDAYATI") -> NUR HIDAYATI | J26: =IFERROR(__xludf.DUMMYFUNCTION("""COMPUTED_VALUE"""),"PAJI RT 002 RW 005 PUCUK LAMONGAN") -> PAJI RT 002 RW 005 PUCUK LAMONGAN | K26: =IFERROR(__xludf.DUMMYFUNCTION("""COMPUTED_VALUE"""),"2682131710998") -> 2682131710998 | L26: =IFERROR(__xludf.DUMMYFUNCTION("""COMPUTED_VALUE"""),0.0) -> 0 | M26: =IFERROR(__xludf.DUMMYFUNCTION("""COMPUTED_VALUE"""),0.0) -> 0 | N26: =IFERROR(__xludf.DUMMYFUNCTION("""COMPUTED_VALUE"""),0.0) -> 0 | O26: =IFERROR(__xludf.DUMMYFUNCTION("""COMPUTED_VALUE"""),0.0) -> 0 | S26: =IFERROR(__xludf.DUMMYFUNCTION("""COMPUTED_VALUE"""),"Lunas") -> Lunas | T26: =TODAY() -> 46206 | U26: =IF(ISNA(vlookup(B26,DataExport!$D$2:$D$496,1,false)), "Belum", "Sudah") -> Belum
A27: =IF(B27="","",ROW(A27)-1) -> 26 | B27: =IFERROR(__xludf.DUMMYFUNCTION("""COMPUTED_VALUE"""),"CANTIKA ASSYARIFIYAH") -> CANTIKA ASSYARIFIYAH | C27: =IFERROR(__xludf.DUMMYFUNCTION("""COMPUTED_VALUE"""),2.024070069E9) -> 2024070069 | D27: =IFERROR(__xludf.DUMMYFUNCTION("""COMPUTED_VALUE"""),"D") -> D | E27: =IFERROR(__xludf.DUMMYFUNCTION("""COMPUTED_VALUE"""),"D-6") -> D-6 | F27: =IFERROR(__xludf.DUMMYFUNCTION("""COMPUTED_VALUE"""),3.0) -> 3 | G27: =IFERROR(__xludf.DUMMYFUNCTION("""COMPUTED_VALUE"""),"3 WUSTHO C PUTRI") -> 3 WUSTHO C PUTRI | H27: =IFERROR(__xludf.DUMMYFUNCTION("""COMPUTED_VALUE"""),"MA-XII.3") -> MA-XII.3 | I27: =IFERROR(__xludf.DUMMYFUNCTION("""COMPUTED_VALUE"""),"SITI MARWIYA") -> SITI MARWIYA | J27: =IFERROR(__xludf.DUMMYFUNCTION("""COMPUTED_VALUE"""),"NGAMBEG RT 1 RW 1 PUCUK LAMONGAN") -> NGAMBEG RT 1 RW 1 PUCUK LAMONGAN | K27: =IFERROR(__xludf.DUMMYFUNCTION("""COMPUTED_VALUE"""),"6285706485182") -> 6285706485182 | L27: =IFERROR(__xludf.DUMMYFUNCTION("""COMPUTED_VALUE"""),0.0) -> 0 | M27: =IFERROR(__xludf.DUMMYFUNCTION("""COMPUTED_VALUE"""),0.0) -> 0 | N27: =IFERROR(__xludf.DUMMYFUNCTION("""COMPUTED_VALUE"""),0.0) -> 0 | O27: =IFERROR(__xludf.DUMMYFUNCTION("""COMPUTED_VALUE"""),0.0) -> 0 | S27: =IFERROR(__xludf.DUMMYFUNCTION("""COMPUTED_VALUE"""),"Lunas") -> Lunas | T27: =TODAY() -> 46206 | U27: =IF(ISNA(vlookup(B27,DataExport!$D$2:$D$496,1,false)), "Belum", "Sudah") -> Belum
A28: =IF(B28="","",ROW(A28)-1) -> 27 | B28: =IFERROR(__xludf.DUMMYFUNCTION("""COMPUTED_VALUE"""),"CELENA FEBRIANA") -> CELENA FEBRIANA | C28: =IFERROR(__xludf.DUMMYFUNCTION("""COMPUTED_VALUE"""),2.024070471E9) -> 2024070471 | D28: =IFERROR(__xludf.DUMMYFUNCTION("""COMPUTED_VALUE"""),"D") -> D | E28: =IFERROR(__xludf.DUMMYFUNCTION("""COMPUTED_VALUE"""),"D-4") -> D-4 | F28: =IFERROR(__xludf.DUMMYFUNCTION("""COMPUTED_VALUE"""),3.0) -> 3 | G28: =IFERROR(__xludf.DUMMYFUNCTION("""COMPUTED_VALUE"""),"3 ULA A PUTRI") -> 3 ULA A PUTRI | H28: =IFERROR(__xludf.DUMMYFUNCTION("""COMPUTED_VALUE"""),"MTS-9 C") -> MTS-9 C | I28: =IFERROR(__xludf.DUMMYFUNCTION("""COMPUTED_VALUE"""),"EKA FITRIANA") -> EKA FITRIANA | J28: =IFERROR(__xludf.DUMMYFUNCTION("""COMPUTED_VALUE"""),"KEBUN MANGGA TANGGUNGAN RT 003 RW 006 PUCUK LAMONGAN") -> KEBUN MANGGA TANGGUNGAN RT 003 RW 006 PUCUK LAMONGAN | K28: =IFERROR(__xludf.DUMMYFUNCTION("""COMPUTED_VALUE"""),"6285843744198") -> 6285843744198 | L28: =IFERROR(__xludf.DUMMYFUNCTION("""COMPUTED_VALUE"""),0.0) -> 0 | M28: =IFERROR(__xludf.DUMMYFUNCTION("""COMPUTED_VALUE"""),0.0) -> 0 | N28: =IFERROR(__xludf.DUMMYFUNCTION("""COMPUTED_VALUE"""),0.0) -> 0 | O28: =IFERROR(__xludf.DUMMYFUNCTION("""COMPUTED_VALUE"""),0.0) -> 0 | S28: =IFERROR(__xludf.DUMMYFUNCTION("""COMPUTED_VALUE"""),"Lunas") -> Lunas | T28: =TODAY() -> 46206 | U28: =IF(ISNA(vlookup(B28,DataExport!$D$2:$D$496,1,false)), "Belum", "Sudah") -> Belum
A29: =IF(B29="","",ROW(A29)-1) -> 28 | B29: =IFERROR(__xludf.DUMMYFUNCTION("""COMPUTED_VALUE"""),"CERLITA VANIA NUGRAHENI") -> CERLITA VANIA NUGRAHENI | C29: =IFERROR(__xludf.DUMMYFUNCTION("""COMPUTED_VALUE"""),2.024070107E9) -> 2024070107 | D29: =IFERROR(__xludf.DUMMYFUNCTION("""COMPUTED_VALUE"""),"C") -> C | E29: =IFERROR(__xludf.DUMMYFUNCTION("""COMPUTED_VALUE"""),"C-9") -> C-9 | F29: =IFERROR(__xludf.DUMMYFUNCTION("""COMPUTED_VALUE"""),3.0) -> 3 | H29: =IFERROR(__xludf.DUMMYFUNCTION("""COMPUTED_VALUE"""),"MA-XII.4") -> MA-XII.4 | I29: =IFERROR(__xludf.DUMMYFUNCTION("""COMPUTED_VALUE"""),"LILIS SUJIATI") -> LILIS SUJIATI | J29: =IFERROR(__xludf.DUMMYFUNCTION("""COMPUTED_VALUE"""),"KULURAN RT 004 RW 002 KALITENGAH LAMONGAN") -> KULURAN RT 004 RW 002 KALITENGAH LAMONGAN | K29: =IFERROR(__xludf.DUMMYFUNCTION("""COMPUTED_VALUE"""),"628563025554") -> 628563025554 | L29: =IFERROR(__xludf.DUMMYFUNCTION("""COMPUTED_VALUE"""),0.0) -> 0 | M29: =IFERROR(__xludf.DUMMYFUNCTION("""COMPUTED_VALUE"""),0.0) -> 0 | N29: =IFERROR(__xludf.DUMMYFUNCTION("""COMPUTED_VALUE"""),0.0) -> 0 | O29: =IFERROR(__xludf.DUMMYFUNCTION("""COMPUTED_VALUE"""),0.0) -> 0 | S29: =IFERROR(__xludf.DUMMYFUNCTION("""COMPUTED_VALUE"""),"Lunas") -> Lunas | T29: =TODAY() -> 46206 | U29: =IF(ISNA(vlookup(B29,DataExport!$D$2:$D$496,1,false)), "Belum", "Sudah") -> Belum
A30: =IF(B30="","",ROW(A30)-1) -> 29 | B30: =IFERROR(__xludf.DUMMYFUNCTION("""COMPUTED_VALUE"""),"CHARISA WANIDYA UTAMA HARTONO") -> CHARISA WANIDYA UTAMA HARTONO | C30: =IFERROR(__xludf.DUMMYFUNCTION("""COMPUTED_VALUE"""),2.024070476E9) -> 2024070476 | D30: =IFERROR(__xludf.DUMMYFUNCTION("""COMPUTED_VALUE"""),"E") -> E | E30: =IFERROR(__xludf.DUMMYFUNCTION("""COMPUTED_VALUE"""),"E-9") -> E-9 | F30: =IFERROR(__xludf.DUMMYFUNCTION("""COMPUTED_VALUE"""),3.0) -> 3 | G30: =IFERROR(__xludf.DUMMYFUNCTION("""COMPUTED_VALUE"""),"3 ULA A PUTRI") -> 3 ULA A PUTRI | H30: =IFERROR(__xludf.DUMMYFUNCTION("""COMPUTED_VALUE"""),"MTS-9 A") -> MTS-9 A | I30: =IFERROR(__xludf.DUMMYFUNCTION("""COMPUTED_VALUE"""),"AINUL ISNAENI") -> AINUL ISNAENI | J30: =IFERROR(__xludf.DUMMYFUNCTION("""COMPUTED_VALUE"""),"MULUNG KARANGTINGGIL RT 002 RW 001 PUCUK LAMONGAN") -> MULUNG KARANGTINGGIL RT 002 RW 001 PUCUK LAMONGAN | K30: =IFERROR(__xludf.DUMMYFUNCTION("""COMPUTED_VALUE"""),"6282234537281") -> 6282234537281 | L30: =IFERROR(__xludf.DUMMYFUNCTION("""COMPUTED_VALUE"""),0.0) -> 0 | M30: =IFERROR(__xludf.DUMMYFUNCTION("""COMPUTED_VALUE"""),0.0) -> 0 | N30: =IFERROR(__xludf.DUMMYFUNCTION("""COMPUTED_VALUE"""),0.0) -> 0 | O30: =IFERROR(__xludf.DUMMYFUNCTION("""COMPUTED_VALUE"""),0.0) -> 0 | S30: =IFERROR(__xludf.DUMMYFUNCTION("""COMPUTED_VALUE"""),"Lunas") -> Lunas | T30: =TODAY() -> 46206 | U30: =IF(ISNA(vlookup(B30,DataExport!$D$2:$D$496,1,false)), "Belum", "Sudah") -> Belum
A31: =IF(B31="","",ROW(A31)-1) -> 30 | B31: =IFERROR(__xludf.DUMMYFUNCTION("""COMPUTED_VALUE"""),"DIMAS ALFIAN SAPUTRA") -> DIMAS ALFIAN SAPUTRA | C31: =IFERROR(__xludf.DUMMYFUNCTION("""COMPUTED_VALUE"""),2.024070655E9) -> 2024070655 | D31: =IFERROR(__xludf.DUMMYFUNCTION("""COMPUTED_VALUE"""),"A") -> A | E31: =IFERROR(__xludf.DUMMYFUNCTION("""COMPUTED_VALUE"""),"A-7") -> A-7 | F31: =IFERROR(__xludf.DUMMYFUNCTION("""COMPUTED_VALUE"""),3.0) -> 3 | G31: =IFERROR(__xludf.DUMMYFUNCTION("""COMPUTED_VALUE"""),"3 ULA A PUTRA") -> 3 ULA A PUTRA | H31: =IFERROR(__xludf.DUMMYFUNCTION("""COMPUTED_VALUE"""),"MTS-9 F") -> MTS-9 F | I31: =IFERROR(__xludf.DUMMYFUNCTION("""COMPUTED_VALUE"""),"MAHZUMAH") -> MAHZUMAH | J31: =IFERROR(__xludf.DUMMYFUNCTION("""COMPUTED_VALUE"""),"WEDENG SUKOREJO RT 001 RW 002 KARANGBINANGUN LAMONGAN") -> WEDENG SUKOREJO RT 001 RW 002 KARANGBINANGUN LAMONGAN | K31: =IFERROR(__xludf.DUMMYFUNCTION("""COMPUTED_VALUE"""),"6285855732030") -> 6285855732030 | L31: =IFERROR(__xludf.DUMMYFUNCTION("""COMPUTED_VALUE"""),0.0) -> 0 | M31: =IFERROR(__xludf.DUMMYFUNCTION("""COMPUTED_VALUE"""),0.0) -> 0 | N31: =IFERROR(__xludf.DUMMYFUNCTION("""COMPUTED_VALUE"""),0.0) -> 0 | O31: =IFERROR(__xludf.DUMMYFUNCTION("""COMPUTED_VALUE"""),0.0) -> 0 | S31: =IFERROR(__xludf.DUMMYFUNCTION("""COMPUTED_VALUE"""),"Lunas") -> Lunas | T31: =TODAY() -> 46206 | U31: =IF(ISNA(vlookup(B31,DataExport!$D$2:$D$496,1,false)), "Belum", "Sudah") -> Belum
A32: =IF(B32="","",ROW(A32)-1) -> 31 | B32: =IFERROR(__xludf.DUMMYFUNCTION("""COMPUTED_VALUE"""),"DIMAS PRATAMA ARIYANTO") -> DIMAS PRATAMA ARIYANTO | C32: =IFERROR(__xludf.DUMMYFUNCTION("""COMPUTED_VALUE"""),2.024070444E9) -> 2024070444 | D32: =IFERROR(__xludf.DUMMYFUNCTION("""COMPUTED_VALUE"""),"A") -> A | E32: =IFERROR(__xludf.DUMMYFUNCTION("""COMPUTED_VALUE"""),"A-8") -> A-8 | F32: =IFERROR(__xludf.DUMMYFUNCTION("""COMPUTED_VALUE"""),3.0) -> 3 | G32: =IFERROR(__xludf.DUMMYFUNCTION("""COMPUTED_VALUE"""),"3 ULA A PUTRA") -> 3 ULA A PUTRA | H32: =IFERROR(__xludf.DUMMYFUNCTION("""COMPUTED_VALUE"""),"MTS-9 E") -> MTS-9 E | I32: =IFERROR(__xludf.DUMMYFUNCTION("""COMPUTED_VALUE"""),"YAYUK ERNAWATI") -> YAYUK ERNAWATI | J32: =IFERROR(__xludf.DUMMYFUNCTION("""COMPUTED_VALUE"""),"SUKOWATI SUKOSONGO RT 017 RW 008 KEMBANGBAHU LAMONGAN") -> SUKOWATI SUKOSONGO RT 017 RW 008 KEMBANGBAHU LAMONGAN | K32: =IFERROR(__xludf.DUMMYFUNCTION("""COMPUTED_VALUE"""),"6281515026997") -> 6281515026997 | L32: =IFERROR(__xludf.DUMMYFUNCTION("""COMPUTED_VALUE"""),0.0) -> 0 | M32: =IFERROR(__xludf.DUMMYFUNCTION("""COMPUTED_VALUE"""),0.0) -> 0 | N32: =IFERROR(__xludf.DUMMYFUNCTION("""COMPUTED_VALUE"""),0.0) -> 0 | O32: =IFERROR(__xludf.DUMMYFUNCTION("""COMPUTED_VALUE"""),0.0) -> 0 | S32: =IFERROR(__xludf.DUMMYFUNCTION("""COMPUTED_VALUE"""),"Lunas") -> Lunas | T32: =TODAY() -> 46206 | U32: =IF(ISNA(vlookup(B32,DataExport!$D$2:$D$496,1,false)), "Belum", "Sudah") -> Belum
A33: =IF(B33="","",ROW(A33)-1) -> 32 | B33: =IFERROR(__xludf.DUMMYFUNCTION("""COMPUTED_VALUE"""),"DINDA FAIZIRAH ZAHROTUS SITA") -> DINDA FAIZIRAH ZAHROTUS SITA | C33: =IFERROR(__xludf.DUMMYFUNCTION("""COMPUTED_VALUE"""),2.024070005E9) -> 2024070005 | D33: =IFERROR(__xludf.DUMMYFUNCTION("""COMPUTED_VALUE"""),"D") -> D | E33: =IFERROR(__xludf.DUMMYFUNCTION("""COMPUTED_VALUE"""),"D-7") -> D-7 | F33: =IFERROR(__xludf.DUMMYFUNCTION("""COMPUTED_VALUE"""),3.0) -> 3 | H33: =IFERROR(__xludf.DUMMYFUNCTION("""COMPUTED_VALUE"""),"MA-XII.1") -> MA-XII.1 | I33: =IFERROR(__xludf.DUMMYFUNCTION("""COMPUTED_VALUE"""),"WIWIN WINARTIN") -> WIWIN WINARTIN | J33: =IFERROR(__xludf.DUMMYFUNCTION("""COMPUTED_VALUE"""),"SUNGELEBAK RT 5 RW 2 KARANGGENENG LAMONGAN") -> SUNGELEBAK RT 5 RW 2 KARANGGENENG LAMONGAN | K33: =IFERROR(__xludf.DUMMYFUNCTION("""COMPUTED_VALUE"""),"628563468694") -> 628563468694 | L33: =IFERROR(__xludf.DUMMYFUNCTION("""COMPUTED_VALUE"""),0.0) -> 0 | M33: =IFERROR(__xludf.DUMMYFUNCTION("""COMPUTED_VALUE"""),0.0) -> 0 | N33: =IFERROR(__xludf.DUMMYFUNCTION("""COMPUTED_VALUE"""),0.0) -> 0 | O33: =IFERROR(__xludf.DUMMYFUNCTION("""COMPUTED_VALUE"""),0.0) -> 0 | S33: =IFERROR(__xludf.DUMMYFUNCTION("""COMPUTED_VALUE"""),"Lunas") -> Lunas | T33: =TODAY() -> 46206 | U33: =IF(ISNA(vlookup(B33,DataExport!$D$2:$D$496,1,false)), "Belum", "Sudah") -> Belum
A34: =IF(B34="","",ROW(A34)-1) -> 33 | B34: =IFERROR(__xludf.DUMMYFUNCTION("""COMPUTED_VALUE"""),"DZUN NUHA MAHMUDAH") -> DZUN NUHA MAHMUDAH | C34: =IFERROR(__xludf.DUMMYFUNCTION("""COMPUTED_VALUE"""),2.024070042E9) -> 2024070042 | D34: =IFERROR(__xludf.DUMMYFUNCTION("""COMPUTED_VALUE"""),"B") -> B | F34: =IFERROR(__xludf.DUMMYFUNCTION("""COMPUTED_VALUE"""),3.0) -> 3 | G34: =IFERROR(__xludf.DUMMYFUNCTION("""COMPUTED_VALUE"""),"3 WUSTHO B PUTRI") -> 3 WUSTHO B PUTRI | H34: =IFERROR(__xludf.DUMMYFUNCTION("""COMPUTED_VALUE"""),"MA-XII.2") -> MA-XII.2 | I34: =IFERROR(__xludf.DUMMYFUNCTION("""COMPUTED_VALUE"""),"SRIATUN") -> SRIATUN | J34: =IFERROR(__xludf.DUMMYFUNCTION("""COMPUTED_VALUE"""),"MENGAI SUKOREJO RT 2 RW 5 KARANGBINANGUN LAMONGAN") -> MENGAI SUKOREJO RT 2 RW 5 KARANGBINANGUN LAMONGAN | K34: =IFERROR(__xludf.DUMMYFUNCTION("""COMPUTED_VALUE"""),"6285604191924") -> 6285604191924 | L34: =IFERROR(__xludf.DUMMYFUNCTION("""COMPUTED_VALUE"""),0.0) -> 0 | M34: =IFERROR(__xludf.DUMMYFUNCTION("""COMPUTED_VALUE"""),0.0) -> 0 | N34: =IFERROR(__xludf.DUMMYFUNCTION("""COMPUTED_VALUE"""),0.0) -> 0 | O34: =IFERROR(__xludf.DUMMYFUNCTION("""COMPUTED_VALUE"""),0.0) -> 0 | S34: =IFERROR(__xludf.DUMMYFUNCTION("""COMPUTED_VALUE"""),"Lunas") -> Lunas | T34: =TODAY() -> 46206 | U34: =IF(ISNA(vlookup(B34,DataExport!$D$2:$D$496,1,false)), "Belum", "Sudah") -> Belum
A35: =IF(B35="","",ROW(A35)-1) -> 34 | B35: =IFERROR(__xludf.DUMMYFUNCTION("""COMPUTED_VALUE"""),"ELZA AMELIA FIRDA") -> ELZA AMELIA FIRDA | C35: =IFERROR(__xludf.DUMMYFUNCTION("""COMPUTED_VALUE"""),2.024071523E9) -> 2024071523 | D35: =IFERROR(__xludf.DUMMYFUNCTION("""COMPUTED_VALUE"""),"D") -> D | E35: =IFERROR(__xludf.DUMMYFUNCTION("""COMPUTED_VALUE"""),"D-7") -> D-7 | F35: =IFERROR(__xludf.DUMMYFUNCTION("""COMPUTED_VALUE"""),3.0) -> 3 | G35: =IFERROR(__xludf.DUMMYFUNCTION("""COMPUTED_VALUE"""),"3 ULA C PUTRI") -> 3 ULA C PUTRI | H35: =IFERROR(__xludf.DUMMYFUNCTION("""COMPUTED_VALUE"""),"MTS-9 A") -> MTS-9 A | I35: =IFERROR(__xludf.DUMMYFUNCTION("""COMPUTED_VALUE"""),"RUKAMAH") -> RUKAMAH | J35: =IFERROR(__xludf.DUMMYFUNCTION("""COMPUTED_VALUE"""),"SUNGELEBAK RT 014 RW 004 KARANGGENENG LAMONGAN") -> SUNGELEBAK RT 014 RW 004 KARANGGENENG LAMONGAN | K35: =IFERROR(__xludf.DUMMYFUNCTION("""COMPUTED_VALUE"""),"6285749766177") -> 6285749766177 | L35: =IFERROR(__xludf.DUMMYFUNCTION("""COMPUTED_VALUE"""),0.0) -> 0 | M35: =IFERROR(__xludf.DUMMYFUNCTION("""COMPUTED_VALUE"""),0.0) -> 0 | N35: =IFERROR(__xludf.DUMMYFUNCTION("""COMPUTED_VALUE"""),0.0) -> 0 | O35: =IFERROR(__xludf.DUMMYFUNCTION("""COMPUTED_VALUE"""),0.0) -> 0 | S35: =IFERROR(__xludf.DUMMYFUNCTION("""COMPUTED_VALUE"""),"Lunas") -> Lunas | T35: =TODAY() -> 46206 | U35: =IF(ISNA(vlookup(B35,DataExport!$D$2:$D$496,1,false)), "Belum", "Sudah") -> Belum
A36: =IF(B36="","",ROW(A36)-1) -> 35 | B36: =IFERROR(__xludf.DUMMYFUNCTION("""COMPUTED_VALUE"""),"EZZAR RADITYA PUTRA RAMADHAN") -> EZZAR RADITYA PUTRA RAMADHAN | C36: =IFERROR(__xludf.DUMMYFUNCTION("""COMPUTED_VALUE"""),2.024070639E9) -> 2024070639 | D36: =IFERROR(__xludf.DUMMYFUNCTION("""COMPUTED_VALUE"""),"A") -> A | E36: =IFERROR(__xludf.DUMMYFUNCTION("""COMPUTED_VALUE"""),"A-8") -> A-8 | F36: =IFERROR(__xludf.DUMMYFUNCTION("""COMPUTED_VALUE"""),3.0) -> 3 | G36: =IFERROR(__xludf.DUMMYFUNCTION("""COMPUTED_VALUE"""),"3 ULA A PUTRA") -> 3 ULA A PUTRA | H36: =IFERROR(__xludf.DUMMYFUNCTION("""COMPUTED_VALUE"""),"MTS-9 B") -> MTS-9 B | I36: =IFERROR(__xludf.DUMMYFUNCTION("""COMPUTED_VALUE"""),"NUR AINI") -> NUR AINI | J36: =IFERROR(__xludf.DUMMYFUNCTION("""COMPUTED_VALUE"""),"PUCANGRO RT 002 RW 001 KALITENGAH LAMONGAN") -> PUCANGRO RT 002 RW 001 KALITENGAH LAMONGAN | K36: =IFERROR(__xludf.DUMMYFUNCTION("""COMPUTED_VALUE"""),"6285707124359") -> 6285707124359 | L36: =IFERROR(__xludf.DUMMYFUNCTION("""COMPUTED_VALUE"""),0.0) -> 0 | M36: =IFERROR(__xludf.DUMMYFUNCTION("""COMPUTED_VALUE"""),0.0) -> 0 | N36: =IFERROR(__xludf.DUMMYFUNCTION("""COMPUTED_VALUE"""),0.0) -> 0 | O36: =IFERROR(__xludf.DUMMYFUNCTION("""COMPUTED_VALUE"""),0.0) -> 0 | S36: =IFERROR(__xludf.DUMMYFUNCTION("""COMPUTED_VALUE"""),"Lunas") -> Lunas | T36: =TODAY() -> 46206 | U36: =IF(ISNA(vlookup(B36,DataExport!$D$2:$D$496,1,false)), "Belum", "Sudah") -> Belum
A37: =IF(B37="","",ROW(A37)-1) -> 36 | B37: =IFERROR(__xludf.DUMMYFUNCTION("""COMPUTED_VALUE"""),"FAHDINA ZAHRA RAMADHANI") -> FAHDINA ZAHRA RAMADHANI | C37: =IFERROR(__xludf.DUMMYFUNCTION("""COMPUTED_VALUE"""),2.024070514E9) -> 2024070514 | D37: =IFERROR(__xludf.DUMMYFUNCTION("""COMPUTED_VALUE"""),"B") -> B | E37: =IFERROR(__xludf.DUMMYFUNCTION("""COMPUTED_VALUE"""),"B-9") -> B-9 | F37: =IFERROR(__xludf.DUMMYFUNCTION("""COMPUTED_VALUE"""),3.0) -> 3 | G37: =IFERROR(__xludf.DUMMYFUNCTION("""COMPUTED_VALUE"""),"3 ULA B PUTRI") -> 3 ULA B PUTRI | H37: =IFERROR(__xludf.DUMMYFUNCTION("""COMPUTED_VALUE"""),"MTS-9 C") -> MTS-9 C | I37: =IFERROR(__xludf.DUMMYFUNCTION("""COMPUTED_VALUE"""),"DEFI NUR CHUSAINI") -> DEFI NUR CHUSAINI | J37: =IFERROR(__xludf.DUMMYFUNCTION("""COMPUTED_VALUE"""),"SIDOMULYO RT 004 RW 003 DEKET LAMONGAN") -> SIDOMULYO RT 004 RW 003 DEKET LAMONGAN | K37: =IFERROR(__xludf.DUMMYFUNCTION("""COMPUTED_VALUE"""),"6285748441057") -> 6285748441057 | L37: =IFERROR(__xludf.DUMMYFUNCTION("""COMPUTED_VALUE"""),0.0) -> 0 | M37: =IFERROR(__xludf.DUMMYFUNCTION("""COMPUTED_VALUE"""),0.0) -> 0 | N37: =IFERROR(__xludf.DUMMYFUNCTION("""COMPUTED_VALUE"""),0.0) -> 0 | O37: =IFERROR(__xludf.DUMMYFUNCTION("""COMPUTED_VALUE"""),0.0) -> 0 | S37: =IFERROR(__xludf.DUMMYFUNCTION("""COMPUTED_VALUE"""),"Lunas") -> Lunas | T37: =TODAY() -> 46206 | U37: =IF(ISNA(vlookup(B37,DataExport!$D$2:$D$496,1,false)), "Belum", "Sudah") -> Belum
A38: =IF(B38="","",ROW(A38)-1) -> 37 | B38: =IFERROR(__xludf.DUMMYFUNCTION("""COMPUTED_VALUE"""),"FARIKHTA RAMADHANI RIDWAN") -> FARIKHTA RAMADHANI RIDWAN | C38: =IFERROR(__xludf.DUMMYFUNCTION("""COMPUTED_VALUE"""),2.024070043E9) -> 2024070043 | D38: =IFERROR(__xludf.DUMMYFUNCTION("""COMPUTED_VALUE"""),"C") -> C | E38: =IFERROR(__xludf.DUMMYFUNCTION("""COMPUTED_VALUE"""),"C-8") -> C-8 | F38: =IFERROR(__xludf.DUMMYFUNCTION("""COMPUTED_VALUE"""),3.0) -> 3 | H38: =IFERROR(__xludf.DUMMYFUNCTION("""COMPUTED_VALUE"""),"MA-XII.2") -> MA-XII.2 | I38: =IFERROR(__xludf.DUMMYFUNCTION("""COMPUTED_VALUE"""),"YENI KHUSNIYAH") -> YENI KHUSNIYAH | J38: =IFERROR(__xludf.DUMMYFUNCTION("""COMPUTED_VALUE"""),"PEGANDEN PALACE PEGANDEN RT 3 RW 7 MANYAR GRESIK") -> PEGANDEN PALACE PEGANDEN RT 3 RW 7 MANYAR GRESIK | K38: =IFERROR(__xludf.DUMMYFUNCTION("""COMPUTED_VALUE"""),"6283856686322") -> 6283856686322 | L38: =IFERROR(__xludf.DUMMYFUNCTION("""COMPUTED_VALUE"""),0.0) -> 0 | M38: =IFERROR(__xludf.DUMMYFUNCTION("""COMPUTED_VALUE"""),0.0) -> 0 | N38: =IFERROR(__xludf.DUMMYFUNCTION("""COMPUTED_VALUE"""),0.0) -> 0 | O38: =IFERROR(__xludf.DUMMYFUNCTION("""COMPUTED_VALUE"""),0.0) -> 0 | S38: =IFERROR(__xludf.DUMMYFUNCTION("""COMPUTED_VALUE"""),"Lunas") -> Lunas | T38: =TODAY() -> 46206 | U38: =IF(ISNA(vlookup(B38,DataExport!$D$2:$D$496,1,false)), "Belum", "Sudah") -> Belum
A39: =IF(B39="","",ROW(A39)-1) -> 38 | B39: =IFERROR(__xludf.DUMMYFUNCTION("""COMPUTED_VALUE"""),"FATHIMAH ANNAJWA") -> FATHIMAH ANNAJWA | C39: =IFERROR(__xludf.DUMMYFUNCTION("""COMPUTED_VALUE"""),2.02407042E9) -> 2024070420 | D39: =IFERROR(__xludf.DUMMYFUNCTION("""COMPUTED_VALUE"""),"C") -> C | E39: =IFERROR(__xludf.DUMMYFUNCTION("""COMPUTED_VALUE"""),"C-7") -> C-7 | F39: =IFERROR(__xludf.DUMMYFUNCTION("""COMPUTED_VALUE"""),3.0) -> 3 | G39: =IFERROR(__xludf.DUMMYFUNCTION("""COMPUTED_VALUE"""),"3 MAK PUTRI") -> 3 MAK PUTRI | H39: =IFERROR(__xludf.DUMMYFUNCTION("""COMPUTED_VALUE"""),"MA-XII.13") -> MA-XII.13 | I39: =IFERROR(__xludf.DUMMYFUNCTION("""COMPUTED_VALUE"""),"MARIYATUL QIBTIYAH") -> MARIYATUL QIBTIYAH | J39: =IFERROR(__xludf.DUMMYFUNCTION("""COMPUTED_VALUE"""),"TAMBAKREJO RT 005 RW 001 DUDUK SAMPEYAN GRESIK") -> TAMBAKREJO RT 005 RW 001 DUDUK SAMPEYAN GRESIK | K39: =IFERROR(__xludf.DUMMYFUNCTION("""COMPUTED_VALUE"""),"6282132397918") -> 6282132397918 | L39: =IFERROR(__xludf.DUMMYFUNCTION("""COMPUTED_VALUE"""),0.0) -> 0 | M39: =IFERROR(__xludf.DUMMYFUNCTION("""COMPUTED_VALUE"""),0.0) -> 0 | N39: =IFERROR(__xludf.DUMMYFUNCTION("""COMPUTED_VALUE"""),0.0) -> 0 | O39: =IFERROR(__xludf.DUMMYFUNCTION("""COMPUTED_VALUE"""),0.0) -> 0 | S39: =IFERROR(__xludf.DUMMYFUNCTION("""COMPUTED_VALUE"""),"Lunas") -> Lunas | T39: =TODAY() -> 46206 | U39: =IF(ISNA(vlookup(B39,DataExport!$D$2:$D$496,1,false)), "Belum", "Sudah") -> Belum
A40: =IF(B40="","",ROW(A40)-1) -> 39 | B40: =IFERROR(__xludf.DUMMYFUNCTION("""COMPUTED_VALUE"""),"FITHRIYATUL MAULIDAH") -> FITHRIYATUL MAULIDAH | C40: =IFERROR(__xludf.DUMMYFUNCTION("""COMPUTED_VALUE"""),2.024070546E9) -> 2024070546 | D40: =IFERROR(__xludf.DUMMYFUNCTION("""COMPUTED_VALUE"""),"E") -> E | E40: =IFERROR(__xludf.DUMMYFUNCTION("""COMPUTED_VALUE"""),"E-3") -> E-3 | F40: =IFERROR(__xludf.DUMMYFUNCTION("""COMPUTED_VALUE"""),3.0) -> 3 | G40: =IFERROR(__xludf.DUMMYFUNCTION("""COMPUTED_VALUE"""),"3 ULA B PUTRI") -> 3 ULA B PUTRI | H40: =IFERROR(__xludf.DUMMYFUNCTION("""COMPUTED_VALUE"""),"MTS-9 H") -> MTS-9 H | I40: =IFERROR(__xludf.DUMMYFUNCTION("""COMPUTED_VALUE"""),"MAHWIYAH") -> MAHWIYAH | J40: =IFERROR(__xludf.DUMMYFUNCTION("""COMPUTED_VALUE"""),"KALIREJO RT 003 RW 002 DUKUN GRESIK") -> KALIREJO RT 003 RW 002 DUKUN GRESIK | K40: =IFERROR(__xludf.DUMMYFUNCTION("""COMPUTED_VALUE"""),"6282257167881") -> 6282257167881 | L40: =IFERROR(__xludf.DUMMYFUNCTION("""COMPUTED_VALUE"""),0.0) -> 0 | M40: =IFERROR(__xludf.DUMMYFUNCTION("""COMPUTED_VALUE"""),0.0) -> 0 | N40: =IFERROR(__xludf.DUMMYFUNCTION("""COMPUTED_VALUE"""),0.0) -> 0 | O40: =IFERROR(__xludf.DUMMYFUNCTION("""COMPUTED_VALUE"""),0.0) -> 0 | S40: =IFERROR(__xludf.DUMMYFUNCTION("""COMPUTED_VALUE"""),"Lunas") -> Lunas | T40: =TODAY() -> 46206 | U40: =IF(ISNA(vlookup(B40,DataExport!$D$2:$D$496,1,false)), "Belum", "Sudah") -> Belum
A41: =IF(B41="","",ROW(A41)-1) -> 40 | B41: =IFERROR(__xludf.DUMMYFUNCTION("""COMPUTED_VALUE"""),"HABIBAH AQILAH RAMADHONI") -> HABIBAH AQILAH RAMADHONI | C41: =IFERROR(__xludf.DUMMYFUNCTION("""COMPUTED_VALUE"""),2.024070459E9) -> 2024070459 | D41: =IFERROR(__xludf.DUMMYFUNCTION("""COMPUTED_VALUE"""),"E") -> E | E41: =IFERROR(__xludf.DUMMYFUNCTION("""COMPUTED_VALUE"""),"E-3") -> E-3 | F41: =IFERROR(__xludf.DUMMYFUNCTION("""COMPUTED_VALUE"""),3.0) -> 3 | G41: =IFERROR(__xludf.DUMMYFUNCTION("""COMPUTED_VALUE"""),"3 ULA C PUTRI") -> 3 ULA C PUTRI | H41: =IFERROR(__xludf.DUMMYFUNCTION("""COMPUTED_VALUE"""),"MTS-9 H") -> MTS-9 H | I41: =IFERROR(__xludf.DUMMYFUNCTION("""COMPUTED_VALUE"""),"KHOLIFATUS SA'DIYAH") -> KHOLIFATUS SA'DIYAH | J41: =IFERROR(__xludf.DUMMYFUNCTION("""COMPUTED_VALUE"""),"PENGANGSALAN RT 002 RW 002 KALITENGAH LAMONGAN") -> PENGANGSALAN RT 002 RW 002 KALITENGAH LAMONGAN | K41: =IFERROR(__xludf.DUMMYFUNCTION("""COMPUTED_VALUE"""),"6285732806511") -> 6285732806511 | L41: =IFERROR(__xludf.DUMMYFUNCTION("""COMPUTED_VALUE"""),0.0) -> 0 | M41: =IFERROR(__xludf.DUMMYFUNCTION("""COMPUTED_VALUE"""),0.0) -> 0 | N41: =IFERROR(__xludf.DUMMYFUNCTION("""COMPUTED_VALUE"""),0.0) -> 0 | O41: =IFERROR(__xludf.DUMMYFUNCTION("""COMPUTED_VALUE"""),0.0) -> 0 | S41: =IFERROR(__xludf.DUMMYFUNCTION("""COMPUTED_VALUE"""),"Lunas") -> Lunas | T41: =TODAY() -> 46206 | U41: =IF(ISNA(vlookup(B41,DataExport!$D$2:$D$496,1,false)), "Belum", "Sudah") -> Belum
A42: =IF(B42="","",ROW(A42)-1) -> 41 | B42: =IFERROR(__xludf.DUMMYFUNCTION("""COMPUTED_VALUE"""),"HANUM CHARISSA AZZAHRA") -> HANUM CHARISSA AZZAHRA | C42: =IFERROR(__xludf.DUMMYFUNCTION("""COMPUTED_VALUE"""),2.024070423E9) -> 2024070423 | D42: =IFERROR(__xludf.DUMMYFUNCTION("""COMPUTED_VALUE"""),"C") -> C | E42: =IFERROR(__xludf.DUMMYFUNCTION("""COMPUTED_VALUE"""),"C-7") -> C-7 | F42: =IFERROR(__xludf.DUMMYFUNCTION("""COMPUTED_VALUE"""),3.0) -> 3 | G42: =IFERROR(__xludf.DUMMYFUNCTION("""COMPUTED_VALUE"""),"3 MAK PUTRI") -> 3 MAK PUTRI | H42: =IFERROR(__xludf.DUMMYFUNCTION("""COMPUTED_VALUE"""),"MA-XII.13") -> MA-XII.13 | I42: =IFERROR(__xludf.DUMMYFUNCTION("""COMPUTED_VALUE"""),"AMILLATUL AZIZAH") -> AMILLATUL AZIZAH | J42: =IFERROR(__xludf.DUMMYFUNCTION("""COMPUTED_VALUE"""),"KACANGAN RT 003 RW 001 MODO LAMONGAN") -> KACANGAN RT 003 RW 001 MODO LAMONGAN | K42: =IFERROR(__xludf.DUMMYFUNCTION("""COMPUTED_VALUE"""),"6285708040713") -> 6285708040713 | L42: =IFERROR(__xludf.DUMMYFUNCTION("""COMPUTED_VALUE"""),0.0) -> 0 | M42: =IFERROR(__xludf.DUMMYFUNCTION("""COMPUTED_VALUE"""),0.0) -> 0 | N42: =IFERROR(__xludf.DUMMYFUNCTION("""COMPUTED_VALUE"""),0.0) -> 0 | O42: =IFERROR(__xludf.DUMMYFUNCTION("""COMPUTED_VALUE"""),0.0) -> 0 | S42: =IFERROR(__xludf.DUMMYFUNCTION("""COMPUTED_VALUE"""),"Lunas") -> Lunas | T42: =TODAY() -> 46206 | U42: =IF(ISNA(vlookup(B42,DataExport!$D$2:$D$496,1,false)), "Belum", "Sudah") -> Belum
A43: =IF(B43="","",ROW(A43)-1) -> 42 | B43: =IFERROR(__xludf.DUMMYFUNCTION("""COMPUTED_VALUE"""),"HARISATUL MAWADDAH") -> HARISATUL MAWADDAH | C43: =IFERROR(__xludf.DUMMYFUNCTION("""COMPUTED_VALUE"""),2.024070155E9) -> 2024070155 | D43: =IFERROR(__xludf.DUMMYFUNCTION("""COMPUTED_VALUE"""),"D") -> D | E43: =IFERROR(__xludf.DUMMYFUNCTION("""COMPUTED_VALUE"""),"D-7") -> D-7 | F43: =IFERROR(__xludf.DUMMYFUNCTION("""COMPUTED_VALUE"""),3.0) -> 3 | G43: =IFERROR(__xludf.DUMMYFUNCTION("""COMPUTED_VALUE"""),"3 WUSTHO C PUTRI") -> 3 WUSTHO C PUTRI | H43: =IFERROR(__xludf.DUMMYFUNCTION("""COMPUTED_VALUE"""),"MA-XII.7") -> MA-XII.7 | I43: =IFERROR(__xludf.DUMMYFUNCTION("""COMPUTED_VALUE"""),"KISWATI") -> KISWATI | J43: =IFERROR(__xludf.DUMMYFUNCTION("""COMPUTED_VALUE"""),"KARANGTAWAR RT 3 RW 2 LAREN LAMONGAN") -> KARANGTAWAR RT 3 RW 2 LAREN LAMONGAN | K43: =IFERROR(__xludf.DUMMYFUNCTION("""COMPUTED_VALUE"""),"62857784061518") -> 62857784061518 | L43: =IFERROR(__xludf.DUMMYFUNCTION("""COMPUTED_VALUE"""),0.0) -> 0 | M43: =IFERROR(__xludf.DUMMYFUNCTION("""COMPUTED_VALUE"""),0.0) -> 0 | N43: =IFERROR(__xludf.DUMMYFUNCTION("""COMPUTED_VALUE"""),0.0) -> 0 | O43: =IFERROR(__xludf.DUMMYFUNCTION("""COMPUTED_VALUE"""),0.0) -> 0 | S43: =IFERROR(__xludf.DUMMYFUNCTION("""COMPUTED_VALUE"""),"Lunas") -> Lunas | T43: =TODAY() -> 46206 | U43: =IF(ISNA(vlookup(B43,DataExport!$D$2:$D$496,1,false)), "Belum", "Sudah") -> Belum
A44: =IF(B44="","",ROW(A44)-1) -> 43 | B44: =IFERROR(__xludf.DUMMYFUNCTION("""COMPUTED_VALUE"""),"HERAWATI ANGGRAINI") -> HERAWATI ANGGRAINI | C44: =IFERROR(__xludf.DUMMYFUNCTION("""COMPUTED_VALUE"""),2.024070228E9) -> 2024070228 | D44: =IFERROR(__xludf.DUMMYFUNCTION("""COMPUTED_VALUE"""),"C") -> C | E44: =IFERROR(__xludf.DUMMYFUNCTION("""COMPUTED_VALUE"""),"C-9") -> C-9 | F44: =IFERROR(__xludf.DUMMYFUNCTION("""COMPUTED_VALUE"""),3.0) -> 3 | G44: =IFERROR(__xludf.DUMMYFUNCTION("""COMPUTED_VALUE"""),"3 WUSTHO C PUTRI") -> 3 WUSTHO C PUTRI | H44: =IFERROR(__xludf.DUMMYFUNCTION("""COMPUTED_VALUE"""),"MA-XII.6") -> MA-XII.6 | I44: =IFERROR(__xludf.DUMMYFUNCTION("""COMPUTED_VALUE"""),"ZUNI INDRIANA") -> ZUNI INDRIANA | J44: =IFERROR(__xludf.DUMMYFUNCTION("""COMPUTED_VALUE"""),"KADUNG KADUNGREMBUG RT 001 RW 003 SUKODADI LAMONGAN") -> KADUNG KADUNGREMBUG RT 001 RW 003 SUKODADI LAMONGAN | K44: =IFERROR(__xludf.DUMMYFUNCTION("""COMPUTED_VALUE"""),"6285708807835") -> 6285708807835 | L44: =IFERROR(__xludf.DUMMYFUNCTION("""COMPUTED_VALUE"""),0.0) -> 0 | M44: =IFERROR(__xludf.DUMMYFUNCTION("""COMPUTED_VALUE"""),0.0) -> 0 | N44: =IFERROR(__xludf.DUMMYFUNCTION("""COMPUTED_VALUE"""),0.0) -> 0 | O44: =IFERROR(__xludf.DUMMYFUNCTION("""COMPUTED_VALUE"""),0.0) -> 0 | S44: =IFERROR(__xludf.DUMMYFUNCTION("""COMPUTED_VALUE"""),"Lunas") -> Lunas | T44: =TODAY() -> 46206 | U44: =IF(ISNA(vlookup(B44,DataExport!$D$2:$D$496,1,false)), "Belum", "Sudah") -> Belum
A45: =IF(B45="","",ROW(A45)-1) -> 44 | B45: =IFERROR(__xludf.DUMMYFUNCTION("""COMPUTED_VALUE"""),"HUMAIRA AISH FAIHA") -> HUMAIRA AISH FAIHA | C45: =IFERROR(__xludf.DUMMYFUNCTION("""COMPUTED_VALUE"""),2.024070009E9) -> 2024070009 | D45: =IFERROR(__xludf.DUMMYFUNCTION("""COMPUTED_VALUE"""),"C") -> C | E45: =IFERROR(__xludf.DUMMYFUNCTION("""COMPUTED_VALUE"""),"C-2") -> C-2 | F45: =IFERROR(__xludf.DUMMYFUNCTION("""COMPUTED_VALUE"""),3.0) -> 3 | H45: =IFERROR(__xludf.DUMMYFUNCTION("""COMPUTED_VALUE"""),"MA-XII.1") -> MA-XII.1 | I45: =IFERROR(__xludf.DUMMYFUNCTION("""COMPUTED_VALUE"""),"SITI MUTIAH") -> SITI MUTIAH | J45: =IFERROR(__xludf.DUMMYFUNCTION("""COMPUTED_VALUE"""),"GLATIK RT 010 RW 003 UJUNGPANGKAH GRESIK") -> GLATIK RT 010 RW 003 UJUNGPANGKAH GRESIK | K45: =IFERROR(__xludf.DUMMYFUNCTION("""COMPUTED_VALUE"""),"62859185949449") -> 62859185949449 | L45: =IFERROR(__xludf.DUMMYFUNCTION("""COMPUTED_VALUE"""),0.0) -> 0 | M45: =IFERROR(__xludf.DUMMYFUNCTION("""COMPUTED_VALUE"""),0.0) -> 0 | N45: =IFERROR(__xludf.DUMMYFUNCTION("""COMPUTED_VALUE"""),0.0) -> 0 | O45: =IFERROR(__xludf.DUMMYFUNCTION("""COMPUTED_VALUE"""),0.0) -> 0 | S45: =IFERROR(__xludf.DUMMYFUNCTION("""COMPUTED_VALUE"""),"Lunas") -> Lunas | T45: =TODAY() -> 46206 | U45: =IF(ISNA(vlookup(B45,DataExport!$D$2:$D$496,1,false)), "Belum", "Sudah") -> Belum
A46: =IF(B46="","",ROW(A46)-1) -> 45 | B46: =IFERROR(__xludf.DUMMYFUNCTION("""COMPUTED_VALUE"""),"ICHDA MAYLA ACHSANI") -> ICHDA MAYLA ACHSANI | C46: =IFERROR(__xludf.DUMMYFUNCTION("""COMPUTED_VALUE"""),2.02407053E9) -> 2024070530 | D46: =IFERROR(__xludf.DUMMYFUNCTION("""COMPUTED_VALUE"""),"D") -> D | E46: =IFERROR(__xludf.DUMMYFUNCTION("""COMPUTED_VALUE"""),"D-7") -> D-7 | F46: =IFERROR(__xludf.DUMMYFUNCTION("""COMPUTED_VALUE"""),3.0) -> 3 | G46: =IFERROR(__xludf.DUMMYFUNCTION("""COMPUTED_VALUE"""),"3 ULA B PUTRI") -> 3 ULA B PUTRI | H46: =IFERROR(__xludf.DUMMYFUNCTION("""COMPUTED_VALUE"""),"MTS-9 B") -> MTS-9 B | I46: =IFERROR(__xludf.DUMMYFUNCTION("""COMPUTED_VALUE"""),"KHOMSATUN") -> KHOMSATUN | J46: =IFERROR(__xludf.DUMMYFUNCTION("""COMPUTED_VALUE"""),"KARANGCANGKRING RT 006 RW 003 DUKUN GRESIK") -> KARANGCANGKRING RT 006 RW 003 DUKUN GRESIK | K46: =IFERROR(__xludf.DUMMYFUNCTION("""COMPUTED_VALUE"""),"6285704365797") -> 6285704365797 | L46: =IFERROR(__xludf.DUMMYFUNCTION("""COMPUTED_VALUE"""),0.0) -> 0 | M46: =IFERROR(__xludf.DUMMYFUNCTION("""COMPUTED_VALUE"""),0.0) -> 0 | N46: =IFERROR(__xludf.DUMMYFUNCTION("""COMPUTED_VALUE"""),0.0) -> 0 | O46: =IFERROR(__xludf.DUMMYFUNCTION("""COMPUTED_VALUE"""),0.0) -> 0 | S46: =IFERROR(__xludf.DUMMYFUNCTION("""COMPUTED_VALUE"""),"Lunas") -> Lunas | T46: =TODAY() -> 46206 | U46: =IF(ISNA(vlookup(B46,DataExport!$D$2:$D$496,1,false)), "Belum", "Sudah") -> Belum
A47: =IF(B47="","",ROW(A47)-1) -> 46 | B47: =IFERROR(__xludf.DUMMYFUNCTION("""COMPUTED_VALUE"""),"IFTITAHUR ROHMANIYAH") -> IFTITAHUR ROHMANIYAH | C47: =IFERROR(__xludf.DUMMYFUNCTION("""COMPUTED_VALUE"""),2.024070375E9) -> 2024070375 | D47: =IFERROR(__xludf.DUMMYFUNCTION("""COMPUTED_VALUE"""),"D") -> D | E47: =IFERROR(__xludf.DUMMYFUNCTION("""COMPUTED_VALUE"""),"D-6") -> D-6 | F47: =IFERROR(__xludf.DUMMYFUNCTION("""COMPUTED_VALUE"""),3.0) -> 3 | G47: =IFERROR(__xludf.DUMMYFUNCTION("""COMPUTED_VALUE"""),"3 WUSTHO C PUTRI") -> 3 WUSTHO C PUTRI | H47: =IFERROR(__xludf.DUMMYFUNCTION("""COMPUTED_VALUE"""),"MA-XII.5") -> MA-XII.5 | I47: =IFERROR(__xludf.DUMMYFUNCTION("""COMPUTED_VALUE"""),"MASLIHATINA") -> MASLIHATINA | J47: =IFERROR(__xludf.DUMMYFUNCTION("""COMPUTED_VALUE"""),"SUMURBER RT 8 RW 3 PANCENG GRESIK") -> SUMURBER RT 8 RW 3 PANCENG GRESIK | K47: =IFERROR(__xludf.DUMMYFUNCTION("""COMPUTED_VALUE"""),"628157146323") -> 628157146323 | L47: =IFERROR(__xludf.DUMMYFUNCTION("""COMPUTED_VALUE"""),0.0) -> 0 | M47: =IFERROR(__xludf.DUMMYFUNCTION("""COMPUTED_VALUE"""),0.0) -> 0 | N47: =IFERROR(__xludf.DUMMYFUNCTION("""COMPUTED_VALUE"""),0.0) -> 0 | O47: =IFERROR(__xludf.DUMMYFUNCTION("""COMPUTED_VALUE"""),0.0) -> 0 | S47: =IFERROR(__xludf.DUMMYFUNCTION("""COMPUTED_VALUE"""),"Lunas") -> Lunas | T47: =TODAY() -> 46206 | U47: =IF(ISNA(vlookup(B47,DataExport!$D$2:$D$496,1,false)), "Belum", "Sudah") -> Belum
A48: =IF(B48="","",ROW(A48)-1) -> 47 | B48: =IFERROR(__xludf.DUMMYFUNCTION("""COMPUTED_VALUE"""),"IKROMAH DZATIS SAKINAH") -> IKROMAH DZATIS SAKINAH | C48: =IFERROR(__xludf.DUMMYFUNCTION("""COMPUTED_VALUE"""),2.024070424E9) -> 2024070424 | D48: =IFERROR(__xludf.DUMMYFUNCTION("""COMPUTED_VALUE"""),"C") -> C | E48: =IFERROR(__xludf.DUMMYFUNCTION("""COMPUTED_VALUE"""),"C-7") -> C-7 | F48: =IFERROR(__xludf.DUMMYFUNCTION("""COMPUTED_VALUE"""),3.0) -> 3 | G48: =IFERROR(__xludf.DUMMYFUNCTION("""COMPUTED_VALUE"""),"3 MAK PUTRI") -> 3 MAK PUTRI | H48: =IFERROR(__xludf.DUMMYFUNCTION("""COMPUTED_VALUE"""),"MA-XII.13") -> MA-XII.13 | I48: =IFERROR(__xludf.DUMMYFUNCTION("""COMPUTED_VALUE"""),"SULASTRI") -> SULASTRI | J48: =IFERROR(__xludf.DUMMYFUNCTION("""COMPUTED_VALUE"""),"PUTATREJO PUTATBANGAH RT 002 RW 003 KARANGBINANGUN LAMONGAN") -> PUTATREJO PUTATBANGAH RT 002 RW 003 KARANGBINANGUN LAMONGAN | K48: =IFERROR(__xludf.DUMMYFUNCTION("""COMPUTED_VALUE"""),"628554660287") -> 628554660287 | L48: =IFERROR(__xludf.DUMMYFUNCTION("""COMPUTED_VALUE"""),0.0) -> 0 | M48: =IFERROR(__xludf.DUMMYFUNCTION("""COMPUTED_VALUE"""),0.0) -> 0 | N48: =IFERROR(__xludf.DUMMYFUNCTION("""COMPUTED_VALUE"""),0.0) -> 0 | O48: =IFERROR(__xludf.DUMMYFUNCTION("""COMPUTED_VALUE"""),0.0) -> 0 | S48: =IFERROR(__xludf.DUMMYFUNCTION("""COMPUTED_VALUE"""),"Lunas") -> Lunas | T48: =TODAY() -> 46206 | U48: =IF(ISNA(vlookup(B48,DataExport!$D$2:$D$496,1,false)), "Belum", "Sudah") -> Belum
A49: =IF(B49="","",ROW(A49)-1) -> 48 | B49: =IFERROR(__xludf.DUMMYFUNCTION("""COMPUTED_VALUE"""),"IMAM ALI SAMUDRA ARIF") -> IMAM ALI SAMUDRA ARIF | C49: =IFERROR(__xludf.DUMMYFUNCTION("""COMPUTED_VALUE"""),2.024070135E9) -> 2024070135 | D49: =IFERROR(__xludf.DUMMYFUNCTION("""COMPUTED_VALUE"""),"A") -> A | E49: =IFERROR(__xludf.DUMMYFUNCTION("""COMPUTED_VALUE"""),"A-10") -> A-10 | F49: =IFERROR(__xludf.DUMMYFUNCTION("""COMPUTED_VALUE"""),3.0) -> 3 | G49: =IFERROR(__xludf.DUMMYFUNCTION("""COMPUTED_VALUE"""),"3 WUSTHO PUTRA") -> 3 WUSTHO PUTRA | H49: =IFERROR(__xludf.DUMMYFUNCTION("""COMPUTED_VALUE"""),"MA-XII.7") -> MA-XII.7 | I49: =IFERROR(__xludf.DUMMYFUNCTION("""COMPUTED_VALUE"""),"AYSYYA ISLAMIAH") -> AYSYYA ISLAMIAH | J49: =IFERROR(__xludf.DUMMYFUNCTION("""COMPUTED_VALUE"""),"KALITENGAH RT 1 RW 4 KALITENGAH LAMONGAN") -> KALITENGAH RT 1 RW 4 KALITENGAH LAMONGAN | K49: =IFERROR(__xludf.DUMMYFUNCTION("""COMPUTED_VALUE"""),"6285648494406") -> 6285648494406 | L49: =IFERROR(__xludf.DUMMYFUNCTION("""COMPUTED_VALUE"""),0.0) -> 0 | M49: =IFERROR(__xludf.DUMMYFUNCTION("""COMPUTED_VALUE"""),0.0) -> 0 | N49: =IFERROR(__xludf.DUMMYFUNCTION("""COMPUTED_VALUE"""),0.0) -> 0 | O49: =IFERROR(__xludf.DUMMYFUNCTION("""COMPUTED_VALUE"""),0.0) -> 0 | S49: =IFERROR(__xludf.DUMMYFUNCTION("""COMPUTED_VALUE"""),"Lunas") -> Lunas | T49: =TODAY() -> 46206 | U49: =IF(ISNA(vlookup(B49,DataExport!$D$2:$D$496,1,false)), "Belum", "Sudah") -> Belum
A50: =IF(B50="","",ROW(A50)-1) -> 49 | B50: =IFERROR(__xludf.DUMMYFUNCTION("""COMPUTED_VALUE"""),"IMELDA CAHYA ANGGRAENI") -> IMELDA CAHYA ANGGRAENI | C50: =IFERROR(__xludf.DUMMYFUNCTION("""COMPUTED_VALUE"""),2.024070515E9) -> 2024070515 | D50: =IFERROR(__xludf.DUMMYFUNCTION("""COMPUTED_VALUE"""),"B") -> B | E50: =IFERROR(__xludf.DUMMYFUNCTION("""COMPUTED_VALUE"""),"B-9") -> B-9 | F50: =IFERROR(__xludf.DUMMYFUNCTION("""COMPUTED_VALUE"""),3.0) -> 3 | G50: =IFERROR(__xludf.DUMMYFUNCTION("""COMPUTED_VALUE"""),"3 ULA B PUTRI") -> 3 ULA B PUTRI | H50: =IFERROR(__xludf.DUMMYFUNCTION("""COMPUTED_VALUE"""),"MTS-9 D") -> MTS-9 D | I50: =IFERROR(__xludf.DUMMYFUNCTION("""COMPUTED_VALUE"""),"ELIYAH LUTFIANAH") -> ELIYAH LUTFIANAH | J50: =IFERROR(__xludf.DUMMYFUNCTION("""COMPUTED_VALUE"""),"MELUKE SIDOMULYO RT 002 RW 003 DEKET LAMONGAN") -> MELUKE SIDOMULYO RT 002 RW 003 DEKET LAMONGAN | K50: =IFERROR(__xludf.DUMMYFUNCTION("""COMPUTED_VALUE"""),"6285604272784") -> 6285604272784 | L50: =IFERROR(__xludf.DUMMYFUNCTION("""COMPUTED_VALUE"""),0.0) -> 0 | M50: =IFERROR(__xludf.DUMMYFUNCTION("""COMPUTED_VALUE"""),0.0) -> 0 | N50: =IFERROR(__xludf.DUMMYFUNCTION("""COMPUTED_VALUE"""),0.0) -> 0 | O50: =IFERROR(__xludf.DUMMYFUNCTION("""COMPUTED_VALUE"""),0.0) -> 0 | S50: =IFERROR(__xludf.DUMMYFUNCTION("""COMPUTED_VALUE"""),"Lunas") -> Lunas | T50: =TODAY() -> 46206 | U50: =IF(ISNA(vlookup(B50,DataExport!$D$2:$D$496,1,false)), "Belum", "Sudah") -> Belum
A51: =IF(B51="","",ROW(A51)-1) -> 50 | B51: =IFERROR(__xludf.DUMMYFUNCTION("""COMPUTED_VALUE"""),"INTAN FAZIRAWATI") -> INTAN FAZIRAWATI | C51: =IFERROR(__xludf.DUMMYFUNCTION("""COMPUTED_VALUE"""),2.02407001E9) -> 2024070010 | D51: =IFERROR(__xludf.DUMMYFUNCTION("""COMPUTED_VALUE"""),"C") -> C | E51: =IFERROR(__xludf.DUMMYFUNCTION("""COMPUTED_VALUE"""),"C-2") -> C-2 | F51: =IFERROR(__xludf.DUMMYFUNCTION("""COMPUTED_VALUE"""),3.0) -> 3 | H51: =IFERROR(__xludf.DUMMYFUNCTION("""COMPUTED_VALUE"""),"MA-XII.1") -> MA-XII.1 | I51: =IFERROR(__xludf.DUMMYFUNCTION("""COMPUTED_VALUE"""),"SUDARWATI") -> SUDARWATI | J51: =IFERROR(__xludf.DUMMYFUNCTION("""COMPUTED_VALUE"""),"GEDONGOMBO RT 4 RW 12 SEMANDING TUBAN") -> GEDONGOMBO RT 4 RW 12 SEMANDING TUBAN | K51: =IFERROR(__xludf.DUMMYFUNCTION("""COMPUTED_VALUE"""),"6285607770247") -> 6285607770247 | L51: =IFERROR(__xludf.DUMMYFUNCTION("""COMPUTED_VALUE"""),0.0) -> 0 | M51: =IFERROR(__xludf.DUMMYFUNCTION("""COMPUTED_VALUE"""),0.0) -> 0 | N51: =IFERROR(__xludf.DUMMYFUNCTION("""COMPUTED_VALUE"""),0.0) -> 0 | O51: =IFERROR(__xludf.DUMMYFUNCTION("""COMPUTED_VALUE"""),0.0) -> 0 | S51: =IFERROR(__xludf.DUMMYFUNCTION("""COMPUTED_VALUE"""),"Lunas") -> Lunas | T51: =TODAY() -> 46206 | U51: =IF(ISNA(vlookup(B51,DataExport!$D$2:$D$496,1,false)), "Belum", "Sudah") -> Belum
A52: =IF(B52="","",ROW(A52)-1) -> 51 | B52: =IFERROR(__xludf.DUMMYFUNCTION("""COMPUTED_VALUE"""),"IRSYAD KAHFI SOFYAN") -> IRSYAD KAHFI SOFYAN | C52: =IFERROR(__xludf.DUMMYFUNCTION("""COMPUTED_VALUE"""),2.024070091E9) -> 2024070091 | D52: =IFERROR(__xludf.DUMMYFUNCTION("""COMPUTED_VALUE"""),"A") -> A | E52: =IFERROR(__xludf.DUMMYFUNCTION("""COMPUTED_VALUE"""),"A-10") -> A-10 | F52: =IFERROR(__xludf.DUMMYFUNCTION("""COMPUTED_VALUE"""),3.0) -> 3 | G52: =IFERROR(__xludf.DUMMYFUNCTION("""COMPUTED_VALUE"""),"3 WUSTHO PUTRA") -> 3 WUSTHO PUTRA | H52: =IFERROR(__xludf.DUMMYFUNCTION("""COMPUTED_VALUE"""),"MA-XII.4") -> MA-XII.4 | I52: =IFERROR(__xludf.DUMMYFUNCTION("""COMPUTED_VALUE"""),"FAIDATUN NISA'") -> FAIDATUN NISA' | J52: =IFERROR(__xludf.DUMMYFUNCTION("""COMPUTED_VALUE"""),"KAUMAN REGENCY BLOK L NO. 6 RT 5 RW 9 MRANGGEN DEMAK") -> KAUMAN REGENCY BLOK L NO. 6 RT 5 RW 9 MRANGGEN DEMAK | K52: =IFERROR(__xludf.DUMMYFUNCTION("""COMPUTED_VALUE"""),"6285708222090") -> 6285708222090 | L52: =IFERROR(__xludf.DUMMYFUNCTION("""COMPUTED_VALUE"""),0.0) -> 0 | M52: =IFERROR(__xludf.DUMMYFUNCTION("""COMPUTED_VALUE"""),0.0) -> 0 | N52: =IFERROR(__xludf.DUMMYFUNCTION("""COMPUTED_VALUE"""),0.0) -> 0 | O52: =IFERROR(__xludf.DUMMYFUNCTION("""COMPUTED_VALUE"""),0.0) -> 0 | S52: =IFERROR(__xludf.DUMMYFUNCTION("""COMPUTED_VALUE"""),"Lunas") -> Lunas | T52: =TODAY() -> 46206 | U52: =IF(ISNA(vlookup(B52,DataExport!$D$2:$D$496,1,false)), "Belum", "Sudah") -> Belum
A53: =IF(B53="","",ROW(A53)-1) -> 52 | B53: =IFERROR(__xludf.DUMMYFUNCTION("""COMPUTED_VALUE"""),"ISYTI DZIL KARIMAH") -> ISYTI DZIL KARIMAH | C53: =IFERROR(__xludf.DUMMYFUNCTION("""COMPUTED_VALUE"""),2.024070465E9) -> 2024070465 | D53: =IFERROR(__xludf.DUMMYFUNCTION("""COMPUTED_VALUE"""),"C") -> C | E53: =IFERROR(__xludf.DUMMYFUNCTION("""COMPUTED_VALUE"""),"C-3") -> C-3 | F53: =IFERROR(__xludf.DUMMYFUNCTION("""COMPUTED_VALUE"""),3.0) -> 3 | G53: =IFERROR(__xludf.DUMMYFUNCTION("""COMPUTED_VALUE"""),"3 ULA C PUTRI") -> 3 ULA C PUTRI | H53: =IFERROR(__xludf.DUMMYFUNCTION("""COMPUTED_VALUE"""),"MTS-9 D") -> MTS-9 D | I53: =IFERROR(__xludf.DUMMYFUNCTION("""COMPUTED_VALUE"""),"NURUL FAIZAH") -> NURUL FAIZAH | J53: =IFERROR(__xludf.DUMMYFUNCTION("""COMPUTED_VALUE"""),"BUCULOR RAYUNGGUMUK RT 001 RW 001 GLAGAH LAMONGAN") -> BUCULOR RAYUNGGUMUK RT 001 RW 001 GLAGAH LAMONGAN | K53: =IFERROR(__xludf.DUMMYFUNCTION("""COMPUTED_VALUE"""),"6285850796841") -> 6285850796841 | L53: =IFERROR(__xludf.DUMMYFUNCTION("""COMPUTED_VALUE"""),0.0) -> 0 | M53: =IFERROR(__xludf.DUMMYFUNCTION("""COMPUTED_VALUE"""),0.0) -> 0 | N53: =IFERROR(__xludf.DUMMYFUNCTION("""COMPUTED_VALUE"""),0.0) -> 0 | O53: =IFERROR(__xludf.DUMMYFUNCTION("""COMPUTED_VALUE"""),0.0) -> 0 | S53: =IFERROR(__xludf.DUMMYFUNCTION("""COMPUTED_VALUE"""),"Lunas") -> Lunas | T53: =TODAY() -> 46206 | U53: =IF(ISNA(vlookup(B53,DataExport!$D$2:$D$496,1,false)), "Belum", "Sudah") -> Belum
A54: =IF(B54="","",ROW(A54)-1) -> 53 | B54: =IFERROR(__xludf.DUMMYFUNCTION("""COMPUTED_VALUE"""),"KAFA MUZAMIL BILHAQ") -> KAFA MUZAMIL BILHAQ | C54: =IFERROR(__xludf.DUMMYFUNCTION("""COMPUTED_VALUE"""),2.024070603E9) -> 2024070603 | D54: =IFERROR(__xludf.DUMMYFUNCTION("""COMPUTED_VALUE"""),"A") -> A | E54: =IFERROR(__xludf.DUMMYFUNCTION("""COMPUTED_VALUE"""),"A-13") -> A-13 | F54: =IFERROR(__xludf.DUMMYFUNCTION("""COMPUTED_VALUE"""),3.0) -> 3 | H54: =IFERROR(__xludf.DUMMYFUNCTION("""COMPUTED_VALUE"""),"MTS-9 A") -> MTS-9 A | I54: =IFERROR(__xludf.DUMMYFUNCTION("""COMPUTED_VALUE"""),"SITI FATIMAH") -> SITI FATIMAH | J54: =IFERROR(__xludf.DUMMYFUNCTION("""COMPUTED_VALUE"""),"MOJORANU RT 002 RW 005 TIKUNG LAMONGAN") -> MOJORANU RT 002 RW 005 TIKUNG LAMONGAN | K54: =IFERROR(__xludf.DUMMYFUNCTION("""COMPUTED_VALUE"""),"6285815585925") -> 6285815585925 | L54: =IFERROR(__xludf.DUMMYFUNCTION("""COMPUTED_VALUE"""),0.0) -> 0 | M54: =IFERROR(__xludf.DUMMYFUNCTION("""COMPUTED_VALUE"""),0.0) -> 0 | N54: =IFERROR(__xludf.DUMMYFUNCTION("""COMPUTED_VALUE"""),0.0) -> 0 | O54: =IFERROR(__xludf.DUMMYFUNCTION("""COMPUTED_VALUE"""),0.0) -> 0 | S54: =IFERROR(__xludf.DUMMYFUNCTION("""COMPUTED_VALUE"""),"Lunas") -> Lunas | T54: =TODAY() -> 46206 | U54: =IF(ISNA(vlookup(B54,DataExport!$D$2:$D$496,1,false)), "Belum", "Sudah") -> Belum
A55: =IF(B55="","",ROW(A55)-1) -> 54 | B55: =IFERROR(__xludf.DUMMYFUNCTION("""COMPUTED_VALUE"""),"KANZA DINA AQWIYA") -> KANZA DINA AQWIYA | C55: =IFERROR(__xludf.DUMMYFUNCTION("""COMPUTED_VALUE"""),2.024070012E9) -> 2024070012 | D55: =IFERROR(__xludf.DUMMYFUNCTION("""COMPUTED_VALUE"""),"C") -> C | E55: =IFERROR(__xludf.DUMMYFUNCTION("""COMPUTED_VALUE"""),"C-2") -> C-2 | F55: =IFERROR(__xludf.DUMMYFUNCTION("""COMPUTED_VALUE"""),3.0) -> 3 | H55: =IFERROR(__xludf.DUMMYFUNCTION("""COMPUTED_VALUE"""),"MA-XII.1") -> MA-XII.1 | I55: =IFERROR(__xludf.DUMMYFUNCTION("""COMPUTED_VALUE"""),"ZAMALIYAH") -> ZAMALIYAH | J55: =IFERROR(__xludf.DUMMYFUNCTION("""COMPUTED_VALUE"""),"SIDOMULYO RT 1 RW 1 SIDAYU GRESIK") -> SIDOMULYO RT 1 RW 1 SIDAYU GRESIK | K55: =IFERROR(__xludf.DUMMYFUNCTION("""COMPUTED_VALUE"""),"6285100650399") -> 6285100650399 | L55: =IFERROR(__xludf.DUMMYFUNCTION("""COMPUTED_VALUE"""),0.0) -> 0 | M55: =IFERROR(__xludf.DUMMYFUNCTION("""COMPUTED_VALUE"""),0.0) -> 0 | N55: =IFERROR(__xludf.DUMMYFUNCTION("""COMPUTED_VALUE"""),0.0) -> 0 | O55: =IFERROR(__xludf.DUMMYFUNCTION("""COMPUTED_VALUE"""),0.0) -> 0 | S55: =IFERROR(__xludf.DUMMYFUNCTION("""COMPUTED_VALUE"""),"Lunas") -> Lunas | T55: =TODAY() -> 46206 | U55: =IF(ISNA(vlookup(B55,DataExport!$D$2:$D$496,1,false)), "Belum", "Sudah") -> Belum
A56: =IF(B56="","",ROW(A56)-1) -> 55 | B56: =IFERROR(__xludf.DUMMYFUNCTION("""COMPUTED_VALUE"""),"KAYLA ALIFIA ZAFARANI") -> KAYLA ALIFIA ZAFARANI | C56: =IFERROR(__xludf.DUMMYFUNCTION("""COMPUTED_VALUE"""),2.024070553E9) -> 2024070553 | D56: =IFERROR(__xludf.DUMMYFUNCTION("""COMPUTED_VALUE"""),"D") -> D | E56: =IFERROR(__xludf.DUMMYFUNCTION("""COMPUTED_VALUE"""),"D-4") -> D-4 | F56: =IFERROR(__xludf.DUMMYFUNCTION("""COMPUTED_VALUE"""),3.0) -> 3 | G56: =IFERROR(__xludf.DUMMYFUNCTION("""COMPUTED_VALUE"""),"3 ULA A PUTRI") -> 3 ULA A PUTRI | H56: =IFERROR(__xludf.DUMMYFUNCTION("""COMPUTED_VALUE"""),"MTS-9 C") -> MTS-9 C | I56: =IFERROR(__xludf.DUMMYFUNCTION("""COMPUTED_VALUE"""),"SITI NUR AISYAH") -> SITI NUR AISYAH | J56: =IFERROR(__xludf.DUMMYFUNCTION("""COMPUTED_VALUE"""),"LEMAHIRENG KETANEN RT 010 RW 005 PANCENG GRESIK") -> LEMAHIRENG KETANEN RT 010 RW 005 PANCENG GRESIK | K56: =IFERROR(__xludf.DUMMYFUNCTION("""COMPUTED_VALUE"""),"6281230671437") -> 6281230671437 | L56: =IFERROR(__xludf.DUMMYFUNCTION("""COMPUTED_VALUE"""),0.0) -> 0 | M56: =IFERROR(__xludf.DUMMYFUNCTION("""COMPUTED_VALUE"""),0.0) -> 0 | N56: =IFERROR(__xludf.DUMMYFUNCTION("""COMPUTED_VALUE"""),0.0) -> 0 | O56: =IFERROR(__xludf.DUMMYFUNCTION("""COMPUTED_VALUE"""),0.0) -> 0 | S56: =IFERROR(__xludf.DUMMYFUNCTION("""COMPUTED_VALUE"""),"Lunas") -> Lunas | T56: =TODAY() -> 46206 | U56: =IF(ISNA(vlookup(B56,DataExport!$D$2:$D$496,1,false)), "Belum", "Sudah") -> Belum
A57: =IF(B57="","",ROW(A57)-1) -> 56 | B57: =IFERROR(__xludf.DUMMYFUNCTION("""COMPUTED_VALUE"""),"KAYLA KHUSUS FATIMATUZZAHRO") -> KAYLA KHUSUS FATIMATUZZAHRO | C57: =IFERROR(__xludf.DUMMYFUNCTION("""COMPUTED_VALUE"""),2.02407057E9) -> 2024070570 | D57: =IFERROR(__xludf.DUMMYFUNCTION("""COMPUTED_VALUE"""),"C") -> C | E57: =IFERROR(__xludf.DUMMYFUNCTION("""COMPUTED_VALUE"""),"C-12") -> C-12 | F57: =IFERROR(__xludf.DUMMYFUNCTION("""COMPUTED_VALUE"""),3.0) -> 3 | H57: =IFERROR(__xludf.DUMMYFUNCTION("""COMPUTED_VALUE"""),"MTS-9 H") -> MTS-9 H | I57: =IFERROR(__xludf.DUMMYFUNCTION("""COMPUTED_VALUE"""),"SRI SUSYATI") -> SRI SUSYATI | J57: =IFERROR(__xludf.DUMMYFUNCTION("""COMPUTED_VALUE"""),"KARANGANOM RT 002 RW 001 KARANGBINANGUN LAMONGAN") -> KARANGANOM RT 002 RW 001 KARANGBINANGUN LAMONGAN | K57: =IFERROR(__xludf.DUMMYFUNCTION("""COMPUTED_VALUE"""),"6285802507179") -> 6285802507179 | L57: =IFERROR(__xludf.DUMMYFUNCTION("""COMPUTED_VALUE"""),0.0) -> 0 | M57: =IFERROR(__xludf.DUMMYFUNCTION("""COMPUTED_VALUE"""),0.0) -> 0 | N57: =IFERROR(__xludf.DUMMYFUNCTION("""COMPUTED_VALUE"""),0.0) -> 0 | O57: =IFERROR(__xludf.DUMMYFUNCTION("""COMPUTED_VALUE"""),0.0) -> 0 | S57: =IFERROR(__xludf.DUMMYFUNCTION("""COMPUTED_VALUE"""),"Lunas") -> Lunas | T57: =TODAY() -> 46206 | U57: =IF(ISNA(vlookup(B57,DataExport!$D$2:$D$496,1,false)), "Belum", "Sudah") -> Belum
A58: =IF(B58="","",ROW(A58)-1) -> 57 | B58: =IFERROR(__xludf.DUMMYFUNCTION("""COMPUTED_VALUE"""),"KAYYISA ILMI RAFANDA") -> KAYYISA ILMI RAFANDA | C58: =IFERROR(__xludf.DUMMYFUNCTION("""COMPUTED_VALUE"""),2.024070723E9) -> 2024070723 | D58: =IFERROR(__xludf.DUMMYFUNCTION("""COMPUTED_VALUE"""),"B") -> B | E58: =IFERROR(__xludf.DUMMYFUNCTION("""COMPUTED_VALUE"""),"B-10") -> B-10 | F58: =IFERROR(__xludf.DUMMYFUNCTION("""COMPUTED_VALUE"""),3.0) -> 3 | G58: =IFERROR(__xludf.DUMMYFUNCTION("""COMPUTED_VALUE"""),"3 ULA A PUTRI") -> 3 ULA A PUTRI | H58: =IFERROR(__xludf.DUMMYFUNCTION("""COMPUTED_VALUE"""),"SMP-IX B") -> SMP-IX B | I58: =IFERROR(__xludf.DUMMYFUNCTION("""COMPUTED_VALUE"""),"MAFTUKHAH") -> MAFTUKHAH | J58: =IFERROR(__xludf.DUMMYFUNCTION("""COMPUTED_VALUE"""),"PANGEAN RT 002 RW 001 MADURAN LAMONGAN") -> PANGEAN RT 002 RW 001 MADURAN LAMONGAN | K58: =IFERROR(__xludf.DUMMYFUNCTION("""COMPUTED_VALUE"""),"6282139931854") -> 6282139931854 | L58: =IFERROR(__xludf.DUMMYFUNCTION("""COMPUTED_VALUE"""),0.0) -> 0 | M58: =IFERROR(__xludf.DUMMYFUNCTION("""COMPUTED_VALUE"""),0.0) -> 0 | N58: =IFERROR(__xludf.DUMMYFUNCTION("""COMPUTED_VALUE"""),0.0) -> 0 | O58: =IFERROR(__xludf.DUMMYFUNCTION("""COMPUTED_VALUE"""),0.0) -> 0 | S58: =IFERROR(__xludf.DUMMYFUNCTION("""COMPUTED_VALUE"""),"Lunas") -> Lunas | T58: =TODAY() -> 46206 | U58: =IF(ISNA(vlookup(B58,DataExport!$D$2:$D$496,1,false)), "Belum", "Sudah") -> Belum
A59: =IF(B59="","",ROW(A59)-1) -> 58 | B59: =IFERROR(__xludf.DUMMYFUNCTION("""COMPUTED_VALUE"""),"KHAIRANI PUTRI ANGGRAINI") -> KHAIRANI PUTRI ANGGRAINI | C59: =IFERROR(__xludf.DUMMYFUNCTION("""COMPUTED_VALUE"""),2.024070013E9) -> 2024070013 | D59: =IFERROR(__xludf.DUMMYFUNCTION("""COMPUTED_VALUE"""),"C") -> C | E59: =IFERROR(__xludf.DUMMYFUNCTION("""COMPUTED_VALUE"""),"C-2") -> C-2 | F59: =IFERROR(__xludf.DUMMYFUNCTION("""COMPUTED_VALUE"""),3.0) -> 3 | H59: =IFERROR(__xludf.DUMMYFUNCTION("""COMPUTED_VALUE"""),"MA-XII.1") -> MA-XII.1 | I59: =IFERROR(__xludf.DUMMYFUNCTION("""COMPUTED_VALUE"""),"MUSYARROFAH") -> MUSYARROFAH | J59: =IFERROR(__xludf.DUMMYFUNCTION("""COMPUTED_VALUE"""),"KEDANYANG RT 4 RW 15 KEBOMAS GRESIK") -> KEDANYANG RT 4 RW 15 KEBOMAS GRESIK | K59: =IFERROR(__xludf.DUMMYFUNCTION("""COMPUTED_VALUE"""),"6282131012610") -> 6282131012610 | L59: =IFERROR(__xludf.DUMMYFUNCTION("""COMPUTED_VALUE"""),0.0) -> 0 | M59: =IFERROR(__xludf.DUMMYFUNCTION("""COMPUTED_VALUE"""),0.0) -> 0 | N59: =IFERROR(__xludf.DUMMYFUNCTION("""COMPUTED_VALUE"""),0.0) -> 0 | O59: =IFERROR(__xludf.DUMMYFUNCTION("""COMPUTED_VALUE"""),0.0) -> 0 | S59: =IFERROR(__xludf.DUMMYFUNCTION("""COMPUTED_VALUE"""),"Lunas") -> Lunas | T59: =TODAY() -> 46206 | U59: =IF(ISNA(vlookup(B59,DataExport!$D$2:$D$496,1,false)), "Belum", "Sudah") -> Belum
A60: =IF(B60="","",ROW(A60)-1) -> 59 | B60: =IFERROR(__xludf.DUMMYFUNCTION("""COMPUTED_VALUE"""),"KHANSA LABIBAH") -> KHANSA LABIBAH | C60: =IFERROR(__xludf.DUMMYFUNCTION("""COMPUTED_VALUE"""),2.024070543E9) -> 2024070543 | D60: =IFERROR(__xludf.DUMMYFUNCTION("""COMPUTED_VALUE"""),"C") -> C | E60: =IFERROR(__xludf.DUMMYFUNCTION("""COMPUTED_VALUE"""),"C-3") -> C-3 | F60: =IFERROR(__xludf.DUMMYFUNCTION("""COMPUTED_VALUE"""),3.0) -> 3 | G60: =IFERROR(__xludf.DUMMYFUNCTION("""COMPUTED_VALUE"""),"3 ULA A PUTRI") -> 3 ULA A PUTRI | H60: =IFERROR(__xludf.DUMMYFUNCTION("""COMPUTED_VALUE"""),"MTS-9 G") -> MTS-9 G | I60: =IFERROR(__xludf.DUMMYFUNCTION("""COMPUTED_VALUE"""),"MAZIDHATUL CHUSNIYA") -> MAZIDHATUL CHUSNIYA | J60: =IFERROR(__xludf.DUMMYFUNCTION("""COMPUTED_VALUE"""),"SEMBUNGAN KIDUL RT 003 RW 002 DUKUN GRESIK") -> SEMBUNGAN KIDUL RT 003 RW 002 DUKUN GRESIK | K60: =IFERROR(__xludf.DUMMYFUNCTION("""COMPUTED_VALUE"""),"6285895280860") -> 6285895280860 | L60: =IFERROR(__xludf.DUMMYFUNCTION("""COMPUTED_VALUE"""),0.0) -> 0 | M60: =IFERROR(__xludf.DUMMYFUNCTION("""COMPUTED_VALUE"""),0.0) -> 0 | N60: =IFERROR(__xludf.DUMMYFUNCTION("""COMPUTED_VALUE"""),0.0) -> 0 | O60: =IFERROR(__xludf.DUMMYFUNCTION("""COMPUTED_VALUE"""),0.0) -> 0 | S60: =IFERROR(__xludf.DUMMYFUNCTION("""COMPUTED_VALUE"""),"Lunas") -> Lunas | T60: =TODAY() -> 46206 | U60: =IF(ISNA(vlookup(B60,DataExport!$D$2:$D$496,1,false)), "Belum", "Sudah") -> Belum
A61: =IF(B61="","",ROW(A61)-1) -> 60 | B61: =IFERROR(__xludf.DUMMYFUNCTION("""COMPUTED_VALUE"""),"KHILDAH KHOIRINA") -> KHILDAH KHOIRINA | C61: =IFERROR(__xludf.DUMMYFUNCTION("""COMPUTED_VALUE"""),2.024070078E9) -> 2024070078 | D61: =IFERROR(__xludf.DUMMYFUNCTION("""COMPUTED_VALUE"""),"C") -> C | E61: =IFERROR(__xludf.DUMMYFUNCTION("""COMPUTED_VALUE"""),"C-9") -> C-9 | F61: =IFERROR(__xludf.DUMMYFUNCTION("""COMPUTED_VALUE"""),3.0) -> 3 | G61: =IFERROR(__xludf.DUMMYFUNCTION("""COMPUTED_VALUE"""),"3 WUSTHO A PUTRI") -> 3 WUSTHO A PUTRI | H61: =IFERROR(__xludf.DUMMYFUNCTION("""COMPUTED_VALUE"""),"MA-XII.3") -> MA-XII.3 | I61: =IFERROR(__xludf.DUMMYFUNCTION("""COMPUTED_VALUE"""),"AFWAH") -> AFWAH | J61: =IFERROR(__xludf.DUMMYFUNCTION("""COMPUTED_VALUE"""),"IMAAN RT 002 RW 001 DUKUN GRESIK") -> IMAAN RT 002 RW 001 DUKUN GRESIK | K61: =IFERROR(__xludf.DUMMYFUNCTION("""COMPUTED_VALUE"""),"628585908377") -> 628585908377 | L61: =IFERROR(__xludf.DUMMYFUNCTION("""COMPUTED_VALUE"""),0.0) -> 0 | M61: =IFERROR(__xludf.DUMMYFUNCTION("""COMPUTED_VALUE"""),0.0) -> 0 | N61: =IFERROR(__xludf.DUMMYFUNCTION("""COMPUTED_VALUE"""),0.0) -> 0 | O61: =IFERROR(__xludf.DUMMYFUNCTION("""COMPUTED_VALUE"""),0.0) -> 0 | S61: =IFERROR(__xludf.DUMMYFUNCTION("""COMPUTED_VALUE"""),"Lunas") -> Lunas | T61: =TODAY() -> 46206 | U61: =IF(ISNA(vlookup(B61,DataExport!$D$2:$D$496,1,false)), "Belum", "Sudah") -> Belum
A62: =IF(B62="","",ROW(A62)-1) -> 61 | B62: =IFERROR(__xludf.DUMMYFUNCTION("""COMPUTED_VALUE"""),"KHILYATUL MUROQOBAH ASSA`ADAH") -> KHILYATUL MUROQOBAH ASSA`ADAH | C62: =IFERROR(__xludf.DUMMYFUNCTION("""COMPUTED_VALUE"""),2.024070716E9) -> 2024070716 | D62: =IFERROR(__xludf.DUMMYFUNCTION("""COMPUTED_VALUE"""),"B") -> B | E62: =IFERROR(__xludf.DUMMYFUNCTION("""COMPUTED_VALUE"""),"B-4") -> B-4 | F62: =IFERROR(__xludf.DUMMYFUNCTION("""COMPUTED_VALUE"""),3.0) -> 3 | G62: =IFERROR(__xludf.DUMMYFUNCTION("""COMPUTED_VALUE"""),"3 WUSTHO C PUTRI") -> 3 WUSTHO C PUTRI | H62: =IFERROR(__xludf.DUMMYFUNCTION("""COMPUTED_VALUE"""),"SMK-XII BD") -> SMK-XII BD | I62: =IFERROR(__xludf.DUMMYFUNCTION("""COMPUTED_VALUE"""),"UMMI HHANIK") -> UMMI HHANIK | J62: =IFERROR(__xludf.DUMMYFUNCTION("""COMPUTED_VALUE"""),"PUCANGRO RT 3 RW 3 KALITENGAH LAMONGAN") -> PUCANGRO RT 3 RW 3 KALITENGAH LAMONGAN | K62: =IFERROR(__xludf.DUMMYFUNCTION("""COMPUTED_VALUE"""),"6285707694746") -> 6285707694746 | L62: =IFERROR(__xludf.DUMMYFUNCTION("""COMPUTED_VALUE"""),0.0) -> 0 | M62: =IFERROR(__xludf.DUMMYFUNCTION("""COMPUTED_VALUE"""),0.0) -> 0 | N62: =IFERROR(__xludf.DUMMYFUNCTION("""COMPUTED_VALUE"""),0.0) -> 0 | O62: =IFERROR(__xludf.DUMMYFUNCTION("""COMPUTED_VALUE"""),0.0) -> 0 | S62: =IFERROR(__xludf.DUMMYFUNCTION("""COMPUTED_VALUE"""),"Lunas") -> Lunas | T62: =TODAY() -> 46206 | U62: =IF(ISNA(vlookup(B62,DataExport!$D$2:$D$496,1,false)), "Belum", "Sudah") -> Belum
A63: =IF(B63="","",ROW(A63)-1) -> 62 | B63: =IFERROR(__xludf.DUMMYFUNCTION("""COMPUTED_VALUE"""),"KHOLIFAH AMIYZANI NUR ISNAINI") -> KHOLIFAH AMIYZANI NUR ISNAINI | C63: =IFERROR(__xludf.DUMMYFUNCTION("""COMPUTED_VALUE"""),2.024070752E9) -> 2024070752 | D63: =IFERROR(__xludf.DUMMYFUNCTION("""COMPUTED_VALUE"""),"B") -> B | E63: =IFERROR(__xludf.DUMMYFUNCTION("""COMPUTED_VALUE"""),"B-10") -> B-10 | F63: =IFERROR(__xludf.DUMMYFUNCTION("""COMPUTED_VALUE"""),3.0) -> 3 | G63: =IFERROR(__xludf.DUMMYFUNCTION("""COMPUTED_VALUE"""),"3 ULA A PUTRI") -> 3 ULA A PUTRI | H63: =IFERROR(__xludf.DUMMYFUNCTION("""COMPUTED_VALUE"""),"SMP-IX B") -> SMP-IX B | I63: =IFERROR(__xludf.DUMMYFUNCTION("""COMPUTED_VALUE"""),"INARIYATI") -> INARIYATI | J63: =IFERROR(__xludf.DUMMYFUNCTION("""COMPUTED_VALUE"""),"WONOKERTO RT 014 RW 003 DUKUN GRESIK") -> WONOKERTO RT 014 RW 003 DUKUN GRESIK | K63: =IFERROR(__xludf.DUMMYFUNCTION("""COMPUTED_VALUE"""),"6285855453839") -> 6285855453839 | L63: =IFERROR(__xludf.DUMMYFUNCTION("""COMPUTED_VALUE"""),0.0) -> 0 | M63: =IFERROR(__xludf.DUMMYFUNCTION("""COMPUTED_VALUE"""),0.0) -> 0 | N63: =IFERROR(__xludf.DUMMYFUNCTION("""COMPUTED_VALUE"""),0.0) -> 0 | O63: =IFERROR(__xludf.DUMMYFUNCTION("""COMPUTED_VALUE"""),0.0) -> 0 | S63: =IFERROR(__xludf.DUMMYFUNCTION("""COMPUTED_VALUE"""),"Lunas") -> Lunas | T63: =TODAY() -> 46206 | U63: =IF(ISNA(vlookup(B63,DataExport!$D$2:$D$496,1,false)), "Belum", "Sudah") -> Belum
A64: =IF(B64="","",ROW(A64)-1) -> 63 | B64: =IFERROR(__xludf.DUMMYFUNCTION("""COMPUTED_VALUE"""),"KHULIATUL MILLAH ELVIANA") -> KHULIATUL MILLAH ELVIANA | C64: =IFERROR(__xludf.DUMMYFUNCTION("""COMPUTED_VALUE"""),2.024070499E9) -> 2024070499 | D64: =IFERROR(__xludf.DUMMYFUNCTION("""COMPUTED_VALUE"""),"E") -> E | E64: =IFERROR(__xludf.DUMMYFUNCTION("""COMPUTED_VALUE"""),"E-2") -> E-2 | F64: =IFERROR(__xludf.DUMMYFUNCTION("""COMPUTED_VALUE"""),3.0) -> 3 | G64: =IFERROR(__xludf.DUMMYFUNCTION("""COMPUTED_VALUE"""),"3 ULA C PUTRI") -> 3 ULA C PUTRI | H64: =IFERROR(__xludf.DUMMYFUNCTION("""COMPUTED_VALUE"""),"MTS-9 B") -> MTS-9 B | I64: =IFERROR(__xludf.DUMMYFUNCTION("""COMPUTED_VALUE"""),"ZAIDATUL FARIDAH") -> ZAIDATUL FARIDAH | J64: =IFERROR(__xludf.DUMMYFUNCTION("""COMPUTED_VALUE"""),"PLOSOSETRO RT 004 RW 001 PUCUK LAMONGAN") -> PLOSOSETRO RT 004 RW 001 PUCUK LAMONGAN | K64: =IFERROR(__xludf.DUMMYFUNCTION("""COMPUTED_VALUE"""),"628523337011") -> 628523337011 | L64: =IFERROR(__xludf.DUMMYFUNCTION("""COMPUTED_VALUE"""),0.0) -> 0 | M64: =IFERROR(__xludf.DUMMYFUNCTION("""COMPUTED_VALUE"""),0.0) -> 0 | N64: =IFERROR(__xludf.DUMMYFUNCTION("""COMPUTED_VALUE"""),0.0) -> 0 | O64: =IFERROR(__xludf.DUMMYFUNCTION("""COMPUTED_VALUE"""),0.0) -> 0 | S64: =IFERROR(__xludf.DUMMYFUNCTION("""COMPUTED_VALUE"""),"Lunas") -> Lunas | T64: =TODAY() -> 46206 | U64: =IF(ISNA(vlookup(B64,DataExport!$D$2:$D$496,1,false)), "Belum", "Sudah") -> Belum
A65: =IF(B65="","",ROW(A65)-1) -> 64 | B65: =IFERROR(__xludf.DUMMYFUNCTION("""COMPUTED_VALUE"""),"LAILATUL MAGHFIROH") -> LAILATUL MAGHFIROH | C65: =IFERROR(__xludf.DUMMYFUNCTION("""COMPUTED_VALUE"""),2.024070449E9) -> 2024070449 | D65: =IFERROR(__xludf.DUMMYFUNCTION("""COMPUTED_VALUE"""),"E") -> E | E65: =IFERROR(__xludf.DUMMYFUNCTION("""COMPUTED_VALUE"""),"E-9") -> E-9 | F65: =IFERROR(__xludf.DUMMYFUNCTION("""COMPUTED_VALUE"""),3.0) -> 3 | G65: =IFERROR(__xludf.DUMMYFUNCTION("""COMPUTED_VALUE"""),"3 ULA A PUTRI") -> 3 ULA A PUTRI | H65: =IFERROR(__xludf.DUMMYFUNCTION("""COMPUTED_VALUE"""),"MTS-9 A") -> MTS-9 A | I65: =IFERROR(__xludf.DUMMYFUNCTION("""COMPUTED_VALUE"""),"ARTI") -> ARTI | J65: =IFERROR(__xludf.DUMMYFUNCTION("""COMPUTED_VALUE"""),"TUMENGGUNGBARU RT 003 RW 006 TUMENGGUNGAN LAMONGAN") -> TUMENGGUNGBARU RT 003 RW 006 TUMENGGUNGAN LAMONGAN | K65: =IFERROR(__xludf.DUMMYFUNCTION("""COMPUTED_VALUE"""),"6285745981726") -> 6285745981726 | L65: =IFERROR(__xludf.DUMMYFUNCTION("""COMPUTED_VALUE"""),0.0) -> 0 | M65: =IFERROR(__xludf.DUMMYFUNCTION("""COMPUTED_VALUE"""),0.0) -> 0 | N65: =IFERROR(__xludf.DUMMYFUNCTION("""COMPUTED_VALUE"""),0.0) -> 0 | O65: =IFERROR(__xludf.DUMMYFUNCTION("""COMPUTED_VALUE"""),0.0) -> 0 | S65: =IFERROR(__xludf.DUMMYFUNCTION("""COMPUTED_VALUE"""),"Lunas") -> Lunas | T65: =TODAY() -> 46206 | U65: =IF(ISNA(vlookup(B65,DataExport!$D$2:$D$496,1,false)), "Belum", "Sudah") -> Belum
A66: =IF(B66="","",ROW(A66)-1) -> 65 | B66: =IFERROR(__xludf.DUMMYFUNCTION("""COMPUTED_VALUE"""),"M. FARID ALI MUSLIMIN") -> M. FARID ALI MUSLIMIN | C66: =IFERROR(__xludf.DUMMYFUNCTION("""COMPUTED_VALUE"""),2.024070469E9) -> 2024070469 | D66: =IFERROR(__xludf.DUMMYFUNCTION("""COMPUTED_VALUE"""),"A") -> A | E66: =IFERROR(__xludf.DUMMYFUNCTION("""COMPUTED_VALUE"""),"A-8") -> A-8 | F66: =IFERROR(__xludf.DUMMYFUNCTION("""COMPUTED_VALUE"""),3.0) -> 3 | G66: =IFERROR(__xludf.DUMMYFUNCTION("""COMPUTED_VALUE"""),"3 ULA A PUTRA") -> 3 ULA A PUTRA | H66: =IFERROR(__xludf.DUMMYFUNCTION("""COMPUTED_VALUE"""),"MTS-9 E") -> MTS-9 E | I66: =IFERROR(__xludf.DUMMYFUNCTION("""COMPUTED_VALUE"""),"SUPARTI") -> SUPARTI | J66: =IFERROR(__xludf.DUMMYFUNCTION("""COMPUTED_VALUE"""),"BULAKWATU BANJAREJO RT 003 RW 003 SUKODADI LAMONGAN") -> BULAKWATU BANJAREJO RT 003 RW 003 SUKODADI LAMONGAN | K66: =IFERROR(__xludf.DUMMYFUNCTION("""COMPUTED_VALUE"""),"6285731459363") -> 6285731459363 | L66: =IFERROR(__xludf.DUMMYFUNCTION("""COMPUTED_VALUE"""),0.0) -> 0 | M66: =IFERROR(__xludf.DUMMYFUNCTION("""COMPUTED_VALUE"""),0.0) -> 0 | N66: =IFERROR(__xludf.DUMMYFUNCTION("""COMPUTED_VALUE"""),0.0) -> 0 | O66: =IFERROR(__xludf.DUMMYFUNCTION("""COMPUTED_VALUE"""),0.0) -> 0 | S66: =IFERROR(__xludf.DUMMYFUNCTION("""COMPUTED_VALUE"""),"Lunas") -> Lunas | T66: =TODAY() -> 46206 | U66: =IF(ISNA(vlookup(B66,DataExport!$D$2:$D$496,1,false)), "Belum", "Sudah") -> Belum
A67: =IF(B67="","",ROW(A67)-1) -> 66 | B67: =IFERROR(__xludf.DUMMYFUNCTION("""COMPUTED_VALUE"""),"M. JA`FAR SHODIQ FIRMANSYAH") -> M. JA`FAR SHODIQ FIRMANSYAH | C67: =IFERROR(__xludf.DUMMYFUNCTION("""COMPUTED_VALUE"""),2.024070667E9) -> 2024070667 | D67: =IFERROR(__xludf.DUMMYFUNCTION("""COMPUTED_VALUE"""),"A") -> A | E67: =IFERROR(__xludf.DUMMYFUNCTION("""COMPUTED_VALUE"""),"A-13") -> A-13 | F67: =IFERROR(__xludf.DUMMYFUNCTION("""COMPUTED_VALUE"""),3.0) -> 3 | H67: =IFERROR(__xludf.DUMMYFUNCTION("""COMPUTED_VALUE"""),"MTS-9 A") -> MTS-9 A | I67: =IFERROR(__xludf.DUMMYFUNCTION("""COMPUTED_VALUE"""),"ULFATIN KHOFSAH") -> ULFATIN KHOFSAH | J67: =IFERROR(__xludf.DUMMYFUNCTION("""COMPUTED_VALUE"""),"SEMBUNG RT 005 RW 002 PERAK JOMBANG") -> SEMBUNG RT 005 RW 002 PERAK JOMBANG | K67: =IFERROR(__xludf.DUMMYFUNCTION("""COMPUTED_VALUE"""),"6285646766057") -> 6285646766057 | L67: =IFERROR(__xludf.DUMMYFUNCTION("""COMPUTED_VALUE"""),0.0) -> 0 | M67: =IFERROR(__xludf.DUMMYFUNCTION("""COMPUTED_VALUE"""),0.0) -> 0 | N67: =IFERROR(__xludf.DUMMYFUNCTION("""COMPUTED_VALUE"""),0.0) -> 0 | O67: =IFERROR(__xludf.DUMMYFUNCTION("""COMPUTED_VALUE"""),0.0) -> 0 | S67: =IFERROR(__xludf.DUMMYFUNCTION("""COMPUTED_VALUE"""),"Lunas") -> Lunas | T67: =TODAY() -> 46206 | U67: =IF(ISNA(vlookup(B67,DataExport!$D$2:$D$496,1,false)), "Belum", "Sudah") -> Belum
A68: =IF(B68="","",ROW(A68)-1) -> 67 | B68: =IFERROR(__xludf.DUMMYFUNCTION("""COMPUTED_VALUE"""),"MAEKAL RAHMAT") -> MAEKAL RAHMAT | C68: =IFERROR(__xludf.DUMMYFUNCTION("""COMPUTED_VALUE"""),2.024070311E9) -> 2024070311 | D68: =IFERROR(__xludf.DUMMYFUNCTION("""COMPUTED_VALUE"""),"A") -> A | E68: =IFERROR(__xludf.DUMMYFUNCTION("""COMPUTED_VALUE"""),"A-10") -> A-10 | F68: =IFERROR(__xludf.DUMMYFUNCTION("""COMPUTED_VALUE"""),3.0) -> 3 | G68: =IFERROR(__xludf.DUMMYFUNCTION("""COMPUTED_VALUE"""),"3 WUSTHO PUTRA") -> 3 WUSTHO PUTRA | H68: =IFERROR(__xludf.DUMMYFUNCTION("""COMPUTED_VALUE"""),"MA-XII.10") -> MA-XII.10 | I68: =IFERROR(__xludf.DUMMYFUNCTION("""COMPUTED_VALUE"""),"WIWIK WIDAYATI") -> WIWIK WIDAYATI | J68: =IFERROR(__xludf.DUMMYFUNCTION("""COMPUTED_VALUE"""),"JL. PUTER DALAM SELATAN 39 A TANJUNGREJO RT 10 RW 12 SUKUN MALANG") -> JL. PUTER DALAM SELATAN 39 A TANJUNGREJO RT 10 RW 12 SUKUN MALANG | K68: =IFERROR(__xludf.DUMMYFUNCTION("""COMPUTED_VALUE"""),"6281998985638") -> 6281998985638 | L68: =IFERROR(__xludf.DUMMYFUNCTION("""COMPUTED_VALUE"""),0.0) -> 0 | M68: =IFERROR(__xludf.DUMMYFUNCTION("""COMPUTED_VALUE"""),0.0) -> 0 | N68: =IFERROR(__xludf.DUMMYFUNCTION("""COMPUTED_VALUE"""),0.0) -> 0 | O68: =IFERROR(__xludf.DUMMYFUNCTION("""COMPUTED_VALUE"""),0.0) -> 0 | S68: =IFERROR(__xludf.DUMMYFUNCTION("""COMPUTED_VALUE"""),"Lunas") -> Lunas | T68: =TODAY() -> 46206 | U68: =IF(ISNA(vlookup(B68,DataExport!$D$2:$D$496,1,false)), "Belum", "Sudah") -> Belum
A69: =IF(B69="","",ROW(A69)-1) -> 68 | B69: =IFERROR(__xludf.DUMMYFUNCTION("""COMPUTED_VALUE"""),"MARVELL RIZIQ AMIN") -> MARVELL RIZIQ AMIN | C69: =IFERROR(__xludf.DUMMYFUNCTION("""COMPUTED_VALUE"""),2.02407021E9) -> 2024070210 | D69: =IFERROR(__xludf.DUMMYFUNCTION("""COMPUTED_VALUE"""),"A") -> A | E69: =IFERROR(__xludf.DUMMYFUNCTION("""COMPUTED_VALUE"""),"A-10") -> A-10 | F69: =IFERROR(__xludf.DUMMYFUNCTION("""COMPUTED_VALUE"""),3.0) -> 3 | G69: =IFERROR(__xludf.DUMMYFUNCTION("""COMPUTED_VALUE"""),"3 WUSTHO PUTRA") -> 3 WUSTHO PUTRA | H69: =IFERROR(__xludf.DUMMYFUNCTION("""COMPUTED_VALUE"""),"MA-XII.6") -> MA-XII.6 | I69: =IFERROR(__xludf.DUMMYFUNCTION("""COMPUTED_VALUE"""),"SITI ANISAH") -> SITI ANISAH | J69: =IFERROR(__xludf.DUMMYFUNCTION("""COMPUTED_VALUE"""),"GENENG RT 5 RW 8 BRONDONG LAMONGAN") -> GENENG RT 5 RW 8 BRONDONG LAMONGAN | K69: =IFERROR(__xludf.DUMMYFUNCTION("""COMPUTED_VALUE"""),"62895323652394") -> 62895323652394 | L69: =IFERROR(__xludf.DUMMYFUNCTION("""COMPUTED_VALUE"""),0.0) -> 0 | M69: =IFERROR(__xludf.DUMMYFUNCTION("""COMPUTED_VALUE"""),0.0) -> 0 | N69: =IFERROR(__xludf.DUMMYFUNCTION("""COMPUTED_VALUE"""),0.0) -> 0 | O69: =IFERROR(__xludf.DUMMYFUNCTION("""COMPUTED_VALUE"""),0.0) -> 0 | S69: =IFERROR(__xludf.DUMMYFUNCTION("""COMPUTED_VALUE"""),"Lunas") -> Lunas | T69: =TODAY() -> 46206 | U69: =IF(ISNA(vlookup(B69,DataExport!$D$2:$D$496,1,false)), "Belum", "Sudah") -> Belum
A70: =IF(B70="","",ROW(A70)-1) -> 69 | B70: =IFERROR(__xludf.DUMMYFUNCTION("""COMPUTED_VALUE"""),"MAULIDINNA BASKORO INDAH KIRANNI") -> MAULIDINNA BASKORO INDAH KIRANNI | C70: =IFERROR(__xludf.DUMMYFUNCTION("""COMPUTED_VALUE"""),2.024070079E9) -> 2024070079 | D70: =IFERROR(__xludf.DUMMYFUNCTION("""COMPUTED_VALUE"""),"C") -> C | E70: =IFERROR(__xludf.DUMMYFUNCTION("""COMPUTED_VALUE"""),"C-8") -> C-8 | F70: =IFERROR(__xludf.DUMMYFUNCTION("""COMPUTED_VALUE"""),3.0) -> 3 | H70: =IFERROR(__xludf.DUMMYFUNCTION("""COMPUTED_VALUE"""),"MA-XII.3") -> MA-XII.3 | I70: =IFERROR(__xludf.DUMMYFUNCTION("""COMPUTED_VALUE"""),"LAILATUL FAIZAH") -> LAILATUL FAIZAH | J70: =IFERROR(__xludf.DUMMYFUNCTION("""COMPUTED_VALUE"""),"LEMBOR RT 001 RW 001 BRONDONG LAMONGAN") -> LEMBOR RT 001 RW 001 BRONDONG LAMONGAN | K70: =IFERROR(__xludf.DUMMYFUNCTION("""COMPUTED_VALUE"""),"6285646714671") -> 6285646714671 | L70: =IFERROR(__xludf.DUMMYFUNCTION("""COMPUTED_VALUE"""),0.0) -> 0 | M70: =IFERROR(__xludf.DUMMYFUNCTION("""COMPUTED_VALUE"""),0.0) -> 0 | N70: =IFERROR(__xludf.DUMMYFUNCTION("""COMPUTED_VALUE"""),0.0) -> 0 | O70: =IFERROR(__xludf.DUMMYFUNCTION("""COMPUTED_VALUE"""),0.0) -> 0 | S70: =IFERROR(__xludf.DUMMYFUNCTION("""COMPUTED_VALUE"""),"Lunas") -> Lunas | T70: =TODAY() -> 46206 | U70: =IF(ISNA(vlookup(B70,DataExport!$D$2:$D$496,1,false)), "Belum", "Sudah") -> Belum
A71: =IF(B71="","",ROW(A71)-1) -> 70 | B71: =IFERROR(__xludf.DUMMYFUNCTION("""COMPUTED_VALUE"""),"MELYSA NUR KHASANAH") -> MELYSA NUR KHASANAH | C71: =IFERROR(__xludf.DUMMYFUNCTION("""COMPUTED_VALUE"""),2.024070016E9) -> 2024070016 | D71: =IFERROR(__xludf.DUMMYFUNCTION("""COMPUTED_VALUE"""),"D") -> D | E71: =IFERROR(__xludf.DUMMYFUNCTION("""COMPUTED_VALUE"""),"D-7") -> D-7 | F71: =IFERROR(__xludf.DUMMYFUNCTION("""COMPUTED_VALUE"""),3.0) -> 3 | H71: =IFERROR(__xludf.DUMMYFUNCTION("""COMPUTED_VALUE"""),"MA-XII.1") -> MA-XII.1 | I71: =IFERROR(__xludf.DUMMYFUNCTION("""COMPUTED_VALUE"""),"ERLIN NUR AIZAH") -> ERLIN NUR AIZAH | J71: =IFERROR(__xludf.DUMMYFUNCTION("""COMPUTED_VALUE"""),"KRAJAN SUKOBENDU RT 002 RW 003 MANTUP LAMONGAN") -> KRAJAN SUKOBENDU RT 002 RW 003 MANTUP LAMONGAN | K71: =IFERROR(__xludf.DUMMYFUNCTION("""COMPUTED_VALUE"""),"6281515680644") -> 6281515680644 | L71: =IFERROR(__xludf.DUMMYFUNCTION("""COMPUTED_VALUE"""),0.0) -> 0 | M71: =IFERROR(__xludf.DUMMYFUNCTION("""COMPUTED_VALUE"""),0.0) -> 0 | N71: =IFERROR(__xludf.DUMMYFUNCTION("""COMPUTED_VALUE"""),0.0) -> 0 | O71: =IFERROR(__xludf.DUMMYFUNCTION("""COMPUTED_VALUE"""),0.0) -> 0 | S71: =IFERROR(__xludf.DUMMYFUNCTION("""COMPUTED_VALUE"""),"Lunas") -> Lunas | T71: =TODAY() -> 46206 | U71: =IF(ISNA(vlookup(B71,DataExport!$D$2:$D$496,1,false)), "Belum", "Sudah") -> Belum
A72: =IF(B72="","",ROW(A72)-1) -> 71 | B72: =IFERROR(__xludf.DUMMYFUNCTION("""COMPUTED_VALUE"""),"MILLATUN NASYIFAH") -> MILLATUN NASYIFAH | C72: =IFERROR(__xludf.DUMMYFUNCTION("""COMPUTED_VALUE"""),2.024070645E9) -> 2024070645 | D72: =IFERROR(__xludf.DUMMYFUNCTION("""COMPUTED_VALUE"""),"D") -> D | E72: =IFERROR(__xludf.DUMMYFUNCTION("""COMPUTED_VALUE"""),"D-4") -> D-4 | F72: =IFERROR(__xludf.DUMMYFUNCTION("""COMPUTED_VALUE"""),3.0) -> 3 | G72: =IFERROR(__xludf.DUMMYFUNCTION("""COMPUTED_VALUE"""),"3 ULA C PUTRI") -> 3 ULA C PUTRI | H72: =IFERROR(__xludf.DUMMYFUNCTION("""COMPUTED_VALUE"""),"MTS-9 H") -> MTS-9 H | I72: =IFERROR(__xludf.DUMMYFUNCTION("""COMPUTED_VALUE"""),"NURMA HAYATI") -> NURMA HAYATI | J72: =IFERROR(__xludf.DUMMYFUNCTION("""COMPUTED_VALUE"""),"PJINGGAHAN TANJUNGORI RT - RW - TAMBAK GRESIK") -> PJINGGAHAN TANJUNGORI RT - RW - TAMBAK GRESIK | K72: =IFERROR(__xludf.DUMMYFUNCTION("""COMPUTED_VALUE"""),"626012046383") -> 626012046383 | L72: =IFERROR(__xludf.DUMMYFUNCTION("""COMPUTED_VALUE"""),0.0) -> 0 | M72: =IFERROR(__xludf.DUMMYFUNCTION("""COMPUTED_VALUE"""),0.0) -> 0 | N72: =IFERROR(__xludf.DUMMYFUNCTION("""COMPUTED_VALUE"""),0.0) -> 0 | O72: =IFERROR(__xludf.DUMMYFUNCTION("""COMPUTED_VALUE"""),0.0) -> 0 | S72: =IFERROR(__xludf.DUMMYFUNCTION("""COMPUTED_VALUE"""),"Lunas") -> Lunas | T72: =TODAY() -> 46206 | U72: =IF(ISNA(vlookup(B72,DataExport!$D$2:$D$496,1,false)), "Belum", "Sudah") -> Belum
A73: =IF(B73="","",ROW(A73)-1) -> 72 | B73: =IFERROR(__xludf.DUMMYFUNCTION("""COMPUTED_VALUE"""),"MITA NUR FAIZATUN NISA`") -> MITA NUR FAIZATUN NISA` | C73: =IFERROR(__xludf.DUMMYFUNCTION("""COMPUTED_VALUE"""),2.024070429E9) -> 2024070429 | D73: =IFERROR(__xludf.DUMMYFUNCTION("""COMPUTED_VALUE"""),"C") -> C | E73: =IFERROR(__xludf.DUMMYFUNCTION("""COMPUTED_VALUE"""),"C-7") -> C-7 | F73: =IFERROR(__xludf.DUMMYFUNCTION("""COMPUTED_VALUE"""),3.0) -> 3 | H73: =IFERROR(__xludf.DUMMYFUNCTION("""COMPUTED_VALUE"""),"MA-XII.13") -> MA-XII.13 | I73: =IFERROR(__xludf.DUMMYFUNCTION("""COMPUTED_VALUE"""),"PURYAMI") -> PURYAMI | J73: =IFERROR(__xludf.DUMMYFUNCTION("""COMPUTED_VALUE"""),"PENCOL WIDANG RT 005 RW 005 WIDANG TUBAN") -> PENCOL WIDANG RT 005 RW 005 WIDANG TUBAN | K73: =IFERROR(__xludf.DUMMYFUNCTION("""COMPUTED_VALUE"""),"6281332935951") -> 6281332935951 | L73: =IFERROR(__xludf.DUMMYFUNCTION("""COMPUTED_VALUE"""),0.0) -> 0 | M73: =IFERROR(__xludf.DUMMYFUNCTION("""COMPUTED_VALUE"""),0.0) -> 0 | N73: =IFERROR(__xludf.DUMMYFUNCTION("""COMPUTED_VALUE"""),0.0) -> 0 | O73: =IFERROR(__xludf.DUMMYFUNCTION("""COMPUTED_VALUE"""),0.0) -> 0 | S73: =IFERROR(__xludf.DUMMYFUNCTION("""COMPUTED_VALUE"""),"Lunas") -> Lunas | T73: =TODAY() -> 46206 | U73: =IF(ISNA(vlookup(B73,DataExport!$D$2:$D$496,1,false)), "Belum", "Sudah") -> Belum
A74: =IF(B74="","",ROW(A74)-1) -> 73 | B74: =IFERROR(__xludf.DUMMYFUNCTION("""COMPUTED_VALUE"""),"MOCH SLAMET JULIANTO") -> MOCH SLAMET JULIANTO | C74: =IFERROR(__xludf.DUMMYFUNCTION("""COMPUTED_VALUE"""),2.024070589E9) -> 2024070589 | D74: =IFERROR(__xludf.DUMMYFUNCTION("""COMPUTED_VALUE"""),"A") -> A | E74: =IFERROR(__xludf.DUMMYFUNCTION("""COMPUTED_VALUE"""),"A-8") -> A-8 | F74: =IFERROR(__xludf.DUMMYFUNCTION("""COMPUTED_VALUE"""),3.0) -> 3 | G74: =IFERROR(__xludf.DUMMYFUNCTION("""COMPUTED_VALUE"""),"3 ULA B PUTRA") -> 3 ULA B PUTRA | H74: =IFERROR(__xludf.DUMMYFUNCTION("""COMPUTED_VALUE"""),"MTS-9 B") -> MTS-9 B | I74: =IFERROR(__xludf.DUMMYFUNCTION("""COMPUTED_VALUE"""),"SRI ULFIATI") -> SRI ULFIATI | J74: =IFERROR(__xludf.DUMMYFUNCTION("""COMPUTED_VALUE"""),"SAWAH 2-A PEGIRIAN RT 009 RW 002 SEMAMPIR SURABAYA") -> SAWAH 2-A PEGIRIAN RT 009 RW 002 SEMAMPIR SURABAYA | K74: =IFERROR(__xludf.DUMMYFUNCTION("""COMPUTED_VALUE"""),"6285851745443") -> 6285851745443 | L74: =IFERROR(__xludf.DUMMYFUNCTION("""COMPUTED_VALUE"""),0.0) -> 0 | M74: =IFERROR(__xludf.DUMMYFUNCTION("""COMPUTED_VALUE"""),0.0) -> 0 | N74: =IFERROR(__xludf.DUMMYFUNCTION("""COMPUTED_VALUE"""),0.0) -> 0 | O74: =IFERROR(__xludf.DUMMYFUNCTION("""COMPUTED_VALUE"""),0.0) -> 0 | S74: =IFERROR(__xludf.DUMMYFUNCTION("""COMPUTED_VALUE"""),"Lunas") -> Lunas | T74: =TODAY() -> 46206 | U74: =IF(ISNA(vlookup(B74,DataExport!$D$2:$D$496,1,false)), "Belum", "Sudah") -> Belum
A75: =IF(B75="","",ROW(A75)-1) -> 74 | B75: =IFERROR(__xludf.DUMMYFUNCTION("""COMPUTED_VALUE"""),"MOCHAMMAD AL FATIH ABRISAM KURNIAWAN") -> MOCHAMMAD AL FATIH ABRISAM KURNIAWAN | C75: =IFERROR(__xludf.DUMMYFUNCTION("""COMPUTED_VALUE"""),2.024070637E9) -> 2024070637 | D75: =IFERROR(__xludf.DUMMYFUNCTION("""COMPUTED_VALUE"""),"A") -> A | E75: =IFERROR(__xludf.DUMMYFUNCTION("""COMPUTED_VALUE"""),"A-8") -> A-8 | F75: =IFERROR(__xludf.DUMMYFUNCTION("""COMPUTED_VALUE"""),3.0) -> 3 | G75: =IFERROR(__xludf.DUMMYFUNCTION("""COMPUTED_VALUE"""),"3 ULA B PUTRA") -> 3 ULA B PUTRA | H75: =IFERROR(__xludf.DUMMYFUNCTION("""COMPUTED_VALUE"""),"MTS-9 E") -> MTS-9 E | I75: =IFERROR(__xludf.DUMMYFUNCTION("""COMPUTED_VALUE"""),"WIWIT INDRAYATI") -> WIWIT INDRAYATI | J75: =IFERROR(__xludf.DUMMYFUNCTION("""COMPUTED_VALUE"""),"SUKOANYAR SIDOMUKTI RT 006 RW 002 KEMBANGBAHU LAMONGAN") -> SUKOANYAR SIDOMUKTI RT 006 RW 002 KEMBANGBAHU LAMONGAN | K75: =IFERROR(__xludf.DUMMYFUNCTION("""COMPUTED_VALUE"""),"6281553088645") -> 6281553088645 | L75: =IFERROR(__xludf.DUMMYFUNCTION("""COMPUTED_VALUE"""),0.0) -> 0 | M75: =IFERROR(__xludf.DUMMYFUNCTION("""COMPUTED_VALUE"""),0.0) -> 0 | N75: =IFERROR(__xludf.DUMMYFUNCTION("""COMPUTED_VALUE"""),0.0) -> 0 | O75: =IFERROR(__xludf.DUMMYFUNCTION("""COMPUTED_VALUE"""),0.0) -> 0 | S75: =IFERROR(__xludf.DUMMYFUNCTION("""COMPUTED_VALUE"""),"Lunas") -> Lunas | T75: =TODAY() -> 46206 | U75: =IF(ISNA(vlookup(B75,DataExport!$D$2:$D$496,1,false)), "Belum", "Sudah") -> Belum
A76: =IF(B76="","",ROW(A76)-1) -> 75 | B76: =IFERROR(__xludf.DUMMYFUNCTION("""COMPUTED_VALUE"""),"MOH. FAKHRI ARVIANSYAH") -> MOH. FAKHRI ARVIANSYAH | C76: =IFERROR(__xludf.DUMMYFUNCTION("""COMPUTED_VALUE"""),2.02407048E9) -> 2024070480 | D76: =IFERROR(__xludf.DUMMYFUNCTION("""COMPUTED_VALUE"""),"A") -> A | E76: =IFERROR(__xludf.DUMMYFUNCTION("""COMPUTED_VALUE"""),"A-8") -> A-8 | F76: =IFERROR(__xludf.DUMMYFUNCTION("""COMPUTED_VALUE"""),3.0) -> 3 | G76: =IFERROR(__xludf.DUMMYFUNCTION("""COMPUTED_VALUE"""),"3 ULA A PUTRA") -> 3 ULA A PUTRA | H76: =IFERROR(__xludf.DUMMYFUNCTION("""COMPUTED_VALUE"""),"MTS-9 F") -> MTS-9 F | I76: =IFERROR(__xludf.DUMMYFUNCTION("""COMPUTED_VALUE"""),"SUFINAH DWI ROKHMAH") -> SUFINAH DWI ROKHMAH | J76: =IFERROR(__xludf.DUMMYFUNCTION("""COMPUTED_VALUE"""),"KARANGTAPEN KARANGLANGIT RT 002 RW 004 LAMONGAN LAMONGAN") -> KARANGTAPEN KARANGLANGIT RT 002 RW 004 LAMONGAN LAMONGAN | K76: =IFERROR(__xludf.DUMMYFUNCTION("""COMPUTED_VALUE"""),"6285732561338") -> 6285732561338 | L76: =IFERROR(__xludf.DUMMYFUNCTION("""COMPUTED_VALUE"""),0.0) -> 0 | M76: =IFERROR(__xludf.DUMMYFUNCTION("""COMPUTED_VALUE"""),0.0) -> 0 | N76: =IFERROR(__xludf.DUMMYFUNCTION("""COMPUTED_VALUE"""),0.0) -> 0 | O76: =IFERROR(__xludf.DUMMYFUNCTION("""COMPUTED_VALUE"""),0.0) -> 0 | S76: =IFERROR(__xludf.DUMMYFUNCTION("""COMPUTED_VALUE"""),"Lunas") -> Lunas | T76: =TODAY() -> 46206 | U76: =IF(ISNA(vlookup(B76,DataExport!$D$2:$D$496,1,false)), "Belum", "Sudah") -> Belum
A77: =IF(B77="","",ROW(A77)-1) -> 76 | B77: =IFERROR(__xludf.DUMMYFUNCTION("""COMPUTED_VALUE"""),"MOH. VERRY HILMI MUBAROK") -> MOH. VERRY HILMI MUBAROK | C77: =IFERROR(__xludf.DUMMYFUNCTION("""COMPUTED_VALUE"""),2.024070552E9) -> 2024070552 | D77: =IFERROR(__xludf.DUMMYFUNCTION("""COMPUTED_VALUE"""),"A") -> A | E77: =IFERROR(__xludf.DUMMYFUNCTION("""COMPUTED_VALUE"""),"A-7") -> A-7 | F77: =IFERROR(__xludf.DUMMYFUNCTION("""COMPUTED_VALUE"""),3.0) -> 3 | G77: =IFERROR(__xludf.DUMMYFUNCTION("""COMPUTED_VALUE"""),"3 ULA B PUTRA") -> 3 ULA B PUTRA | H77: =IFERROR(__xludf.DUMMYFUNCTION("""COMPUTED_VALUE"""),"MTS-9 F") -> MTS-9 F | I77: =IFERROR(__xludf.DUMMYFUNCTION("""COMPUTED_VALUE"""),"NUR UMIYATI") -> NUR UMIYATI | J77: =IFERROR(__xludf.DUMMYFUNCTION("""COMPUTED_VALUE"""),"JL. GUNUNG BATU NO. 102 SUKARAJA RT 007 RW 002 CICENDO BANDUNG") -> JL. GUNUNG BATU NO. 102 SUKARAJA RT 007 RW 002 CICENDO BANDUNG | K77: =IFERROR(__xludf.DUMMYFUNCTION("""COMPUTED_VALUE"""),"6281221567120") -> 6281221567120 | L77: =IFERROR(__xludf.DUMMYFUNCTION("""COMPUTED_VALUE"""),0.0) -> 0 | M77: =IFERROR(__xludf.DUMMYFUNCTION("""COMPUTED_VALUE"""),0.0) -> 0 | N77: =IFERROR(__xludf.DUMMYFUNCTION("""COMPUTED_VALUE"""),0.0) -> 0 | O77: =IFERROR(__xludf.DUMMYFUNCTION("""COMPUTED_VALUE"""),0.0) -> 0 | S77: =IFERROR(__xludf.DUMMYFUNCTION("""COMPUTED_VALUE"""),"Lunas") -> Lunas | T77: =TODAY() -> 46206 | U77: =IF(ISNA(vlookup(B77,DataExport!$D$2:$D$496,1,false)), "Belum", "Sudah") -> Belum
A78: =IF(B78="","",ROW(A78)-1) -> 77 | B78: =IFERROR(__xludf.DUMMYFUNCTION("""COMPUTED_VALUE"""),"MUHAMMAD ARIS IBRAHIM") -> MUHAMMAD ARIS IBRAHIM | C78: =IFERROR(__xludf.DUMMYFUNCTION("""COMPUTED_VALUE"""),2.024070691E9) -> 2024070691 | D78: =IFERROR(__xludf.DUMMYFUNCTION("""COMPUTED_VALUE"""),"A") -> A | E78: =IFERROR(__xludf.DUMMYFUNCTION("""COMPUTED_VALUE"""),"A-10") -> A-10 | F78: =IFERROR(__xludf.DUMMYFUNCTION("""COMPUTED_VALUE"""),3.0) -> 3 | G78: =IFERROR(__xludf.DUMMYFUNCTION("""COMPUTED_VALUE"""),"3 WUSTHO PUTRA") -> 3 WUSTHO PUTRA | H78: =IFERROR(__xludf.DUMMYFUNCTION("""COMPUTED_VALUE"""),"SMK-XII TKJ 1") -> SMK-XII TKJ 1 | I78: =IFERROR(__xludf.DUMMYFUNCTION("""COMPUTED_VALUE"""),"EMI LAKSEMI ZAHARA") -> EMI LAKSEMI ZAHARA | J78: =IFERROR(__xludf.DUMMYFUNCTION("""COMPUTED_VALUE"""),"WANAR RT 001 RW 007 PUCUK LAMONGAN") -> WANAR RT 001 RW 007 PUCUK LAMONGAN | K78: =IFERROR(__xludf.DUMMYFUNCTION("""COMPUTED_VALUE"""),"6289523611658") -> 6289523611658 | L78: =IFERROR(__xludf.DUMMYFUNCTION("""COMPUTED_VALUE"""),0.0) -> 0 | M78: =IFERROR(__xludf.DUMMYFUNCTION("""COMPUTED_VALUE"""),0.0) -> 0 | N78: =IFERROR(__xludf.DUMMYFUNCTION("""COMPUTED_VALUE"""),0.0) -> 0 | O78: =IFERROR(__xludf.DUMMYFUNCTION("""COMPUTED_VALUE"""),0.0) -> 0 | S78: =IFERROR(__xludf.DUMMYFUNCTION("""COMPUTED_VALUE"""),"Lunas") -> Lunas | T78: =TODAY() -> 46206 | U78: =IF(ISNA(vlookup(B78,DataExport!$D$2:$D$496,1,false)), "Belum", "Sudah") -> Belum
A79: =IF(B79="","",ROW(A79)-1) -> 78 | B79: =IFERROR(__xludf.DUMMYFUNCTION("""COMPUTED_VALUE"""),"MUHAMMAD BINTANG MAULANA") -> MUHAMMAD BINTANG MAULANA | C79: =IFERROR(__xludf.DUMMYFUNCTION("""COMPUTED_VALUE"""),2.024070559E9) -> 2024070559 | D79: =IFERROR(__xludf.DUMMYFUNCTION("""COMPUTED_VALUE"""),"A") -> A | E79: =IFERROR(__xludf.DUMMYFUNCTION("""COMPUTED_VALUE"""),"A-8") -> A-8 | F79: =IFERROR(__xludf.DUMMYFUNCTION("""COMPUTED_VALUE"""),3.0) -> 3 | G79: =IFERROR(__xludf.DUMMYFUNCTION("""COMPUTED_VALUE"""),"3 ULA B PUTRA") -> 3 ULA B PUTRA | H79: =IFERROR(__xludf.DUMMYFUNCTION("""COMPUTED_VALUE"""),"MTS-9 C") -> MTS-9 C | I79: =IFERROR(__xludf.DUMMYFUNCTION("""COMPUTED_VALUE"""),"DEVININGTYAS") -> DEVININGTYAS | J79: =IFERROR(__xludf.DUMMYFUNCTION("""COMPUTED_VALUE"""),"DADAPAN RT 003 RW 001 SOLOKURO LAMONGAN") -> DADAPAN RT 003 RW 001 SOLOKURO LAMONGAN | K79: =IFERROR(__xludf.DUMMYFUNCTION("""COMPUTED_VALUE"""),"6285745898936") -> 6285745898936 | L79: =IFERROR(__xludf.DUMMYFUNCTION("""COMPUTED_VALUE"""),0.0) -> 0 | M79: =IFERROR(__xludf.DUMMYFUNCTION("""COMPUTED_VALUE"""),0.0) -> 0 | N79: =IFERROR(__xludf.DUMMYFUNCTION("""COMPUTED_VALUE"""),0.0) -> 0 | O79: =IFERROR(__xludf.DUMMYFUNCTION("""COMPUTED_VALUE"""),0.0) -> 0 | S79: =IFERROR(__xludf.DUMMYFUNCTION("""COMPUTED_VALUE"""),"Lunas") -> Lunas | T79: =TODAY() -> 46206 | U79: =IF(ISNA(vlookup(B79,DataExport!$D$2:$D$496,1,false)), "Belum", "Sudah") -> Belum
A80: =IF(B80="","",ROW(A80)-1) -> 79 | B80: =IFERROR(__xludf.DUMMYFUNCTION("""COMPUTED_VALUE"""),"MUHAMMAD DEDY FIRMANSYAH") -> MUHAMMAD DEDY FIRMANSYAH | C80: =IFERROR(__xludf.DUMMYFUNCTION("""COMPUTED_VALUE"""),2.024070482E9) -> 2024070482 | D80: =IFERROR(__xludf.DUMMYFUNCTION("""COMPUTED_VALUE"""),"A") -> A | E80: =IFERROR(__xludf.DUMMYFUNCTION("""COMPUTED_VALUE"""),"A-8") -> A-8 | F80: =IFERROR(__xludf.DUMMYFUNCTION("""COMPUTED_VALUE"""),3.0) -> 3 | G80: =IFERROR(__xludf.DUMMYFUNCTION("""COMPUTED_VALUE"""),"3 ULA A PUTRA") -> 3 ULA A PUTRA | H80: =IFERROR(__xludf.DUMMYFUNCTION("""COMPUTED_VALUE"""),"MTS-9 D") -> MTS-9 D | I80: =IFERROR(__xludf.DUMMYFUNCTION("""COMPUTED_VALUE"""),"SITI FILIZAH") -> SITI FILIZAH | J80: =IFERROR(__xludf.DUMMYFUNCTION("""COMPUTED_VALUE"""),"BLANGIT KARANGLANGIT RT 002 RW 002 LAMONGAN LAMONGAN") -> BLANGIT KARANGLANGIT RT 002 RW 002 LAMONGAN LAMONGAN | K80: =IFERROR(__xludf.DUMMYFUNCTION("""COMPUTED_VALUE"""),"6285425525123") -> 6285425525123 | L80: =IFERROR(__xludf.DUMMYFUNCTION("""COMPUTED_VALUE"""),0.0) -> 0 | M80: =IFERROR(__xludf.DUMMYFUNCTION("""COMPUTED_VALUE"""),0.0) -> 0 | N80: =IFERROR(__xludf.DUMMYFUNCTION("""COMPUTED_VALUE"""),0.0) -> 0 | O80: =IFERROR(__xludf.DUMMYFUNCTION("""COMPUTED_VALUE"""),0.0) -> 0 | S80: =IFERROR(__xludf.DUMMYFUNCTION("""COMPUTED_VALUE"""),"Lunas") -> Lunas | T80: =TODAY() -> 46206 | U80: =IF(ISNA(vlookup(B80,DataExport!$D$2:$D$496,1,false)), "Belum", "Sudah") -> Belum
A81: =IF(B81="","",ROW(A81)-1) -> 80 | B81: =IFERROR(__xludf.DUMMYFUNCTION("""COMPUTED_VALUE"""),"MUHAMMAD FIRDAUS AL AYYUBI") -> MUHAMMAD FIRDAUS AL AYYUBI | C81: =IFERROR(__xludf.DUMMYFUNCTION("""COMPUTED_VALUE"""),2.02407068E9) -> 2024070680 | D81: =IFERROR(__xludf.DUMMYFUNCTION("""COMPUTED_VALUE"""),"A") -> A | E81: =IFERROR(__xludf.DUMMYFUNCTION("""COMPUTED_VALUE"""),"A-10") -> A-10 | F81: =IFERROR(__xludf.DUMMYFUNCTION("""COMPUTED_VALUE"""),3.0) -> 3 | G81: =IFERROR(__xludf.DUMMYFUNCTION("""COMPUTED_VALUE"""),"3 WUSTHO PUTRA") -> 3 WUSTHO PUTRA | H81: =IFERROR(__xludf.DUMMYFUNCTION("""COMPUTED_VALUE"""),"SMK-XII TKJ 1") -> SMK-XII TKJ 1 | I81: =IFERROR(__xludf.DUMMYFUNCTION("""COMPUTED_VALUE"""),"SITI NASRIYATUN") -> SITI NASRIYATUN | J81: =IFERROR(__xludf.DUMMYFUNCTION("""COMPUTED_VALUE"""),"DAGAN RT 002 RW 002 SOLOKURO LAMONGAN") -> DAGAN RT 002 RW 002 SOLOKURO LAMONGAN | K81: =IFERROR(__xludf.DUMMYFUNCTION("""COMPUTED_VALUE"""),"6285648339606") -> 6285648339606 | L81: =IFERROR(__xludf.DUMMYFUNCTION("""COMPUTED_VALUE"""),0.0) -> 0 | M81: =IFERROR(__xludf.DUMMYFUNCTION("""COMPUTED_VALUE"""),0.0) -> 0 | N81: =IFERROR(__xludf.DUMMYFUNCTION("""COMPUTED_VALUE"""),0.0) -> 0 | O81: =IFERROR(__xludf.DUMMYFUNCTION("""COMPUTED_VALUE"""),0.0) -> 0 | S81: =IFERROR(__xludf.DUMMYFUNCTION("""COMPUTED_VALUE"""),"Lunas") -> Lunas | T81: =TODAY() -> 46206 | U81: =IF(ISNA(vlookup(B81,DataExport!$D$2:$D$496,1,false)), "Belum", "Sudah") -> Belum
A82: =IF(B82="","",ROW(A82)-1) -> 81 | B82: =IFERROR(__xludf.DUMMYFUNCTION("""COMPUTED_VALUE"""),"MUHAMMAD HAKIKI CHANDRA") -> MUHAMMAD HAKIKI CHANDRA | C82: =IFERROR(__xludf.DUMMYFUNCTION("""COMPUTED_VALUE"""),2.024070622E9) -> 2024070622 | D82: =IFERROR(__xludf.DUMMYFUNCTION("""COMPUTED_VALUE"""),"A") -> A | E82: =IFERROR(__xludf.DUMMYFUNCTION("""COMPUTED_VALUE"""),"A-8") -> A-8 | F82: =IFERROR(__xludf.DUMMYFUNCTION("""COMPUTED_VALUE"""),3.0) -> 3 | G82: =IFERROR(__xludf.DUMMYFUNCTION("""COMPUTED_VALUE"""),"3 ULA B PUTRA") -> 3 ULA B PUTRA | H82: =IFERROR(__xludf.DUMMYFUNCTION("""COMPUTED_VALUE"""),"MTS-9 E") -> MTS-9 E | I82: =IFERROR(__xludf.DUMMYFUNCTION("""COMPUTED_VALUE"""),"UMU SALAMAH") -> UMU SALAMAH | J82: =IFERROR(__xludf.DUMMYFUNCTION("""COMPUTED_VALUE"""),"WANGUN BARAT RT 003 RW 002 PALANG TUBAN") -> WANGUN BARAT RT 003 RW 002 PALANG TUBAN | K82: =IFERROR(__xludf.DUMMYFUNCTION("""COMPUTED_VALUE"""),"6282261176617") -> 6282261176617 | L82: =IFERROR(__xludf.DUMMYFUNCTION("""COMPUTED_VALUE"""),0.0) -> 0 | M82: =IFERROR(__xludf.DUMMYFUNCTION("""COMPUTED_VALUE"""),0.0) -> 0 | N82: =IFERROR(__xludf.DUMMYFUNCTION("""COMPUTED_VALUE"""),0.0) -> 0 | O82: =IFERROR(__xludf.DUMMYFUNCTION("""COMPUTED_VALUE"""),0.0) -> 0 | S82: =IFERROR(__xludf.DUMMYFUNCTION("""COMPUTED_VALUE"""),"Lunas") -> Lunas | T82: =TODAY() -> 46206 | U82: =IF(ISNA(vlookup(B82,DataExport!$D$2:$D$496,1,false)), "Belum", "Sudah") -> Belum
A83: =IF(B83="","",ROW(A83)-1) -> 82 | B83: =IFERROR(__xludf.DUMMYFUNCTION("""COMPUTED_VALUE"""),"MUHAMMAD HIBATULLAH TSAQIF") -> MUHAMMAD HIBATULLAH TSAQIF | C83: =IFERROR(__xludf.DUMMYFUNCTION("""COMPUTED_VALUE"""),2.024070097E9) -> 2024070097 | D83: =IFERROR(__xludf.DUMMYFUNCTION("""COMPUTED_VALUE"""),"A") -> A | E83: =IFERROR(__xludf.DUMMYFUNCTION("""COMPUTED_VALUE"""),"A-10") -> A-10 | F83: =IFERROR(__xludf.DUMMYFUNCTION("""COMPUTED_VALUE"""),3.0) -> 3 | G83: =IFERROR(__xludf.DUMMYFUNCTION("""COMPUTED_VALUE"""),"3 WUSTHO PUTRA") -> 3 WUSTHO PUTRA | H83: =IFERROR(__xludf.DUMMYFUNCTION("""COMPUTED_VALUE"""),"MA-XII.4") -> MA-XII.4 | I83: =IFERROR(__xludf.DUMMYFUNCTION("""COMPUTED_VALUE"""),"RIRIN FITYATUN YUNIS SA'IDAH") -> RIRIN FITYATUN YUNIS SA'IDAH | J83: =IFERROR(__xludf.DUMMYFUNCTION("""COMPUTED_VALUE"""),"SOLOKURO RT 004 RW 003 SOLOKURO LAMONGAN") -> SOLOKURO RT 004 RW 003 SOLOKURO LAMONGAN | K83: =IFERROR(__xludf.DUMMYFUNCTION("""COMPUTED_VALUE"""),"6285182276192") -> 6285182276192 | L83: =IFERROR(__xludf.DUMMYFUNCTION("""COMPUTED_VALUE"""),0.0) -> 0 | M83: =IFERROR(__xludf.DUMMYFUNCTION("""COMPUTED_VALUE"""),0.0) -> 0 | N83: =IFERROR(__xludf.DUMMYFUNCTION("""COMPUTED_VALUE"""),0.0) -> 0 | O83: =IFERROR(__xludf.DUMMYFUNCTION("""COMPUTED_VALUE"""),0.0) -> 0 | S83: =IFERROR(__xludf.DUMMYFUNCTION("""COMPUTED_VALUE"""),"Lunas") -> Lunas | T83: =TODAY() -> 46206 | U83: =IF(ISNA(vlookup(B83,DataExport!$D$2:$D$496,1,false)), "Belum", "Sudah") -> Belum
A84: =IF(B84="","",ROW(A84)-1) -> 83 | B84: =IFERROR(__xludf.DUMMYFUNCTION("""COMPUTED_VALUE"""),"MUHAMMAD IBRA HAJAR FARUQI") -> MUHAMMAD IBRA HAJAR FARUQI | C84: =IFERROR(__xludf.DUMMYFUNCTION("""COMPUTED_VALUE"""),2.024070739E9) -> 2024070739 | D84: =IFERROR(__xludf.DUMMYFUNCTION("""COMPUTED_VALUE"""),"A") -> A | E84: =IFERROR(__xludf.DUMMYFUNCTION("""COMPUTED_VALUE"""),"A-8") -> A-8 | F84: =IFERROR(__xludf.DUMMYFUNCTION("""COMPUTED_VALUE"""),3.0) -> 3 | G84: =IFERROR(__xludf.DUMMYFUNCTION("""COMPUTED_VALUE"""),"3 ULA B PUTRA") -> 3 ULA B PUTRA | H84: =IFERROR(__xludf.DUMMYFUNCTION("""COMPUTED_VALUE"""),"SMP-IX C") -> SMP-IX C | I84: =IFERROR(__xludf.DUMMYFUNCTION("""COMPUTED_VALUE"""),"SARPIYATUN") -> SARPIYATUN | J84: =IFERROR(__xludf.DUMMYFUNCTION("""COMPUTED_VALUE"""),"KEMLAGIGEDE RT 010 RW 002 TURI LAMONGAN") -> KEMLAGIGEDE RT 010 RW 002 TURI LAMONGAN | K84: =IFERROR(__xludf.DUMMYFUNCTION("""COMPUTED_VALUE"""),"628574573760") -> 628574573760 | L84: =IFERROR(__xludf.DUMMYFUNCTION("""COMPUTED_VALUE"""),0.0) -> 0 | M84: =IFERROR(__xludf.DUMMYFUNCTION("""COMPUTED_VALUE"""),0.0) -> 0 | N84: =IFERROR(__xludf.DUMMYFUNCTION("""COMPUTED_VALUE"""),0.0) -> 0 | O84: =IFERROR(__xludf.DUMMYFUNCTION("""COMPUTED_VALUE"""),0.0) -> 0 | S84: =IFERROR(__xludf.DUMMYFUNCTION("""COMPUTED_VALUE"""),"Lunas") -> Lunas | T84: =TODAY() -> 46206 | U84: =IF(ISNA(vlookup(B84,DataExport!$D$2:$D$496,1,false)), "Belum", "Sudah") -> Belum
A85: =IF(B85="","",ROW(A85)-1) -> 84 | B85: =IFERROR(__xludf.DUMMYFUNCTION("""COMPUTED_VALUE"""),"MUHAMMAD RAFI TAMAM") -> MUHAMMAD RAFI TAMAM | C85: =IFERROR(__xludf.DUMMYFUNCTION("""COMPUTED_VALUE"""),2.024070558E9) -> 2024070558 | D85: =IFERROR(__xludf.DUMMYFUNCTION("""COMPUTED_VALUE"""),"A") -> A | E85: =IFERROR(__xludf.DUMMYFUNCTION("""COMPUTED_VALUE"""),"A-8") -> A-8 | F85: =IFERROR(__xludf.DUMMYFUNCTION("""COMPUTED_VALUE"""),3.0) -> 3 | G85: =IFERROR(__xludf.DUMMYFUNCTION("""COMPUTED_VALUE"""),"3 ULA B PUTRA") -> 3 ULA B PUTRA | H85: =IFERROR(__xludf.DUMMYFUNCTION("""COMPUTED_VALUE"""),"MTS-9 C") -> MTS-9 C | I85: =IFERROR(__xludf.DUMMYFUNCTION("""COMPUTED_VALUE"""),"MAHFUDLOTIN") -> MAHFUDLOTIN | J85: =IFERROR(__xludf.DUMMYFUNCTION("""COMPUTED_VALUE"""),"DADAPAN RT 002 RW 001 SOLOKURO LAMONGAN") -> DADAPAN RT 002 RW 001 SOLOKURO LAMONGAN | K85: =IFERROR(__xludf.DUMMYFUNCTION("""COMPUTED_VALUE"""),"628578500200") -> 628578500200 | L85: =IFERROR(__xludf.DUMMYFUNCTION("""COMPUTED_VALUE"""),0.0) -> 0 | M85: =IFERROR(__xludf.DUMMYFUNCTION("""COMPUTED_VALUE"""),0.0) -> 0 | N85: =IFERROR(__xludf.DUMMYFUNCTION("""COMPUTED_VALUE"""),0.0) -> 0 | O85: =IFERROR(__xludf.DUMMYFUNCTION("""COMPUTED_VALUE"""),0.0) -> 0 | S85: =IFERROR(__xludf.DUMMYFUNCTION("""COMPUTED_VALUE"""),"Lunas") -> Lunas | T85: =TODAY() -> 46206 | U85: =IF(ISNA(vlookup(B85,DataExport!$D$2:$D$496,1,false)), "Belum", "Sudah") -> Belum
A86: =IF(B86="","",ROW(A86)-1) -> 85 | B86: =IFERROR(__xludf.DUMMYFUNCTION("""COMPUTED_VALUE"""),"MUHAMMAD ROHID ALY WAFA ASSYUKUR") -> MUHAMMAD ROHID ALY WAFA ASSYUKUR | C86: =IFERROR(__xludf.DUMMYFUNCTION("""COMPUTED_VALUE"""),2.024070496E9) -> 2024070496 | D86: =IFERROR(__xludf.DUMMYFUNCTION("""COMPUTED_VALUE"""),"A") -> A | E86: =IFERROR(__xludf.DUMMYFUNCTION("""COMPUTED_VALUE"""),"A-8") -> A-8 | F86: =IFERROR(__xludf.DUMMYFUNCTION("""COMPUTED_VALUE"""),3.0) -> 3 | G86: =IFERROR(__xludf.DUMMYFUNCTION("""COMPUTED_VALUE"""),"3 ULA A PUTRA") -> 3 ULA A PUTRA | H86: =IFERROR(__xludf.DUMMYFUNCTION("""COMPUTED_VALUE"""),"MTS-9 C") -> MTS-9 C | I86: =IFERROR(__xludf.DUMMYFUNCTION("""COMPUTED_VALUE"""),"ASMAUL HUSNA") -> ASMAUL HUSNA | J86: =IFERROR(__xludf.DUMMYFUNCTION("""COMPUTED_VALUE"""),"JUBAK NGUWOK RT 014 RW 006 MODO LAMONGAN") -> JUBAK NGUWOK RT 014 RW 006 MODO LAMONGAN | K86: =IFERROR(__xludf.DUMMYFUNCTION("""COMPUTED_VALUE"""),"6285607086322") -> 6285607086322 | L86: =IFERROR(__xludf.DUMMYFUNCTION("""COMPUTED_VALUE"""),0.0) -> 0 | M86: =IFERROR(__xludf.DUMMYFUNCTION("""COMPUTED_VALUE"""),0.0) -> 0 | N86: =IFERROR(__xludf.DUMMYFUNCTION("""COMPUTED_VALUE"""),0.0) -> 0 | O86: =IFERROR(__xludf.DUMMYFUNCTION("""COMPUTED_VALUE"""),0.0) -> 0 | S86: =IFERROR(__xludf.DUMMYFUNCTION("""COMPUTED_VALUE"""),"Lunas") -> Lunas | T86: =TODAY() -> 46206 | U86: =IF(ISNA(vlookup(B86,DataExport!$D$2:$D$496,1,false)), "Belum", "Sudah") -> Belum
A87: =IF(B87="","",ROW(A87)-1) -> 86 | B87: =IFERROR(__xludf.DUMMYFUNCTION("""COMPUTED_VALUE"""),"MUHAMMAD SABIL FIRDAUS") -> MUHAMMAD SABIL FIRDAUS | C87: =IFERROR(__xludf.DUMMYFUNCTION("""COMPUTED_VALUE"""),2.024070451E9) -> 2024070451 | D87: =IFERROR(__xludf.DUMMYFUNCTION("""COMPUTED_VALUE"""),"A") -> A | E87: =IFERROR(__xludf.DUMMYFUNCTION("""COMPUTED_VALUE"""),"A-13") -> A-13 | F87: =IFERROR(__xludf.DUMMYFUNCTION("""COMPUTED_VALUE"""),3.0) -> 3 | H87: =IFERROR(__xludf.DUMMYFUNCTION("""COMPUTED_VALUE"""),"MTS-9 A") -> MTS-9 A | I87: =IFERROR(__xludf.DUMMYFUNCTION("""COMPUTED_VALUE"""),"SITI MUSAROH") -> SITI MUSAROH | J87: =IFERROR(__xludf.DUMMYFUNCTION("""COMPUTED_VALUE"""),"SUMBERMULYO SUKOMULYO RT 004 RW 002 LAMONGAN LAMONGAN") -> SUMBERMULYO SUKOMULYO RT 004 RW 002 LAMONGAN LAMONGAN | K87: =IFERROR(__xludf.DUMMYFUNCTION("""COMPUTED_VALUE"""),"6285816909650") -> 6285816909650 | L87: =IFERROR(__xludf.DUMMYFUNCTION("""COMPUTED_VALUE"""),0.0) -> 0 | M87: =IFERROR(__xludf.DUMMYFUNCTION("""COMPUTED_VALUE"""),0.0) -> 0 | N87: =IFERROR(__xludf.DUMMYFUNCTION("""COMPUTED_VALUE"""),0.0) -> 0 | O87: =IFERROR(__xludf.DUMMYFUNCTION("""COMPUTED_VALUE"""),0.0) -> 0 | S87: =IFERROR(__xludf.DUMMYFUNCTION("""COMPUTED_VALUE"""),"Lunas") -> Lunas | T87: =TODAY() -> 46206 | U87: =IF(ISNA(vlookup(B87,DataExport!$D$2:$D$496,1,false)), "Belum", "Sudah") -> Belum
A88: =IF(B88="","",ROW(A88)-1) -> 87 | B88: =IFERROR(__xludf.DUMMYFUNCTION("""COMPUTED_VALUE"""),"MUHAMMAD SYAFI` AL FATHIR") -> MUHAMMAD SYAFI` AL FATHIR | C88: =IFERROR(__xludf.DUMMYFUNCTION("""COMPUTED_VALUE"""),2.024070588E9) -> 2024070588 | D88: =IFERROR(__xludf.DUMMYFUNCTION("""COMPUTED_VALUE"""),"A") -> A | E88: =IFERROR(__xludf.DUMMYFUNCTION("""COMPUTED_VALUE"""),"A-8") -> A-8 | F88: =IFERROR(__xludf.DUMMYFUNCTION("""COMPUTED_VALUE"""),3.0) -> 3 | G88: =IFERROR(__xludf.DUMMYFUNCTION("""COMPUTED_VALUE"""),"3 ULA B PUTRA") -> 3 ULA B PUTRA | H88: =IFERROR(__xludf.DUMMYFUNCTION("""COMPUTED_VALUE"""),"MTS-9 B") -> MTS-9 B | I88: =IFERROR(__xludf.DUMMYFUNCTION("""COMPUTED_VALUE"""),"SULISTIAWATI") -> SULISTIAWATI | J88: =IFERROR(__xludf.DUMMYFUNCTION("""COMPUTED_VALUE"""),"NGAYUNG RT 003 RW 001 MADURAN LAMONGAN") -> NGAYUNG RT 003 RW 001 MADURAN LAMONGAN | K88: =IFERROR(__xludf.DUMMYFUNCTION("""COMPUTED_VALUE"""),"6285850361410") -> 6285850361410 | L88: =IFERROR(__xludf.DUMMYFUNCTION("""COMPUTED_VALUE"""),0.0) -> 0 | M88: =IFERROR(__xludf.DUMMYFUNCTION("""COMPUTED_VALUE"""),0.0) -> 0 | N88: =IFERROR(__xludf.DUMMYFUNCTION("""COMPUTED_VALUE"""),0.0) -> 0 | O88: =IFERROR(__xludf.DUMMYFUNCTION("""COMPUTED_VALUE"""),0.0) -> 0 | S88: =IFERROR(__xludf.DUMMYFUNCTION("""COMPUTED_VALUE"""),"Lunas") -> Lunas | T88: =TODAY() -> 46206 | U88: =IF(ISNA(vlookup(B88,DataExport!$D$2:$D$496,1,false)), "Belum", "Sudah") -> Belum
A89: =IF(B89="","",ROW(A89)-1) -> 88 | B89: =IFERROR(__xludf.DUMMYFUNCTION("""COMPUTED_VALUE"""),"MUHAMMAD TSAQIF WIRA ARDANA") -> MUHAMMAD TSAQIF WIRA ARDANA | C89: =IFERROR(__xludf.DUMMYFUNCTION("""COMPUTED_VALUE"""),2.024070725E9) -> 2024070725 | D89: =IFERROR(__xludf.DUMMYFUNCTION("""COMPUTED_VALUE"""),"A") -> A | E89: =IFERROR(__xludf.DUMMYFUNCTION("""COMPUTED_VALUE"""),"A-13") -> A-13 | F89: =IFERROR(__xludf.DUMMYFUNCTION("""COMPUTED_VALUE"""),3.0) -> 3 | H89: =IFERROR(__xludf.DUMMYFUNCTION("""COMPUTED_VALUE"""),"SMP-IX B") -> SMP-IX B | I89: =IFERROR(__xludf.DUMMYFUNCTION("""COMPUTED_VALUE"""),"YUYUN HANIFAH") -> YUYUN HANIFAH | J89: =IFERROR(__xludf.DUMMYFUNCTION("""COMPUTED_VALUE"""),"PRINGGOBOYO RT 002 RW 001 MADURAN LAMONGAN") -> PRINGGOBOYO RT 002 RW 001 MADURAN LAMONGAN | K89: =IFERROR(__xludf.DUMMYFUNCTION("""COMPUTED_VALUE"""),"6281330019092") -> 6281330019092 | L89: =IFERROR(__xludf.DUMMYFUNCTION("""COMPUTED_VALUE"""),0.0) -> 0 | M89: =IFERROR(__xludf.DUMMYFUNCTION("""COMPUTED_VALUE"""),0.0) -> 0 | N89: =IFERROR(__xludf.DUMMYFUNCTION("""COMPUTED_VALUE"""),0.0) -> 0 | O89: =IFERROR(__xludf.DUMMYFUNCTION("""COMPUTED_VALUE"""),0.0) -> 0 | S89: =IFERROR(__xludf.DUMMYFUNCTION("""COMPUTED_VALUE"""),"Lunas") -> Lunas | T89: =TODAY() -> 46206 | U89: =IF(ISNA(vlookup(B89,DataExport!$D$2:$D$496,1,false)), "Belum", "Sudah") -> Belum
A90: =IF(B90="","",ROW(A90)-1) -> 89 | B90: =IFERROR(__xludf.DUMMYFUNCTION("""COMPUTED_VALUE"""),"MUHAMMAD ULINNUHA") -> MUHAMMAD ULINNUHA | C90: =IFERROR(__xludf.DUMMYFUNCTION("""COMPUTED_VALUE"""),2.024070034E9) -> 2024070034 | D90: =IFERROR(__xludf.DUMMYFUNCTION("""COMPUTED_VALUE"""),"A") -> A | E90: =IFERROR(__xludf.DUMMYFUNCTION("""COMPUTED_VALUE"""),"A-4") -> A-4 | F90: =IFERROR(__xludf.DUMMYFUNCTION("""COMPUTED_VALUE"""),3.0) -> 3 | G90: =IFERROR(__xludf.DUMMYFUNCTION("""COMPUTED_VALUE"""),"3 WUSTHO PUTRA") -> 3 WUSTHO PUTRA | H90: =IFERROR(__xludf.DUMMYFUNCTION("""COMPUTED_VALUE"""),"MA-XII.2") -> MA-XII.2 | I90: =IFERROR(__xludf.DUMMYFUNCTION("""COMPUTED_VALUE"""),"RUKHOYATN") -> RUKHOYATN | J90: =IFERROR(__xludf.DUMMYFUNCTION("""COMPUTED_VALUE"""),"WARUK RT 001 RW 002 KARANGBINANGUN LAMONGAN") -> WARUK RT 001 RW 002 KARANGBINANGUN LAMONGAN | K90: =IFERROR(__xludf.DUMMYFUNCTION("""COMPUTED_VALUE"""),"6285230868111") -> 6285230868111 | L90: =IFERROR(__xludf.DUMMYFUNCTION("""COMPUTED_VALUE"""),0.0) -> 0 | M90: =IFERROR(__xludf.DUMMYFUNCTION("""COMPUTED_VALUE"""),0.0) -> 0 | N90: =IFERROR(__xludf.DUMMYFUNCTION("""COMPUTED_VALUE"""),0.0) -> 0 | O90: =IFERROR(__xludf.DUMMYFUNCTION("""COMPUTED_VALUE"""),0.0) -> 0 | S90: =IFERROR(__xludf.DUMMYFUNCTION("""COMPUTED_VALUE"""),"Lunas") -> Lunas | T90: =TODAY() -> 46206 | U90: =IF(ISNA(vlookup(B90,DataExport!$D$2:$D$496,1,false)), "Belum", "Sudah") -> Belum
A91: =IF(B91="","",ROW(A91)-1) -> 90 | B91: =IFERROR(__xludf.DUMMYFUNCTION("""COMPUTED_VALUE"""),"MUTIARA AZZAHRA") -> MUTIARA AZZAHRA | C91: =IFERROR(__xludf.DUMMYFUNCTION("""COMPUTED_VALUE"""),2.024070562E9) -> 2024070562 | D91: =IFERROR(__xludf.DUMMYFUNCTION("""COMPUTED_VALUE"""),"C") -> C | E91: =IFERROR(__xludf.DUMMYFUNCTION("""COMPUTED_VALUE"""),"C-3") -> C-3 | F91: =IFERROR(__xludf.DUMMYFUNCTION("""COMPUTED_VALUE"""),3.0) -> 3 | G91: =IFERROR(__xludf.DUMMYFUNCTION("""COMPUTED_VALUE"""),"3 ULA A PUTRI") -> 3 ULA A PUTRI | H91: =IFERROR(__xludf.DUMMYFUNCTION("""COMPUTED_VALUE"""),"MTS-9 D") -> MTS-9 D | I91: =IFERROR(__xludf.DUMMYFUNCTION("""COMPUTED_VALUE"""),"YATIKAH") -> YATIKAH | J91: =IFERROR(__xludf.DUMMYFUNCTION("""COMPUTED_VALUE"""),"DADAPAN RT 004 RW 001 SOLOKURO LAMONGAN") -> DADAPAN RT 004 RW 001 SOLOKURO LAMONGAN | K91: =IFERROR(__xludf.DUMMYFUNCTION("""COMPUTED_VALUE"""),"6285852265482") -> 6285852265482 | L91: =IFERROR(__xludf.DUMMYFUNCTION("""COMPUTED_VALUE"""),0.0) -> 0 | M91: =IFERROR(__xludf.DUMMYFUNCTION("""COMPUTED_VALUE"""),0.0) -> 0 | N91: =IFERROR(__xludf.DUMMYFUNCTION("""COMPUTED_VALUE"""),0.0) -> 0 | O91: =IFERROR(__xludf.DUMMYFUNCTION("""COMPUTED_VALUE"""),0.0) -> 0 | S91: =IFERROR(__xludf.DUMMYFUNCTION("""COMPUTED_VALUE"""),"Lunas") -> Lunas | T91: =TODAY() -> 46206 | U91: =IF(ISNA(vlookup(B91,DataExport!$D$2:$D$496,1,false)), "Belum", "Sudah") -> Belum
A92: =IF(B92="","",ROW(A92)-1) -> 91 | B92: =IFERROR(__xludf.DUMMYFUNCTION("""COMPUTED_VALUE"""),"NA`ILAH SINTA NURIYYAH") -> NA`ILAH SINTA NURIYYAH | C92: =IFERROR(__xludf.DUMMYFUNCTION("""COMPUTED_VALUE"""),2.024070581E9) -> 2024070581 | D92: =IFERROR(__xludf.DUMMYFUNCTION("""COMPUTED_VALUE"""),"E") -> E | E92: =IFERROR(__xludf.DUMMYFUNCTION("""COMPUTED_VALUE"""),"E-3") -> E-3 | F92: =IFERROR(__xludf.DUMMYFUNCTION("""COMPUTED_VALUE"""),3.0) -> 3 | G92: =IFERROR(__xludf.DUMMYFUNCTION("""COMPUTED_VALUE"""),"3 ULA B PUTRI") -> 3 ULA B PUTRI | H92: =IFERROR(__xludf.DUMMYFUNCTION("""COMPUTED_VALUE"""),"MTS-9 H") -> MTS-9 H | I92: =IFERROR(__xludf.DUMMYFUNCTION("""COMPUTED_VALUE"""),"SITI SHOFIYAH") -> SITI SHOFIYAH | J92: =IFERROR(__xludf.DUMMYFUNCTION("""COMPUTED_VALUE"""),"SUNAN MURIA LATUKAN RT 002 RW 001 KARANGGENENG LAMONGAN") -> SUNAN MURIA LATUKAN RT 002 RW 001 KARANGGENENG LAMONGAN | K92: =IFERROR(__xludf.DUMMYFUNCTION("""COMPUTED_VALUE"""),"6283135957352") -> 6283135957352 | L92: =IFERROR(__xludf.DUMMYFUNCTION("""COMPUTED_VALUE"""),0.0) -> 0 | M92: =IFERROR(__xludf.DUMMYFUNCTION("""COMPUTED_VALUE"""),0.0) -> 0 | N92: =IFERROR(__xludf.DUMMYFUNCTION("""COMPUTED_VALUE"""),0.0) -> 0 | O92: =IFERROR(__xludf.DUMMYFUNCTION("""COMPUTED_VALUE"""),0.0) -> 0 | S92: =IFERROR(__xludf.DUMMYFUNCTION("""COMPUTED_VALUE"""),"Lunas") -> Lunas | T92: =TODAY() -> 46206 | U92: =IF(ISNA(vlookup(B92,DataExport!$D$2:$D$496,1,false)), "Belum", "Sudah") -> Belum
A93: =IF(B93="","",ROW(A93)-1) -> 92 | B93: =IFERROR(__xludf.DUMMYFUNCTION("""COMPUTED_VALUE"""),"NABELLA ARDELIYAH") -> NABELLA ARDELIYAH | C93: =IFERROR(__xludf.DUMMYFUNCTION("""COMPUTED_VALUE"""),2.024070381E9) -> 2024070381 | D93: =IFERROR(__xludf.DUMMYFUNCTION("""COMPUTED_VALUE"""),"D") -> D | E93: =IFERROR(__xludf.DUMMYFUNCTION("""COMPUTED_VALUE"""),"D-6") -> D-6 | F93: =IFERROR(__xludf.DUMMYFUNCTION("""COMPUTED_VALUE"""),3.0) -> 3 | G93: =IFERROR(__xludf.DUMMYFUNCTION("""COMPUTED_VALUE"""),"3 WUSTHO C PUTRI") -> 3 WUSTHO C PUTRI | H93: =IFERROR(__xludf.DUMMYFUNCTION("""COMPUTED_VALUE"""),"MA-XII.12") -> MA-XII.12 | I93: =IFERROR(__xludf.DUMMYFUNCTION("""COMPUTED_VALUE"""),"NIMATUL KHOIRIYAH") -> NIMATUL KHOIRIYAH | J93: =IFERROR(__xludf.DUMMYFUNCTION("""COMPUTED_VALUE"""),"KEDUNGMEGARIH RT 020 RW 005 KEMBANGBAHU LAMONGAN") -> KEDUNGMEGARIH RT 020 RW 005 KEMBANGBAHU LAMONGAN | K93: =IFERROR(__xludf.DUMMYFUNCTION("""COMPUTED_VALUE"""),"6285815119048") -> 6285815119048 | L93: =IFERROR(__xludf.DUMMYFUNCTION("""COMPUTED_VALUE"""),0.0) -> 0 | M93: =IFERROR(__xludf.DUMMYFUNCTION("""COMPUTED_VALUE"""),0.0) -> 0 | N93: =IFERROR(__xludf.DUMMYFUNCTION("""COMPUTED_VALUE"""),0.0) -> 0 | O93: =IFERROR(__xludf.DUMMYFUNCTION("""COMPUTED_VALUE"""),0.0) -> 0 | S93: =IFERROR(__xludf.DUMMYFUNCTION("""COMPUTED_VALUE"""),"Lunas") -> Lunas | T93: =TODAY() -> 46206 | U93: =IF(ISNA(vlookup(B93,DataExport!$D$2:$D$496,1,false)), "Belum", "Sudah") -> Belum
A94: =IF(B94="","",ROW(A94)-1) -> 93 | B94: =IFERROR(__xludf.DUMMYFUNCTION("""COMPUTED_VALUE"""),"NADIA ZAHROTUSYTA") -> NADIA ZAHROTUSYTA | C94: =IFERROR(__xludf.DUMMYFUNCTION("""COMPUTED_VALUE"""),2.024070693E9) -> 2024070693 | D94: =IFERROR(__xludf.DUMMYFUNCTION("""COMPUTED_VALUE"""),"C") -> C | E94: =IFERROR(__xludf.DUMMYFUNCTION("""COMPUTED_VALUE"""),"C-4") -> C-4 | F94: =IFERROR(__xludf.DUMMYFUNCTION("""COMPUTED_VALUE"""),3.0) -> 3 | G94: =IFERROR(__xludf.DUMMYFUNCTION("""COMPUTED_VALUE"""),"3 WUSTHO B PUTRI") -> 3 WUSTHO B PUTRI | H94: =IFERROR(__xludf.DUMMYFUNCTION("""COMPUTED_VALUE"""),"SMK-XII LPb") -> SMK-XII LPb | I94: =IFERROR(__xludf.DUMMYFUNCTION("""COMPUTED_VALUE"""),"SITI KHODIJAH") -> SITI KHODIJAH | J94: =IFERROR(__xludf.DUMMYFUNCTION("""COMPUTED_VALUE"""),"KP SINDANGASIH BANJARWARINGIN RT 005 RW 001 SALOPA TASIKMALAYA") -> KP SINDANGASIH BANJARWARINGIN RT 005 RW 001 SALOPA TASIKMALAYA | K94: =IFERROR(__xludf.DUMMYFUNCTION("""COMPUTED_VALUE"""),"6282120539883") -> 6282120539883 | L94: =IFERROR(__xludf.DUMMYFUNCTION("""COMPUTED_VALUE"""),0.0) -> 0 | M94: =IFERROR(__xludf.DUMMYFUNCTION("""COMPUTED_VALUE"""),0.0) -> 0 | N94: =IFERROR(__xludf.DUMMYFUNCTION("""COMPUTED_VALUE"""),0.0) -> 0 | O94: =IFERROR(__xludf.DUMMYFUNCTION("""COMPUTED_VALUE"""),0.0) -> 0 | S94: =IFERROR(__xludf.DUMMYFUNCTION("""COMPUTED_VALUE"""),"Lunas") -> Lunas | T94: =TODAY() -> 46206 | U94: =IF(ISNA(vlookup(B94,DataExport!$D$2:$D$496,1,false)), "Belum", "Sudah") -> Belum
A95: =IF(B95="","",ROW(A95)-1) -> 94 | B95: =IFERROR(__xludf.DUMMYFUNCTION("""COMPUTED_VALUE"""),"NAFISA BARROTUS TSANIAH") -> NAFISA BARROTUS TSANIAH | C95: =IFERROR(__xludf.DUMMYFUNCTION("""COMPUTED_VALUE"""),2.024070018E9) -> 2024070018 | D95: =IFERROR(__xludf.DUMMYFUNCTION("""COMPUTED_VALUE"""),"C") -> C | E95: =IFERROR(__xludf.DUMMYFUNCTION("""COMPUTED_VALUE"""),"C-2") -> C-2 | F95: =IFERROR(__xludf.DUMMYFUNCTION("""COMPUTED_VALUE"""),3.0) -> 3 | H95: =IFERROR(__xludf.DUMMYFUNCTION("""COMPUTED_VALUE"""),"MA-XII.1") -> MA-XII.1 | I95: =IFERROR(__xludf.DUMMYFUNCTION("""COMPUTED_VALUE"""),"NASRI'AH") -> NASRI'AH | J95: =IFERROR(__xludf.DUMMYFUNCTION("""COMPUTED_VALUE"""),"KEMLAGIGEDE RT 12 RW 2 TURI LAMONGAN") -> KEMLAGIGEDE RT 12 RW 2 TURI LAMONGAN | K95: =IFERROR(__xludf.DUMMYFUNCTION("""COMPUTED_VALUE"""),"62881036103894") -> 62881036103894 | L95: =IFERROR(__xludf.DUMMYFUNCTION("""COMPUTED_VALUE"""),0.0) -> 0 | M95: =IFERROR(__xludf.DUMMYFUNCTION("""COMPUTED_VALUE"""),0.0) -> 0 | N95: =IFERROR(__xludf.DUMMYFUNCTION("""COMPUTED_VALUE"""),0.0) -> 0 | O95: =IFERROR(__xludf.DUMMYFUNCTION("""COMPUTED_VALUE"""),0.0) -> 0 | S95: =IFERROR(__xludf.DUMMYFUNCTION("""COMPUTED_VALUE"""),"Lunas") -> Lunas | T95: =TODAY() -> 46206 | U95: =IF(ISNA(vlookup(B95,DataExport!$D$2:$D$496,1,false)), "Belum", "Sudah") -> Belum
A96: =IF(B96="","",ROW(A96)-1) -> 95 | B96: =IFERROR(__xludf.DUMMYFUNCTION("""COMPUTED_VALUE"""),"NAILIS SA`ADAH ALFIYANAH") -> NAILIS SA`ADAH ALFIYANAH | C96: =IFERROR(__xludf.DUMMYFUNCTION("""COMPUTED_VALUE"""),2.024070431E9) -> 2024070431 | D96: =IFERROR(__xludf.DUMMYFUNCTION("""COMPUTED_VALUE"""),"C") -> C | E96: =IFERROR(__xludf.DUMMYFUNCTION("""COMPUTED_VALUE"""),"C-7") -> C-7 | F96: =IFERROR(__xludf.DUMMYFUNCTION("""COMPUTED_VALUE"""),3.0) -> 3 | H96: =IFERROR(__xludf.DUMMYFUNCTION("""COMPUTED_VALUE"""),"MA-XII.13") -> MA-XII.13 | I96: =IFERROR(__xludf.DUMMYFUNCTION("""COMPUTED_VALUE"""),"SITI KHOZANAH") -> SITI KHOZANAH | J96: =IFERROR(__xludf.DUMMYFUNCTION("""COMPUTED_VALUE"""),"CABEAN NGEMBOH RT 001 RW 006 UJUNGPANGKAH GRESIK") -> CABEAN NGEMBOH RT 001 RW 006 UJUNGPANGKAH GRESIK | K96: =IFERROR(__xludf.DUMMYFUNCTION("""COMPUTED_VALUE"""),"6285330164564") -> 6285330164564 | L96: =IFERROR(__xludf.DUMMYFUNCTION("""COMPUTED_VALUE"""),0.0) -> 0 | M96: =IFERROR(__xludf.DUMMYFUNCTION("""COMPUTED_VALUE"""),0.0) -> 0 | N96: =IFERROR(__xludf.DUMMYFUNCTION("""COMPUTED_VALUE"""),0.0) -> 0 | O96: =IFERROR(__xludf.DUMMYFUNCTION("""COMPUTED_VALUE"""),0.0) -> 0 | S96: =IFERROR(__xludf.DUMMYFUNCTION("""COMPUTED_VALUE"""),"Lunas") -> Lunas | T96: =TODAY() -> 46206 | U96: =IF(ISNA(vlookup(B96,DataExport!$D$2:$D$496,1,false)), "Belum", "Sudah") -> Belum
A97: =IF(B97="","",ROW(A97)-1) -> 96 | B97: =IFERROR(__xludf.DUMMYFUNCTION("""COMPUTED_VALUE"""),"NAJWA ANAYA PUTRI FATIHAH") -> NAJWA ANAYA PUTRI FATIHAH | C97: =IFERROR(__xludf.DUMMYFUNCTION("""COMPUTED_VALUE"""),2.024070019E9) -> 2024070019 | D97: =IFERROR(__xludf.DUMMYFUNCTION("""COMPUTED_VALUE"""),"C") -> C | E97: =IFERROR(__xludf.DUMMYFUNCTION("""COMPUTED_VALUE"""),"C-2") -> C-2 | F97: =IFERROR(__xludf.DUMMYFUNCTION("""COMPUTED_VALUE"""),3.0) -> 3 | H97: =IFERROR(__xludf.DUMMYFUNCTION("""COMPUTED_VALUE"""),"MA-XII.1") -> MA-XII.1 | I97: =IFERROR(__xludf.DUMMYFUNCTION("""COMPUTED_VALUE"""),"ILMIYAH FADLOL") -> ILMIYAH FADLOL | J97: =IFERROR(__xludf.DUMMYFUNCTION("""COMPUTED_VALUE"""),"KARANGREJO RT 005 RW 003 UJUNGPANGKAH GRESIK") -> KARANGREJO RT 005 RW 003 UJUNGPANGKAH GRESIK | K97: =IFERROR(__xludf.DUMMYFUNCTION("""COMPUTED_VALUE"""),"6281232654948") -> 6281232654948 | L97: =IFERROR(__xludf.DUMMYFUNCTION("""COMPUTED_VALUE"""),0.0) -> 0 | M97: =IFERROR(__xludf.DUMMYFUNCTION("""COMPUTED_VALUE"""),0.0) -> 0 | N97: =IFERROR(__xludf.DUMMYFUNCTION("""COMPUTED_VALUE"""),0.0) -> 0 | O97: =IFERROR(__xludf.DUMMYFUNCTION("""COMPUTED_VALUE"""),0.0) -> 0 | S97: =IFERROR(__xludf.DUMMYFUNCTION("""COMPUTED_VALUE"""),"Lunas") -> Lunas | T97: =TODAY() -> 46206 | U97: =IF(ISNA(vlookup(B97,DataExport!$D$2:$D$496,1,false)), "Belum", "Sudah") -> Belum
A98: =IF(B98="","",ROW(A98)-1) -> 97 | B98: =IFERROR(__xludf.DUMMYFUNCTION("""COMPUTED_VALUE"""),"NALA RAHMAH RAMADHANI") -> NALA RAHMAH RAMADHANI | C98: =IFERROR(__xludf.DUMMYFUNCTION("""COMPUTED_VALUE"""),2.024070599E9) -> 2024070599 | D98: =IFERROR(__xludf.DUMMYFUNCTION("""COMPUTED_VALUE"""),"D") -> D | E98: =IFERROR(__xludf.DUMMYFUNCTION("""COMPUTED_VALUE"""),"D-4") -> D-4 | F98: =IFERROR(__xludf.DUMMYFUNCTION("""COMPUTED_VALUE"""),3.0) -> 3 | G98: =IFERROR(__xludf.DUMMYFUNCTION("""COMPUTED_VALUE"""),"3 ULA C PUTRI") -> 3 ULA C PUTRI | H98: =IFERROR(__xludf.DUMMYFUNCTION("""COMPUTED_VALUE"""),"MTS-9 C") -> MTS-9 C | I98: =IFERROR(__xludf.DUMMYFUNCTION("""COMPUTED_VALUE"""),"MAFTUHAH") -> MAFTUHAH | J98: =IFERROR(__xludf.DUMMYFUNCTION("""COMPUTED_VALUE"""),"SUMURBER RT 016 RW 005 PANCENG GRESIK") -> SUMURBER RT 016 RW 005 PANCENG GRESIK | K98: =IFERROR(__xludf.DUMMYFUNCTION("""COMPUTED_VALUE"""),"6285648197578") -> 6285648197578 | L98: =IFERROR(__xludf.DUMMYFUNCTION("""COMPUTED_VALUE"""),0.0) -> 0 | M98: =IFERROR(__xludf.DUMMYFUNCTION("""COMPUTED_VALUE"""),0.0) -> 0 | N98: =IFERROR(__xludf.DUMMYFUNCTION("""COMPUTED_VALUE"""),0.0) -> 0 | O98: =IFERROR(__xludf.DUMMYFUNCTION("""COMPUTED_VALUE"""),0.0) -> 0 | S98: =IFERROR(__xludf.DUMMYFUNCTION("""COMPUTED_VALUE"""),"Lunas") -> Lunas | T98: =TODAY() -> 46206 | U98: =IF(ISNA(vlookup(B98,DataExport!$D$2:$D$496,1,false)), "Belum", "Sudah") -> Belum
A99: =IF(B99="","",ROW(A99)-1) -> 98 | B99: =IFERROR(__xludf.DUMMYFUNCTION("""COMPUTED_VALUE"""),"NANDA RAGIL DAVINA BATRISYA") -> NANDA RAGIL DAVINA BATRISYA | C99: =IFERROR(__xludf.DUMMYFUNCTION("""COMPUTED_VALUE"""),2.024070531E9) -> 2024070531 | D99: =IFERROR(__xludf.DUMMYFUNCTION("""COMPUTED_VALUE"""),"D") -> D | E99: =IFERROR(__xludf.DUMMYFUNCTION("""COMPUTED_VALUE"""),"D-4") -> D-4 | F99: =IFERROR(__xludf.DUMMYFUNCTION("""COMPUTED_VALUE"""),3.0) -> 3 | G99: =IFERROR(__xludf.DUMMYFUNCTION("""COMPUTED_VALUE"""),"3 ULA A PUTRI") -> 3 ULA A PUTRI | H99: =IFERROR(__xludf.DUMMYFUNCTION("""COMPUTED_VALUE"""),"MTS-9 C") -> MTS-9 C | I99: =IFERROR(__xludf.DUMMYFUNCTION("""COMPUTED_VALUE"""),"NURBANI PRASETYAWATI") -> NURBANI PRASETYAWATI | J99: =IFERROR(__xludf.DUMMYFUNCTION("""COMPUTED_VALUE"""),"GOWAH POMAHANJANGGAN RT 003 RW 001 TURI LAMONGAN") -> GOWAH POMAHANJANGGAN RT 003 RW 001 TURI LAMONGAN | K99: =IFERROR(__xludf.DUMMYFUNCTION("""COMPUTED_VALUE"""),"6285730766563") -> 6285730766563 | L99: =IFERROR(__xludf.DUMMYFUNCTION("""COMPUTED_VALUE"""),0.0) -> 0 | M99: =IFERROR(__xludf.DUMMYFUNCTION("""COMPUTED_VALUE"""),0.0) -> 0 | N99: =IFERROR(__xludf.DUMMYFUNCTION("""COMPUTED_VALUE"""),0.0) -> 0 | O99: =IFERROR(__xludf.DUMMYFUNCTION("""COMPUTED_VALUE"""),0.0) -> 0 | S99: =IFERROR(__xludf.DUMMYFUNCTION("""COMPUTED_VALUE"""),"Lunas") -> Lunas | T99: =TODAY() -> 46206 | U99: =IF(ISNA(vlookup(B99,DataExport!$D$2:$D$496,1,false)), "Belum", "Sudah") -> Belum
A100: =IF(B100="","",ROW(A100)-1) -> 99 | B100: =IFERROR(__xludf.DUMMYFUNCTION("""COMPUTED_VALUE"""),"NANDA ZAHRUNI SAFILLIA") -> NANDA ZAHRUNI SAFILLIA | C100: =IFERROR(__xludf.DUMMYFUNCTION("""COMPUTED_VALUE"""),2.02407061E9) -> 2024070610 | D100: =IFERROR(__xludf.DUMMYFUNCTION("""COMPUTED_VALUE"""),"D") -> D | E100: =IFERROR(__xludf.DUMMYFUNCTION("""COMPUTED_VALUE"""),"D-4") -> D-4 | F100: =IFERROR(__xludf.DUMMYFUNCTION("""COMPUTED_VALUE"""),3.0) -> 3 | H100: =IFERROR(__xludf.DUMMYFUNCTION("""COMPUTED_VALUE"""),"MTS-9 D") -> MTS-9 D | I100: =IFERROR(__xludf.DUMMYFUNCTION("""COMPUTED_VALUE"""),"WIWIN WINARTIN") -> WIWIN WINARTIN | J100: =IFERROR(__xludf.DUMMYFUNCTION("""COMPUTED_VALUE"""),"SUNGELEBAK RT 005 RW 002 KARANGGENENG LAMONGAN") -> SUNGELEBAK RT 005 RW 002 KARANGGENENG LAMONGAN | K100: =IFERROR(__xludf.DUMMYFUNCTION("""COMPUTED_VALUE"""),"628563468694") -> 628563468694 | L100: =IFERROR(__xludf.DUMMYFUNCTION("""COMPUTED_VALUE"""),0.0) -> 0 | M100: =IFERROR(__xludf.DUMMYFUNCTION("""COMPUTED_VALUE"""),0.0) -> 0 | N100: =IFERROR(__xludf.DUMMYFUNCTION("""COMPUTED_VALUE"""),0.0) -> 0 | O100: =IFERROR(__xludf.DUMMYFUNCTION("""COMPUTED_VALUE"""),0.0) -> 0 | S100: =IFERROR(__xludf.DUMMYFUNCTION("""COMPUTED_VALUE"""),"Lunas") -> Lunas | T100: =TODAY() -> 46206 | U100: =IF(ISNA(vlookup(B100,DataExport!$D$2:$D$496,1,false)), "Belum", "Sudah") -> Belum
...

Sheet TemplateWABulk
A1: No | B1: ID | C1: Link | D1: Hiperlink | E1: Timestamp | F1: Whatsapp
A2: =IF(B2="","",ROW(A2)-1) | F2: =iferror(vlookup(D2,Sheet1!$B$2:$K$500,10,false),"") | G2: =IF(ISNA(vlookup(D2,DataExport!$D$2:$D$481,1,false)), "Belum", "Sudah") -> Belum
A3: =IF(B3="","",ROW(A3)-1) | F3: =iferror(vlookup(D3,Sheet1!$B$2:$K$500,10,false),"") | G3: =IF(ISNA(vlookup(D3,DataExport!$D$2:$D$481,1,false)), "Belum", "Sudah") -> Belum
A4: =IF(B4="","",ROW(A4)-1) | F4: =iferror(vlookup(D4,Sheet1!$B$2:$K$500,10,false),"") | G4: =IF(ISNA(vlookup(D4,DataExport!$D$2:$D$481,1,false)), "Belum", "Sudah") -> Belum
A5: =IF(B5="","",ROW(A5)-1) | F5: =iferror(vlookup(D5,Sheet1!$B$2:$K$500,10,false),"") | G5: =IF(ISNA(vlookup(D5,DataExport!$D$2:$D$481,1,false)), "Belum", "Sudah") -> Belum
A6: =IF(B6="","",ROW(A6)-1) | F6: =iferror(vlookup(D6,Sheet1!$B$2:$K$500,10,false),"") | G6: =IF(ISNA(vlookup(D6,DataExport!$D$2:$D$481,1,false)), "Belum", "Sudah") -> Belum
A7: =IF(B7="","",ROW(A7)-1) | F7: =iferror(vlookup(D7,Sheet1!$B$2:$K$500,10,false),"") | G7: =IF(ISNA(vlookup(D7,DataExport!$D$2:$D$481,1,false)), "Belum", "Sudah") -> Belum
A8: =IF(B8="","",ROW(A8)-1) | F8: =iferror(vlookup(D8,Sheet1!$B$2:$K$500,10,false),"") | G8: =IF(ISNA(vlookup(D8,DataExport!$D$2:$D$481,1,false)), "Belum", "Sudah") -> Belum
A9: =IF(B9="","",ROW(A9)-1) | F9: =iferror(vlookup(D9,Sheet1!$B$2:$K$500,10,false),"") | G9: =IF(ISNA(vlookup(D9,DataExport!$D$2:$D$481,1,false)), "Belum", "Sudah") -> Belum
A10: =IF(B10="","",ROW(A10)-1) | F10: =iferror(vlookup(D10,Sheet1!$B$2:$K$500,10,false),"") | G10: =IF(ISNA(vlookup(D10,DataExport!$D$2:$D$481,1,false)), "Belum", "Sudah") -> Belum
A11: =IF(B11="","",ROW(A11)-1) | F11: =iferror(vlookup(D11,Sheet1!$B$2:$K$500,10,false),"") | G11: =IF(ISNA(vlookup(D11,DataExport!$D$2:$D$481,1,false)), "Belum", "Sudah") -> Belum
A12: =IF(B12="","",ROW(A12)-1) | F12: =iferror(vlookup(D12,Sheet1!$B$2:$K$500,10,false),"") | G12: =IF(ISNA(vlookup(D12,DataExport!$D$2:$D$481,1,false)), "Belum", "Sudah") -> Belum
A13: =IF(B13="","",ROW(A13)-1) | F13: =iferror(vlookup(D13,Sheet1!$B$2:$K$500,10,false),"") | G13: =IF(ISNA(vlookup(D13,DataExport!$D$2:$D$481,1,false)), "Belum", "Sudah") -> Belum
... A511: =IF(B511="","",ROW(A511)-1) | F511: =iferror(vlookup(D511,Sheet1!$B$2:$K$500,10,false),"") | G511: =IF(ISNA(vlookup(D511,DataExport!$D$2:$D$481,1,false)), "Belum", "Sudah") -> Belum

Sheet DataExport
A1: No | B1: ID | C1: Link | D1: Hiperlink | E1: Timestamp | F1: Whatsapp
A2: =IF(B2="","",ROW(A2)-1) | F2: =iferror(vlookup(D2,Sheet1!$B$2:$K$500,10,false),"")
A3: =IF(B3="","",ROW(A3)-1) | F3: =iferror(vlookup(D3,Sheet1!$B$2:$K$500,10,false),"")
A4: =IF(B4="","",ROW(A4)-1) | F4: =iferror(vlookup(D4,Sheet1!$B$2:$K$500,10,false),"")
A5: =IF(B5="","",ROW(A5)-1) | F5: =iferror(vlookup(D5,Sheet1!$B$2:$K$500,10,false),"")
A6: =IF(B6="","",ROW(A6)-1) | F6: =iferror(vlookup(D6,Sheet1!$B$2:$K$500,10,false),"")
A7: =IF(B7="","",ROW(A7)-1) | F7: =iferror(vlookup(D7,Sheet1!$B$2:$K$500,10,false),"")
A8: =IF(B8="","",ROW(A8)-1) | F8: =iferror(vlookup(D8,Sheet1!$B$2:$K$500,10,false),"")
A9: =IF(B9="","",ROW(A9)-1) | F9: =iferror(vlookup(D9,Sheet1!$B$2:$K$500,10,false),"")
A10: =IF(B10="","",ROW(A10)-1) | F10: =iferror(vlookup(D10,Sheet1!$B$2:$K$500,10,false),"")
A11: =IF(B11="","",ROW(A11)-1) | F11: =iferror(vlookup(D11,Sheet1!$B$2:$K$500,10,false),"")
A12: =IF(B12="","",ROW(A12)-1) | F12: =iferror(vlookup(D12,Sheet1!$B$2:$K$500,10,false),"")
A13: =IF(B13="","",ROW(A13)-1) | F13: =iferror(vlookup(D13,Sheet1!$B$2:$K$500,10,false),"")
... A112: =IF(B112="","",ROW(A112)-1) | F112: =iferror(vlookup(D112,Sheet1!$B$2:$K$500,10,false),"")
A113: =IF(B113="","",ROW(A113)-1) | F113: 6282333096212
A114: =IF(B114="","",ROW(A114)-1) | F114: 6282337249449
A115: =IF(B115="","",ROW(A115)-1) | F115: 6285731777938
A116: =IF(B116="","",ROW(A116)-1) | F116: 6287776345195
A117: =IF(B117="","",ROW(A117)-1) | F117: 6285606025308
A118: =IF(B118="","",ROW(A118)-1) | F118: 6285853917961
A119: =IF(B119="","",ROW(A119)-1) | F119: 6285648011140
A120: =IF(B120="","",ROW(A120)-1) | F120: 6285731341447
A121: =IF(B121="","",ROW(A121)-1) | F121: 6281252465178
A122: =IF(B122="","",ROW(A122)-1) | F122: 6285804861495
A123: =IF(B123="","",ROW(A123)-1) | F123: 6282334811031
A124: =IF(B124="","",ROW(A124)-1) | F124: 62895805063355
A125: =IF(B125="","",ROW(A125)-1) | F125: =iferror(vlookup(D125,Sheet1!$B$2:$K$500,10,false),"") | G125: =IF(ISNA(vlookup(D125,DataExport!$D$2:$D$481,1,false)), "Belum", "Sudah") -> Belum
A126: =IF(B126="","",ROW(A126)-1) | F126: =iferror(vlookup(D126,Sheet1!$B$2:$K$500,10,false),"") | G126: =IF(ISNA(vlookup(D126,DataExport!$D$2:$D$481,1,false)), "Belum", "Sudah") -> Belum
A127: =IF(B127="","",ROW(A127)-1) | F127: =iferror(vlookup(D127,Sheet1!$B$2:$K$500,10,false),"") | G127: =IF(ISNA(vlookup(D127,DataExport!$D$2:$D$481,1,false)), "Belum", "Sudah") -> Belum
A128: =IF(B128="","",ROW(A128)-1) | F128: =iferror(vlookup(D128,Sheet1!$B$2:$K$500,10,false),"") | G128: =IF(ISNA(vlookup(D128,DataExport!$D$2:$D$481,1,false)), "Belum", "Sudah") -> Belum
A129: =IF(B129="","",ROW(A129)-1) | F129: =iferror(vlookup(D129,Sheet1!$B$2:$K$500,10,false),"") | G129: =IF(ISNA(vlookup(D129,DataExport!$D$2:$D$481,1,false)), "Belum", "Sudah") -> Belum
A130: =IF(B130="","",ROW(A130)-1) | F130: =iferror(vlookup(D130,Sheet1!$B$2:$K$500,10,false),"") | G130: =IF(ISNA(vlookup(D130,DataExport!$D$2:$D$481,1,false)), "Belum", "Sudah") -> Belum
A131: =IF(B131="","",ROW(A131)-1) | F131: =iferror(vlookup(D131,Sheet1!$B$2:$K$500,10,false),"") | G131: =IF(ISNA(vlookup(D131,DataExport!$D$2:$D$481,1,false)), "Belum", "Sudah") -> Belum
A132: =IF(B132="","",ROW(A132)-1) | F132: =iferror(vlookup(D132,Sheet1!$B$2:$K$500,10,false),"") | G132: =IF(ISNA(vlookup(D132,DataExport!$D$2:$D$481,1,false)), "Belum", "Sudah") -> Belum
A133: =IF(B133="","",ROW(A133)-1) | F133: =iferror(vlookup(D133,Sheet1!$B$2:$K$500,10,false),"") | G133: =IF(ISNA(vlookup(D133,DataExport!$D$2:$D$481,1,false)), "Belum", "Sudah") -> Belum
A134: =IF(B134="","",ROW(A134)-1) | F134: =iferror(vlookup(D134,Sheet1!$B$2:$K$500,10,false),"") | G134: =IF(ISNA(vlookup(D134,DataExport!$D$2:$D$481,1,false)), "Belum", "Sudah") -> Belum
A135: =IF(B135="","",ROW(A135)-1) | F135: =iferror(vlookup(D135,Sheet1!$B$2:$K$500,10,false),"") | G135: =IF(ISNA(vlookup(D135,DataExport!$D$2:$D$481,1,false)), "Belum", "Sudah") -> Belum
A136: =IF(B136="","",ROW(A136)-1) | F136: =iferror(vlookup(D136,Sheet1!$B$2:$K$500,10,false),"") | G136: =IF(ISNA(vlookup(D136,DataExport!$D$2:$D$481,1,false)), "Belum", "Sudah") -> Belum
... A184: =IF(B184="","",ROW(A184)-1) | F184: =iferror(vlookup(D184,Sheet1!$B$2:$K$500,10,false),"") | G184: =IF(ISNA(vlookup(D184,DataExport!$D$2:$D$481,1,false)), "Belum", "Sudah") -> Belum
A185: =IF(B185="","",ROW(A185)-1) | F185: =iferror(vlookup(D185,Sheet1!$B$2:$K$500,10,false),"")
A186: =IF(B186="","",ROW(A186)-1) | F186: =iferror(vlookup(D186,Sheet1!$B$2:$K$500,10,false),"")
A187: =IF(B187="","",ROW(A187)-1) | F187: =iferror(vlookup(D187,Sheet1!$B$2:$K$500,10,false),"")
A188: =IF(B188="","",ROW(A188)-1) | F188: =iferror(vlookup(D188,Sheet1!$B$2:$K$500,10,false),"")
A189: =IF(B189="","",ROW(A189)-1) | F189: =iferror(vlookup(D189,Sheet1!$B$2:$K$500,10,false),"")
A190: =IF(B190="","",ROW(A190)-1) | F190: =iferror(vlookup(D190,Sheet1!$B$2:$K$500,10,false),"")
A191: =IF(B191="","",ROW(A191)-1) | F191: =iferror(vlookup(D191,Sheet1!$B$2:$K$500,10,false),"")
A192: =IF(B192="","",ROW(A192)-1) | F192: =iferror(vlookup(D192,Sheet1!$B$2:$K$500,10,false),"")
A193: =IF(B193="","",ROW(A193)-1) | F193: =iferror(vlookup(D193,Sheet1!$B$2:$K$500,10,false),"")
A194: =IF(B194="","",ROW(A194)-1) | F194: =iferror(vlookup(D194,Sheet1!$B$2:$K$500,10,false),"")
A195: =IF(B195="","",ROW(A195)-1) | F195: =iferror(vlookup(D195,Sheet1!$B$2:$K$500,10,false),"")
A196: =IF(B196="","",ROW(A196)-1) | F196: =iferror(vlookup(D196,Sheet1!$B$2:$K$500,10,false),"")
... A300: =IF(B300="","",ROW(A300)-1) | F300: =iferror(vlookup(D300,Sheet1!$B$2:$K$500,10,false),"")
A301: =IF(B301="","",ROW(A301)-1)
A302: =IF(B302="","",ROW(A302)-1)
A303: =IF(B303="","",ROW(A303)-1)
A304: =IF(B304="","",ROW(A304)-1)
A305: =IF(B305="","",ROW(A305)-1)
A306: =IF(B306="","",ROW(A306)-1)
A307: =IF(B307="","",ROW(A307)-1)
A308: =IF(B308="","",ROW(A308)-1)
A309: =IF(B309="","",ROW(A309)-1)
A310: =IF(B310="","",ROW(A310)-1)
A311: =IF(B311="","",ROW(A311)-1)
A312: =IF(B312="","",ROW(A312)-1)
... A315: =IF(B315="","",ROW(A315)-1)

Sheet Setting
A1: Setting
A2: Nama | B2: Nilai
A3: Baris Mulai (Opsional) | B3: 129
A4: Baris Finish (Opsional) | B4: 129
A5: Nama Sheet Data | B5: Sheet1
A6: ID Template Document | B6: 1VjGeV3Qg2_RQmH8kpfbeuTSoRwN7wr72MFgeT8mnD1E
A7: ID Folder Hasil PDF | B7: 1vV5N1CNnBNLnZx5MmRHLLr-ySHBd_oRu
