Workbook

Sheet Sheet1
A1: NO | B1: =IFERROR(__xludf.DUMMYFUNCTION("QUERY(IMPORTRANGE(""1AzTji2sW29mb6q5i6lLp4OT4kZtfXWmm_A7yA3mApUg"",""Sheet1!B1:S750""), ""SELECT * WHERE Col18 = 'Belum Lunas'ORDER BY Col14 ASC"")"),"NAMA") -> NAMA | C1: =IFERROR(__xludf.DUMMYFUNCTION("""COMPUTED_VALUE"""),"NIS") -> NIS | D1: =IFERROR(__xludf.DUMMYFUNCTION("""COMPUTED_VALUE"""),"ASRAMA") -> ASRAMA | E1: =IFERROR(__xludf.DUMMYFUNCTION("""COMPUTED_VALUE"""),"KAMAR") -> KAMAR | F1: =IFERROR(__xludf.DUMMYFUNCTION("""COMPUTED_VALUE"""),"TINGKAT") -> TINGKAT | G1: =IFERROR(__xludf.DUMMYFUNCTION("""COMPUTED_VALUE"""),"MADRASIAH") -> MADRASIAH | H1: =IFERROR(__xludf.DUMMYFUNCTION("""COMPUTED_VALUE"""),"SEKOLAH") -> SEKOLAH | I1: =IFERROR(__xludf.DUMMYFUNCTION("""COMPUTED_VALUE"""),"IBU") -> IBU | J1: =IFERROR(__xludf.DUMMYFUNCTION("""COMPUTED_VALUE"""),"ALAMAT") -> ALAMAT | K1: =IFERROR(__xludf.DUMMYFUNCTION("""COMPUTED_VALUE"""),"WA") -> WA | L1: =IFERROR(__xludf.DUMMYFUNCTION("""COMPUTED_VALUE"""),"JUMLAH SYAHRIYAH") -> JUMLAH SYAHRIYAH | M1: =IFERROR(__xludf.DUMMYFUNCTION("""COMPUTED_VALUE"""),"JUMLAH JARIYAH") -> JUMLAH JARIYAH | N1: =IFERROR(__xludf.DUMMYFUNCTION("""COMPUTED_VALUE"""),"JUMLAH DAFTAR ULANG") -> JUMLAH DAFTAR ULANG | O1: =IFERROR(__xludf.DUMMYFUNCTION("""COMPUTED_VALUE"""),"JUMLAH TOTAL TUNGGAKAN") -> JUMLAH TOTAL TUNGGAKAN | P1: =IFERROR(__xludf.DUMMYFUNCTION("""COMPUTED_VALUE"""),"") | Q1: =IFERROR(__xludf.DUMMYFUNCTION("""COMPUTED_VALUE"""),"") | R1: =IFERROR(__xludf.DUMMYFUNCTION("""COMPUTED_VALUE"""),"") | S1: =IFERROR(__xludf.DUMMYFUNCTION("""COMPUTED_VALUE"""),"STATUS ADMINISTRASI") -> STATUS ADMINISTRASI
A2: =IF(B2="","",ROW(A2)-1) -> 1 | B2: =IFERROR(__xludf.DUMMYFUNCTION("""COMPUTED_VALUE"""),"DWI MAULIDIYAH") -> DWI MAULIDIYAH | C2: =IFERROR(__xludf.DUMMYFUNCTION("""COMPUTED_VALUE"""),2.024070596E9) -> 2024070596 | D2: =IFERROR(__xludf.DUMMYFUNCTION("""COMPUTED_VALUE"""),"E") -> E | E2: =IFERROR(__xludf.DUMMYFUNCTION("""COMPUTED_VALUE"""),"E-9") -> E-9 | F2: =IFERROR(__xludf.DUMMYFUNCTION("""COMPUTED_VALUE"""),3.0) -> 3 | G2: =IFERROR(__xludf.DUMMYFUNCTION("""COMPUTED_VALUE"""),"3 ULA B PUTRI") -> 3 ULA B PUTRI | H2: =IFERROR(__xludf.DUMMYFUNCTION("""COMPUTED_VALUE"""),"MTS-9 A") -> MTS-9 A | I2: =IFERROR(__xludf.DUMMYFUNCTION("""COMPUTED_VALUE"""),"ISLAMIYAH") -> ISLAMIYAH | J2: =IFERROR(__xludf.DUMMYFUNCTION("""COMPUTED_VALUE"""),"KARANGTAPEN KARANGLANGIT RT 001 RW 003 LAMONGAN LAMONGAN") -> KARANGTAPEN KARANGLANGIT RT 001 RW 003 LAMONGAN LAMONGAN | K2: =IFERROR(__xludf.DUMMYFUNCTION("""COMPUTED_VALUE"""),"6285853420436") -> 6285853420436 | L2: =IFERROR(__xludf.DUMMYFUNCTION("""COMPUTED_VALUE"""),270000.0) -> 270000 | M2: =IFERROR(__xludf.DUMMYFUNCTION("""COMPUTED_VALUE"""),0.0) -> 0 | N2: =IFERROR(__xludf.DUMMYFUNCTION("""COMPUTED_VALUE"""),0.0) -> 0 | O2: =IFERROR(__xludf.DUMMYFUNCTION("""COMPUTED_VALUE"""),270000.0) -> 270000 | S2: =IFERROR(__xludf.DUMMYFUNCTION("""COMPUTED_VALUE"""),"Belum Lunas") -> Belum Lunas
A3: =IF(B3="","",ROW(A3)-1) -> 2 | B3: =IFERROR(__xludf.DUMMYFUNCTION("""COMPUTED_VALUE"""),"M. FAHMI ALFIYAN NURIL HAQ") -> M. FAHMI ALFIYAN NURIL HAQ | C3: =IFERROR(__xludf.DUMMYFUNCTION("""COMPUTED_VALUE"""),2.024070718E9) -> 2024070718 | D3: =IFERROR(__xludf.DUMMYFUNCTION("""COMPUTED_VALUE"""),"A") -> A | E3: =IFERROR(__xludf.DUMMYFUNCTION("""COMPUTED_VALUE"""),"A-13") -> A-13 | F3: =IFERROR(__xludf.DUMMYFUNCTION("""COMPUTED_VALUE"""),3.0) -> 3 | H3: =IFERROR(__xludf.DUMMYFUNCTION("""COMPUTED_VALUE"""),"SMK-XII DKV") -> SMK-XII DKV | I3: =IFERROR(__xludf.DUMMYFUNCTION("""COMPUTED_VALUE"""),"SUKARTI") -> SUKARTI | J3: =IFERROR(__xludf.DUMMYFUNCTION("""COMPUTED_VALUE"""),"PLAKARAN SOMOSARI RT 3 RW 2 KALITENGAH LAMONGAN") -> PLAKARAN SOMOSARI RT 3 RW 2 KALITENGAH LAMONGAN | K3: =IFERROR(__xludf.DUMMYFUNCTION("""COMPUTED_VALUE"""),"6289677807375") -> 6289677807375 | L3: =IFERROR(__xludf.DUMMYFUNCTION("""COMPUTED_VALUE"""),410000.0) -> 410000 | M3: =IFERROR(__xludf.DUMMYFUNCTION("""COMPUTED_VALUE"""),0.0) -> 0 | N3: =IFERROR(__xludf.DUMMYFUNCTION("""COMPUTED_VALUE"""),0.0) -> 0 | O3: =IFERROR(__xludf.DUMMYFUNCTION("""COMPUTED_VALUE"""),410000.0) -> 410000 | S3: =IFERROR(__xludf.DUMMYFUNCTION("""COMPUTED_VALUE"""),"Belum Lunas") -> Belum Lunas
A4: =IF(B4="","",ROW(A4)-1) -> 3 | B4: =IFERROR(__xludf.DUMMYFUNCTION("""COMPUTED_VALUE"""),"MIRZA ATHA HIBATULLAH") -> MIRZA ATHA HIBATULLAH | C4: =IFERROR(__xludf.DUMMYFUNCTION("""COMPUTED_VALUE"""),2.0240706E9) -> 2024070600 | D4: =IFERROR(__xludf.DUMMYFUNCTION("""COMPUTED_VALUE"""),"A") -> A | E4: =IFERROR(__xludf.DUMMYFUNCTION("""COMPUTED_VALUE"""),"A-13") -> A-13 | F4: =IFERROR(__xludf.DUMMYFUNCTION("""COMPUTED_VALUE"""),3.0) -> 3 | H4: =IFERROR(__xludf.DUMMYFUNCTION("""COMPUTED_VALUE"""),"MTS-9 E") -> MTS-9 E | I4: =IFERROR(__xludf.DUMMYFUNCTION("""COMPUTED_VALUE"""),"HARWATI, S,SOS I") -> HARWATI, S,SOS I | J4: =IFERROR(__xludf.DUMMYFUNCTION("""COMPUTED_VALUE"""),"BADAN BOGOBABADAN RT 001 RW 004 KARANGBINANGUN LAMONGAN") -> BADAN BOGOBABADAN RT 001 RW 004 KARANGBINANGUN LAMONGAN | K4: =IFERROR(__xludf.DUMMYFUNCTION("""COMPUTED_VALUE"""),"6285731205500") -> 6285731205500 | L4: =IFERROR(__xludf.DUMMYFUNCTION("""COMPUTED_VALUE"""),410000.0) -> 410000 | M4: =IFERROR(__xludf.DUMMYFUNCTION("""COMPUTED_VALUE"""),0.0) -> 0 | N4: =IFERROR(__xludf.DUMMYFUNCTION("""COMPUTED_VALUE"""),0.0) -> 0 | O4: =IFERROR(__xludf.DUMMYFUNCTION("""COMPUTED_VALUE"""),410000.0) -> 410000 | S4: =IFERROR(__xludf.DUMMYFUNCTION("""COMPUTED_VALUE"""),"Belum Lunas") -> Belum Lunas
A5: =IF(B5="","",ROW(A5)-1) -> 4 | B5: =IFERROR(__xludf.DUMMYFUNCTION("""COMPUTED_VALUE"""),"ABIDAH OKTA SALSABILA") -> ABIDAH OKTA SALSABILA | C5: =IFERROR(__xludf.DUMMYFUNCTION("""COMPUTED_VALUE"""),2.024070146E9) -> 2024070146 | D5: =IFERROR(__xludf.DUMMYFUNCTION("""COMPUTED_VALUE"""),"C") -> C | E5: =IFERROR(__xludf.DUMMYFUNCTION("""COMPUTED_VALUE"""),"C-9") -> C-9 | F5: =IFERROR(__xludf.DUMMYFUNCTION("""COMPUTED_VALUE"""),3.0) -> 3 | G5: =IFERROR(__xludf.DUMMYFUNCTION("""COMPUTED_VALUE"""),"3 WUSTHO B PUTRI") -> 3 WUSTHO B PUTRI | H5: =IFERROR(__xludf.DUMMYFUNCTION("""COMPUTED_VALUE"""),"MA-XII.5") -> MA-XII.5 | I5: =IFERROR(__xludf.DUMMYFUNCTION("""COMPUTED_VALUE"""),"CICIK LUTFIANAH") -> CICIK LUTFIANAH | J5: =IFERROR(__xludf.DUMMYFUNCTION("""COMPUTED_VALUE"""),"RANDEKAN RT 001 RW 001 KEMBANGBAHU LAMONGAN") -> RANDEKAN RT 001 RW 001 KEMBANGBAHU LAMONGAN | K5: =IFERROR(__xludf.DUMMYFUNCTION("""COMPUTED_VALUE"""),"6285649525237") -> 6285649525237 | L5: =IFERROR(__xludf.DUMMYFUNCTION("""COMPUTED_VALUE"""),450000.0) -> 450000 | M5: =IFERROR(__xludf.DUMMYFUNCTION("""COMPUTED_VALUE"""),0.0) -> 0 | N5: =IFERROR(__xludf.DUMMYFUNCTION("""COMPUTED_VALUE"""),0.0) -> 0 | O5: =IFERROR(__xludf.DUMMYFUNCTION("""COMPUTED_VALUE"""),450000.0) -> 450000 | S5: =IFERROR(__xludf.DUMMYFUNCTION("""COMPUTED_VALUE"""),"Belum Lunas") -> Belum Lunas
A6: =IF(B6="","",ROW(A6)-1) -> 5 | B6: =IFERROR(__xludf.DUMMYFUNCTION("""COMPUTED_VALUE"""),"AHMAD SUSETO ANGGA SUKMA") -> AHMAD SUSETO ANGGA SUKMA | C6: =IFERROR(__xludf.DUMMYFUNCTION("""COMPUTED_VALUE"""),2.024070601E9) -> 2024070601 | D6: =IFERROR(__xludf.DUMMYFUNCTION("""COMPUTED_VALUE"""),"A") -> A | E6: =IFERROR(__xludf.DUMMYFUNCTION("""COMPUTED_VALUE"""),"A-7") -> A-7 | F6: =IFERROR(__xludf.DUMMYFUNCTION("""COMPUTED_VALUE"""),3.0) -> 3 | G6: =IFERROR(__xludf.DUMMYFUNCTION("""COMPUTED_VALUE"""),"3 ULA B PUTRA") -> 3 ULA B PUTRA | H6: =IFERROR(__xludf.DUMMYFUNCTION("""COMPUTED_VALUE"""),"MTS-9 E") -> MTS-9 E | I6: =IFERROR(__xludf.DUMMYFUNCTION("""COMPUTED_VALUE"""),"MUSYAFAAH") -> MUSYAFAAH | J6: =IFERROR(__xludf.DUMMYFUNCTION("""COMPUTED_VALUE"""),"WEDENG SUKOREJO RT 001 RW 003 KARANGBINANGUN LAMONGAN") -> WEDENG SUKOREJO RT 001 RW 003 KARANGBINANGUN LAMONGAN | K6: =IFERROR(__xludf.DUMMYFUNCTION("""COMPUTED_VALUE"""),"6281330117049") -> 6281330117049 | L6: =IFERROR(__xludf.DUMMYFUNCTION("""COMPUTED_VALUE"""),450000.0) -> 450000 | M6: =IFERROR(__xludf.DUMMYFUNCTION("""COMPUTED_VALUE"""),0.0) -> 0 | N6: =IFERROR(__xludf.DUMMYFUNCTION("""COMPUTED_VALUE"""),0.0) -> 0 | O6: =IFERROR(__xludf.DUMMYFUNCTION("""COMPUTED_VALUE"""),450000.0) -> 450000 | S6: =IFERROR(__xludf.DUMMYFUNCTION("""COMPUTED_VALUE"""),"Belum Lunas") -> Belum Lunas
A7: =IF(B7="","",ROW(A7)-1) -> 6 | B7: =IFERROR(__xludf.DUMMYFUNCTION("""COMPUTED_VALUE"""),"ALFA FALAJ SALSABILA") -> ALFA FALAJ SALSABILA | C7: =IFERROR(__xludf.DUMMYFUNCTION("""COMPUTED_VALUE"""),2.024070611E9) -> 2024070611 | D7: =IFERROR(__xludf.DUMMYFUNCTION("""COMPUTED_VALUE"""),"C") -> C | E7: =IFERROR(__xludf.DUMMYFUNCTION("""COMPUTED_VALUE"""),"C-3") -> C-3 | F7: =IFERROR(__xludf.DUMMYFUNCTION("""COMPUTED_VALUE"""),3.0) -> 3 | G7: =IFERROR(__xludf.DUMMYFUNCTION("""COMPUTED_VALUE"""),"3 ULA C PUTRI") -> 3 ULA C PUTRI | H7: =IFERROR(__xludf.DUMMYFUNCTION("""COMPUTED_VALUE"""),"MTS-9 A") -> MTS-9 A | I7: =IFERROR(__xludf.DUMMYFUNCTION("""COMPUTED_VALUE"""),"SUMIANAH") -> SUMIANAH | J7: =IFERROR(__xludf.DUMMYFUNCTION("""COMPUTED_VALUE"""),"KULURAN RT 005 RW 001 KALITENGAH LAMONGAN") -> KULURAN RT 005 RW 001 KALITENGAH LAMONGAN | K7: =IFERROR(__xludf.DUMMYFUNCTION("""COMPUTED_VALUE"""),"6285859539394") -> 6285859539394 | L7: =IFERROR(__xludf.DUMMYFUNCTION("""COMPUTED_VALUE"""),450000.0) -> 450000 | M7: =IFERROR(__xludf.DUMMYFUNCTION("""COMPUTED_VALUE"""),0.0) -> 0 | N7: =IFERROR(__xludf.DUMMYFUNCTION("""COMPUTED_VALUE"""),0.0) -> 0 | O7: =IFERROR(__xludf.DUMMYFUNCTION("""COMPUTED_VALUE"""),450000.0) -> 450000 | S7: =IFERROR(__xludf.DUMMYFUNCTION("""COMPUTED_VALUE"""),"Belum Lunas") -> Belum Lunas
A8: =IF(B8="","",ROW(A8)-1) -> 7 | B8: =IFERROR(__xludf.DUMMYFUNCTION("""COMPUTED_VALUE"""),"AZZA IBNU ARJUN") -> AZZA IBNU ARJUN | C8: =IFERROR(__xludf.DUMMYFUNCTION("""COMPUTED_VALUE"""),2.024090771E9) -> 2024090771 | D8: =IFERROR(__xludf.DUMMYFUNCTION("""COMPUTED_VALUE"""),"A") -> A | E8: =IFERROR(__xludf.DUMMYFUNCTION("""COMPUTED_VALUE"""),"A-8") -> A-8 | F8: =IFERROR(__xludf.DUMMYFUNCTION("""COMPUTED_VALUE"""),3.0) -> 3 | G8: =IFERROR(__xludf.DUMMYFUNCTION("""COMPUTED_VALUE"""),"3 ULA A PUTRA") -> 3 ULA A PUTRA | H8: =IFERROR(__xludf.DUMMYFUNCTION("""COMPUTED_VALUE"""),"SMP-IX A") -> SMP-IX A | I8: =IFERROR(__xludf.DUMMYFUNCTION("""COMPUTED_VALUE"""),"IKA NUR KHOLIFAH") -> IKA NUR KHOLIFAH | J8: =IFERROR(__xludf.DUMMYFUNCTION("""COMPUTED_VALUE"""),"MALINAU HULU RT 009 RW 000 MALINAU KOTA MALINAU") -> MALINAU HULU RT 009 RW 000 MALINAU KOTA MALINAU | K8: =IFERROR(__xludf.DUMMYFUNCTION("""COMPUTED_VALUE"""),"6282234721856") -> 6282234721856 | L8: =IFERROR(__xludf.DUMMYFUNCTION("""COMPUTED_VALUE"""),450000.0) -> 450000 | M8: =IFERROR(__xludf.DUMMYFUNCTION("""COMPUTED_VALUE"""),0.0) -> 0 | N8: =IFERROR(__xludf.DUMMYFUNCTION("""COMPUTED_VALUE"""),0.0) -> 0 | O8: =IFERROR(__xludf.DUMMYFUNCTION("""COMPUTED_VALUE"""),450000.0) -> 450000 | S8: =IFERROR(__xludf.DUMMYFUNCTION("""COMPUTED_VALUE"""),"Belum Lunas") -> Belum Lunas
A9: =IF(B9="","",ROW(A9)-1) -> 8 | B9: =IFERROR(__xludf.DUMMYFUNCTION("""COMPUTED_VALUE"""),"BINTANG FARSYA HUSBANA") -> BINTANG FARSYA HUSBANA | C9: =IFERROR(__xludf.DUMMYFUNCTION("""COMPUTED_VALUE"""),2.024070646E9) -> 2024070646 | D9: =IFERROR(__xludf.DUMMYFUNCTION("""COMPUTED_VALUE"""),"A") -> A | E9: =IFERROR(__xludf.DUMMYFUNCTION("""COMPUTED_VALUE"""),"A-7") -> A-7 | F9: =IFERROR(__xludf.DUMMYFUNCTION("""COMPUTED_VALUE"""),3.0) -> 3 | G9: =IFERROR(__xludf.DUMMYFUNCTION("""COMPUTED_VALUE"""),"3 ULA A PUTRA") -> 3 ULA A PUTRA | H9: =IFERROR(__xludf.DUMMYFUNCTION("""COMPUTED_VALUE"""),"MTS-9 F") -> MTS-9 F | I9: =IFERROR(__xludf.DUMMYFUNCTION("""COMPUTED_VALUE"""),"SITI MUNFARIDA") -> SITI MUNFARIDA | J9: =IFERROR(__xludf.DUMMYFUNCTION("""COMPUTED_VALUE"""),"SEREN JATIPANDAK RT 007 RW 003 SAMBENG LAMONGAN") -> SEREN JATIPANDAK RT 007 RW 003 SAMBENG LAMONGAN | K9: =IFERROR(__xludf.DUMMYFUNCTION("""COMPUTED_VALUE"""),"6285851833747") -> 6285851833747 | L9: =IFERROR(__xludf.DUMMYFUNCTION("""COMPUTED_VALUE"""),450000.0) -> 450000 | M9: =IFERROR(__xludf.DUMMYFUNCTION("""COMPUTED_VALUE"""),0.0) -> 0 | N9: =IFERROR(__xludf.DUMMYFUNCTION("""COMPUTED_VALUE"""),0.0) -> 0 | O9: =IFERROR(__xludf.DUMMYFUNCTION("""COMPUTED_VALUE"""),450000.0) -> 450000 | S9: =IFERROR(__xludf.DUMMYFUNCTION("""COMPUTED_VALUE"""),"Belum Lunas") -> Belum Lunas
A10: =IF(B10="","",ROW(A10)-1) -> 9 | B10: =IFERROR(__xludf.DUMMYFUNCTION("""COMPUTED_VALUE"""),"DILLA AGUSTIAWATI PUTRI") -> DILLA AGUSTIAWATI PUTRI | C10: =IFERROR(__xludf.DUMMYFUNCTION("""COMPUTED_VALUE"""),2.024070532E9) -> 2024070532 | D10: =IFERROR(__xludf.DUMMYFUNCTION("""COMPUTED_VALUE"""),"C") -> C | E10: =IFERROR(__xludf.DUMMYFUNCTION("""COMPUTED_VALUE"""),"C-13") -> C-13 | F10: =IFERROR(__xludf.DUMMYFUNCTION("""COMPUTED_VALUE"""),3.0) -> 3 | G10: =IFERROR(__xludf.DUMMYFUNCTION("""COMPUTED_VALUE"""),"3 ULA C PUTRI") -> 3 ULA C PUTRI | H10: =IFERROR(__xludf.DUMMYFUNCTION("""COMPUTED_VALUE"""),"MTS-9 D") -> MTS-9 D | I10: =IFERROR(__xludf.DUMMYFUNCTION("""COMPUTED_VALUE"""),"IRA RAHMATUS SAADA") -> IRA RAHMATUS SAADA | J10: =IFERROR(__xludf.DUMMYFUNCTION("""COMPUTED_VALUE"""),"SEPAT TAMBAKMENJANGAN RT 001 RW 007 SARIREJO LAMONGAN") -> SEPAT TAMBAKMENJANGAN RT 001 RW 007 SARIREJO LAMONGAN | K10: =IFERROR(__xludf.DUMMYFUNCTION("""COMPUTED_VALUE"""),"6285808407652") -> 6285808407652 | L10: =IFERROR(__xludf.DUMMYFUNCTION("""COMPUTED_VALUE"""),450000.0) -> 450000 | M10: =IFERROR(__xludf.DUMMYFUNCTION("""COMPUTED_VALUE"""),0.0) -> 0 | N10: =IFERROR(__xludf.DUMMYFUNCTION("""COMPUTED_VALUE"""),0.0) -> 0 | O10: =IFERROR(__xludf.DUMMYFUNCTION("""COMPUTED_VALUE"""),450000.0) -> 450000 | S10: =IFERROR(__xludf.DUMMYFUNCTION("""COMPUTED_VALUE"""),"Belum Lunas") -> Belum Lunas
A11: =IF(B11="","",ROW(A11)-1) -> 10 | B11: =IFERROR(__xludf.DUMMYFUNCTION("""COMPUTED_VALUE"""),"FATMA NAJWA ZAHIRA") -> FATMA NAJWA ZAHIRA | C11: =IFERROR(__xludf.DUMMYFUNCTION("""COMPUTED_VALUE"""),2.024070497E9) -> 2024070497 | D11: =IFERROR(__xludf.DUMMYFUNCTION("""COMPUTED_VALUE"""),"C") -> C | E11: =IFERROR(__xludf.DUMMYFUNCTION("""COMPUTED_VALUE"""),"C-12") -> C-12 | F11: =IFERROR(__xludf.DUMMYFUNCTION("""COMPUTED_VALUE"""),3.0) -> 3 | G11: =IFERROR(__xludf.DUMMYFUNCTION("""COMPUTED_VALUE"""),"3 ULA B PUTRI") -> 3 ULA B PUTRI | H11: =IFERROR(__xludf.DUMMYFUNCTION("""COMPUTED_VALUE"""),"MTS-9 D") -> MTS-9 D | I11: =IFERROR(__xludf.DUMMYFUNCTION("""COMPUTED_VALUE"""),"SITI NURIYAH") -> SITI NURIYAH | J11: =IFERROR(__xludf.DUMMYFUNCTION("""COMPUTED_VALUE"""),"NGUWOK RT 004 RW 002 MODO LAMONGAN") -> NGUWOK RT 004 RW 002 MODO LAMONGAN | K11: =IFERROR(__xludf.DUMMYFUNCTION("""COMPUTED_VALUE"""),"6282337956113") -> 6282337956113 | L11: =IFERROR(__xludf.DUMMYFUNCTION("""COMPUTED_VALUE"""),450000.0) -> 450000 | M11: =IFERROR(__xludf.DUMMYFUNCTION("""COMPUTED_VALUE"""),0.0) -> 0 | N11: =IFERROR(__xludf.DUMMYFUNCTION("""COMPUTED_VALUE"""),0.0) -> 0 | O11: =IFERROR(__xludf.DUMMYFUNCTION("""COMPUTED_VALUE"""),450000.0) -> 450000 | S11: =IFERROR(__xludf.DUMMYFUNCTION("""COMPUTED_VALUE"""),"Belum Lunas") -> Belum Lunas
A12: =IF(B12="","",ROW(A12)-1) -> 11 | B12: =IFERROR(__xludf.DUMMYFUNCTION("""COMPUTED_VALUE"""),"LABIB AZAM") -> LABIB AZAM | C12: =IFERROR(__xludf.DUMMYFUNCTION("""COMPUTED_VALUE"""),2.024070756E9) -> 2024070756 | D12: =IFERROR(__xludf.DUMMYFUNCTION("""COMPUTED_VALUE"""),"A") -> A | E12: =IFERROR(__xludf.DUMMYFUNCTION("""COMPUTED_VALUE"""),"A-7") -> A-7 | F12: =IFERROR(__xludf.DUMMYFUNCTION("""COMPUTED_VALUE"""),3.0) -> 3 | G12: =IFERROR(__xludf.DUMMYFUNCTION("""COMPUTED_VALUE"""),"3 ULA A PUTRA") -> 3 ULA A PUTRA | H12: =IFERROR(__xludf.DUMMYFUNCTION("""COMPUTED_VALUE"""),"SMP-IX B") -> SMP-IX B | I12: =IFERROR(__xludf.DUMMYFUNCTION("""COMPUTED_VALUE"""),"EVA YUNIARTI") -> EVA YUNIARTI | J12: =IFERROR(__xludf.DUMMYFUNCTION("""COMPUTED_VALUE"""),"TENGGER RAYA 1 KANDANGAN RT 007 RW 002 BENOWO SURABAYA") -> TENGGER RAYA 1 KANDANGAN RT 007 RW 002 BENOWO SURABAYA | K12: =IFERROR(__xludf.DUMMYFUNCTION("""COMPUTED_VALUE"""),"6282333086607") -> 6282333086607 | L12: =IFERROR(__xludf.DUMMYFUNCTION("""COMPUTED_VALUE"""),450000.0) -> 450000 | M12: =IFERROR(__xludf.DUMMYFUNCTION("""COMPUTED_VALUE"""),0.0) -> 0 | N12: =IFERROR(__xludf.DUMMYFUNCTION("""COMPUTED_VALUE"""),0.0) -> 0 | O12: =IFERROR(__xludf.DUMMYFUNCTION("""COMPUTED_VALUE"""),450000.0) -> 450000 | S12: =IFERROR(__xludf.DUMMYFUNCTION("""COMPUTED_VALUE"""),"Belum Lunas") -> Belum Lunas
A13: =IF(B13="","",ROW(A13)-1) -> 12 | B13: =IFERROR(__xludf.DUMMYFUNCTION("""COMPUTED_VALUE"""),"M. SATRIA PUTRA AMILINA") -> M. SATRIA PUTRA AMILINA | C13: =IFERROR(__xludf.DUMMYFUNCTION("""COMPUTED_VALUE"""),2.024070092E9) -> 2024070092 | D13: =IFERROR(__xludf.DUMMYFUNCTION("""COMPUTED_VALUE"""),"A") -> A | E13: =IFERROR(__xludf.DUMMYFUNCTION("""COMPUTED_VALUE"""),"A-10") -> A-10 | F13: =IFERROR(__xludf.DUMMYFUNCTION("""COMPUTED_VALUE"""),3.0) -> 3 | G13: =IFERROR(__xludf.DUMMYFUNCTION("""COMPUTED_VALUE"""),"3 WUSTHO PUTRA") -> 3 WUSTHO PUTRA | H13: =IFERROR(__xludf.DUMMYFUNCTION("""COMPUTED_VALUE"""),"MA-XII.4") -> MA-XII.4 | I13: =IFERROR(__xludf.DUMMYFUNCTION("""COMPUTED_VALUE"""),"LINA ANGGRAINI") -> LINA ANGGRAINI | J13: =IFERROR(__xludf.DUMMYFUNCTION("""COMPUTED_VALUE"""),"TALUN RT 4 RW 1 SUMBERREJO BOJONEGORO") -> TALUN RT 4 RW 1 SUMBERREJO BOJONEGORO | K13: =IFERROR(__xludf.DUMMYFUNCTION("""COMPUTED_VALUE"""),"628568406710") -> 628568406710 | L13: =IFERROR(__xludf.DUMMYFUNCTION("""COMPUTED_VALUE"""),450000.0) -> 450000 | M13: =IFERROR(__xludf.DUMMYFUNCTION("""COMPUTED_VALUE"""),0.0) -> 0 | N13: =IFERROR(__xludf.DUMMYFUNCTION("""COMPUTED_VALUE"""),0.0) -> 0 | O13: =IFERROR(__xludf.DUMMYFUNCTION("""COMPUTED_VALUE"""),450000.0) -> 450000 | S13: =IFERROR(__xludf.DUMMYFUNCTION("""COMPUTED_VALUE"""),"Belum Lunas") -> Belum Lunas
A14: =IF(B14="","",ROW(A14)-1) -> 13 | B14: =IFERROR(__xludf.DUMMYFUNCTION("""COMPUTED_VALUE"""),"MAHATMA SATYA GRAHA") -> MAHATMA SATYA GRAHA | C14: =IFERROR(__xludf.DUMMYFUNCTION("""COMPUTED_VALUE"""),2.024070407E9) -> 2024070407 | D14: =IFERROR(__xludf.DUMMYFUNCTION("""COMPUTED_VALUE"""),"A") -> A | E14: =IFERROR(__xludf.DUMMYFUNCTION("""COMPUTED_VALUE"""),"A-10") -> A-10 | F14: =IFERROR(__xludf.DUMMYFUNCTION("""COMPUTED_VALUE"""),3.0) -> 3 | G14: =IFERROR(__xludf.DUMMYFUNCTION("""COMPUTED_VALUE"""),"3 WUSTHO PUTRA") -> 3 WUSTHO PUTRA | H14: =IFERROR(__xludf.DUMMYFUNCTION("""COMPUTED_VALUE"""),"MA-XII.9") -> MA-XII.9 | I14: =IFERROR(__xludf.DUMMYFUNCTION("""COMPUTED_VALUE"""),"AIYINATUL JAMILAH") -> AIYINATUL JAMILAH | J14: =IFERROR(__xludf.DUMMYFUNCTION("""COMPUTED_VALUE"""),"JELAK JELAKCATUR RT 001 RW 004 KALITENGAH LAMONGAN") -> JELAK JELAKCATUR RT 001 RW 004 KALITENGAH LAMONGAN | K14: =IFERROR(__xludf.DUMMYFUNCTION("""COMPUTED_VALUE"""),"628557692330") -> 628557692330 | L14: =IFERROR(__xludf.DUMMYFUNCTION("""COMPUTED_VALUE"""),450000.0) -> 450000 | M14: =IFERROR(__xludf.DUMMYFUNCTION("""COMPUTED_VALUE"""),0.0) -> 0 | N14: =IFERROR(__xludf.DUMMYFUNCTION("""COMPUTED_VALUE"""),0.0) -> 0 | O14: =IFERROR(__xludf.DUMMYFUNCTION("""COMPUTED_VALUE"""),450000.0) -> 450000 | S14: =IFERROR(__xludf.DUMMYFUNCTION("""COMPUTED_VALUE"""),"Belum Lunas") -> Belum Lunas
A15: =IF(B15="","",ROW(A15)-1) -> 14 | B15: =IFERROR(__xludf.DUMMYFUNCTION("""COMPUTED_VALUE"""),"MOCHAMMAD NEIZTAHUL HUDA") -> MOCHAMMAD NEIZTAHUL HUDA | C15: =IFERROR(__xludf.DUMMYFUNCTION("""COMPUTED_VALUE"""),2.024070626E9) -> 2024070626 | D15: =IFERROR(__xludf.DUMMYFUNCTION("""COMPUTED_VALUE"""),"A") -> A | E15: =IFERROR(__xludf.DUMMYFUNCTION("""COMPUTED_VALUE"""),"A-8") -> A-8 | F15: =IFERROR(__xludf.DUMMYFUNCTION("""COMPUTED_VALUE"""),3.0) -> 3 | G15: =IFERROR(__xludf.DUMMYFUNCTION("""COMPUTED_VALUE"""),"3 ULA B PUTRA") -> 3 ULA B PUTRA | H15: =IFERROR(__xludf.DUMMYFUNCTION("""COMPUTED_VALUE"""),"MTS-9 B") -> MTS-9 B | I15: =IFERROR(__xludf.DUMMYFUNCTION("""COMPUTED_VALUE"""),"RIYAYUK") -> RIYAYUK | J15: =IFERROR(__xludf.DUMMYFUNCTION("""COMPUTED_VALUE"""),"NGAYUNG RT 007 RW 002 MADURAN LAMONGAN") -> NGAYUNG RT 007 RW 002 MADURAN LAMONGAN | K15: =IFERROR(__xludf.DUMMYFUNCTION("""COMPUTED_VALUE"""),"6282237520701") -> 6282237520701 | L15: =IFERROR(__xludf.DUMMYFUNCTION("""COMPUTED_VALUE"""),450000.0) -> 450000 | M15: =IFERROR(__xludf.DUMMYFUNCTION("""COMPUTED_VALUE"""),0.0) -> 0 | N15: =IFERROR(__xludf.DUMMYFUNCTION("""COMPUTED_VALUE"""),0.0) -> 0 | O15: =IFERROR(__xludf.DUMMYFUNCTION("""COMPUTED_VALUE"""),450000.0) -> 450000 | S15: =IFERROR(__xludf.DUMMYFUNCTION("""COMPUTED_VALUE"""),"Belum Lunas") -> Belum Lunas
A16: =IF(B16="","",ROW(A16)-1) -> 15 | B16: =IFERROR(__xludf.DUMMYFUNCTION("""COMPUTED_VALUE"""),"MUHAMMAD ALAM FIRMANSYAH") -> MUHAMMAD ALAM FIRMANSYAH | C16: =IFERROR(__xludf.DUMMYFUNCTION("""COMPUTED_VALUE"""),2.024070506E9) -> 2024070506 | D16: =IFERROR(__xludf.DUMMYFUNCTION("""COMPUTED_VALUE"""),"A") -> A | E16: =IFERROR(__xludf.DUMMYFUNCTION("""COMPUTED_VALUE"""),"A-8") -> A-8 | F16: =IFERROR(__xludf.DUMMYFUNCTION("""COMPUTED_VALUE"""),3.0) -> 3 | G16: =IFERROR(__xludf.DUMMYFUNCTION("""COMPUTED_VALUE"""),"3 ULA A PUTRA") -> 3 ULA A PUTRA | H16: =IFERROR(__xludf.DUMMYFUNCTION("""COMPUTED_VALUE"""),"MTS-9 F") -> MTS-9 F | I16: =IFERROR(__xludf.DUMMYFUNCTION("""COMPUTED_VALUE"""),"MUFA ROKAH") -> MUFA ROKAH | J16: =IFERROR(__xludf.DUMMYFUNCTION("""COMPUTED_VALUE"""),"KAMAL RT 004 RW 000 KAIRATU BARAT SERAM BAGIAN BARAT") -> KAMAL RT 004 RW 000 KAIRATU BARAT SERAM BAGIAN BARAT | K16: =IFERROR(__xludf.DUMMYFUNCTION("""COMPUTED_VALUE"""),"6282199817002") -> 6282199817002 | L16: =IFERROR(__xludf.DUMMYFUNCTION("""COMPUTED_VALUE"""),450000.0) -> 450000 | M16: =IFERROR(__xludf.DUMMYFUNCTION("""COMPUTED_VALUE"""),0.0) -> 0 | N16: =IFERROR(__xludf.DUMMYFUNCTION("""COMPUTED_VALUE"""),0.0) -> 0 | O16: =IFERROR(__xludf.DUMMYFUNCTION("""COMPUTED_VALUE"""),450000.0) -> 450000 | S16: =IFERROR(__xludf.DUMMYFUNCTION("""COMPUTED_VALUE"""),"Belum Lunas") -> Belum Lunas
A17: =IF(B17="","",ROW(A17)-1) -> 16 | B17: =IFERROR(__xludf.DUMMYFUNCTION("""COMPUTED_VALUE"""),"MUHAMMAD SYA`DANA") -> MUHAMMAD SYA`DANA | C17: =IFERROR(__xludf.DUMMYFUNCTION("""COMPUTED_VALUE"""),2.024070715E9) -> 2024070715 | D17: =IFERROR(__xludf.DUMMYFUNCTION("""COMPUTED_VALUE"""),"A") -> A | E17: =IFERROR(__xludf.DUMMYFUNCTION("""COMPUTED_VALUE"""),"A-10") -> A-10 | F17: =IFERROR(__xludf.DUMMYFUNCTION("""COMPUTED_VALUE"""),3.0) -> 3 | G17: =IFERROR(__xludf.DUMMYFUNCTION("""COMPUTED_VALUE"""),"3 WUSTHO PUTRA") -> 3 WUSTHO PUTRA | H17: =IFERROR(__xludf.DUMMYFUNCTION("""COMPUTED_VALUE"""),"SMK-XII TKJ 2") -> SMK-XII TKJ 2 | I17: =IFERROR(__xludf.DUMMYFUNCTION("""COMPUTED_VALUE"""),"FATMAWATI") -> FATMAWATI | J17: =IFERROR(__xludf.DUMMYFUNCTION("""COMPUTED_VALUE"""),"PARENGAN RT 4 RW 3 MADURAN LAMONGAN") -> PARENGAN RT 4 RW 3 MADURAN LAMONGAN | K17: =IFERROR(__xludf.DUMMYFUNCTION("""COMPUTED_VALUE"""),"6281216068509") -> 6281216068509 | L17: =IFERROR(__xludf.DUMMYFUNCTION("""COMPUTED_VALUE"""),450000.0) -> 450000 | M17: =IFERROR(__xludf.DUMMYFUNCTION("""COMPUTED_VALUE"""),0.0) -> 0 | N17: =IFERROR(__xludf.DUMMYFUNCTION("""COMPUTED_VALUE"""),0.0) -> 0 | O17: =IFERROR(__xludf.DUMMYFUNCTION("""COMPUTED_VALUE"""),450000.0) -> 450000 | S17: =IFERROR(__xludf.DUMMYFUNCTION("""COMPUTED_VALUE"""),"Belum Lunas") -> Belum Lunas
A18: =IF(B18="","",ROW(A18)-1) -> 17 | B18: =IFERROR(__xludf.DUMMYFUNCTION("""COMPUTED_VALUE"""),"AHMAD BAHRUL FITRONI") -> AHMAD BAHRUL FITRONI | C18: =IFERROR(__xludf.DUMMYFUNCTION("""COMPUTED_VALUE"""),2.024070534E9) -> 2024070534 | D18: =IFERROR(__xludf.DUMMYFUNCTION("""COMPUTED_VALUE"""),"A") -> A | E18: =IFERROR(__xludf.DUMMYFUNCTION("""COMPUTED_VALUE"""),"A-8") -> A-8 | F18: =IFERROR(__xludf.DUMMYFUNCTION("""COMPUTED_VALUE"""),3.0) -> 3 | G18: =IFERROR(__xludf.DUMMYFUNCTION("""COMPUTED_VALUE"""),"3 ULA B PUTRA") -> 3 ULA B PUTRA | H18: =IFERROR(__xludf.DUMMYFUNCTION("""COMPUTED_VALUE"""),"MTS-9 E") -> MTS-9 E | I18: =IFERROR(__xludf.DUMMYFUNCTION("""COMPUTED_VALUE"""),"SRI MULYATI") -> SRI MULYATI | J18: =IFERROR(__xludf.DUMMYFUNCTION("""COMPUTED_VALUE"""),"KEBET RT 005 RW 001 LAMONGAN LAMONGAN") -> KEBET RT 005 RW 001 LAMONGAN LAMONGAN | K18: =IFERROR(__xludf.DUMMYFUNCTION("""COMPUTED_VALUE"""),"6285812677937") -> 6285812677937 | L18: =IFERROR(__xludf.DUMMYFUNCTION("""COMPUTED_VALUE"""),0.0) -> 0 | M18: =IFERROR(__xludf.DUMMYFUNCTION("""COMPUTED_VALUE"""),500000.0) -> 500000 | N18: =IFERROR(__xludf.DUMMYFUNCTION("""COMPUTED_VALUE"""),0.0) -> 0 | O18: =IFERROR(__xludf.DUMMYFUNCTION("""COMPUTED_VALUE"""),500000.0) -> 500000 | S18: =IFERROR(__xludf.DUMMYFUNCTION("""COMPUTED_VALUE"""),"Belum Lunas") -> Belum Lunas
A19: =IF(B19="","",ROW(A19)-1) -> 18 | B19: =IFERROR(__xludf.DUMMYFUNCTION("""COMPUTED_VALUE"""),"AIDZILA DHEA ANANTA") -> AIDZILA DHEA ANANTA | C19: =IFERROR(__xludf.DUMMYFUNCTION("""COMPUTED_VALUE"""),2.024070495E9) -> 2024070495 | D19: =IFERROR(__xludf.DUMMYFUNCTION("""COMPUTED_VALUE"""),"C") -> C | E19: =IFERROR(__xludf.DUMMYFUNCTION("""COMPUTED_VALUE"""),"C-12") -> C-12 | F19: =IFERROR(__xludf.DUMMYFUNCTION("""COMPUTED_VALUE"""),3.0) -> 3 | G19: =IFERROR(__xludf.DUMMYFUNCTION("""COMPUTED_VALUE"""),"3 ULA C PUTRI") -> 3 ULA C PUTRI | H19: =IFERROR(__xludf.DUMMYFUNCTION("""COMPUTED_VALUE"""),"MTS-9 D") -> MTS-9 D | I19: =IFERROR(__xludf.DUMMYFUNCTION("""COMPUTED_VALUE"""),"MARATUS SHOLICHAH") -> MARATUS SHOLICHAH | J19: =IFERROR(__xludf.DUMMYFUNCTION("""COMPUTED_VALUE"""),"NGUWOK RT 004 RW 002 MODO LAMONGAN") -> NGUWOK RT 004 RW 002 MODO LAMONGAN | K19: =IFERROR(__xludf.DUMMYFUNCTION("""COMPUTED_VALUE"""),"6281559586998") -> 6281559586998 | L19: =IFERROR(__xludf.DUMMYFUNCTION("""COMPUTED_VALUE"""),0.0) -> 0 | M19: =IFERROR(__xludf.DUMMYFUNCTION("""COMPUTED_VALUE"""),500000.0) -> 500000 | N19: =IFERROR(__xludf.DUMMYFUNCTION("""COMPUTED_VALUE"""),0.0) -> 0 | O19: =IFERROR(__xludf.DUMMYFUNCTION("""COMPUTED_VALUE"""),500000.0) -> 500000 | S19: =IFERROR(__xludf.DUMMYFUNCTION("""COMPUTED_VALUE"""),"Belum Lunas") -> Belum Lunas
A20: =IF(B20="","",ROW(A20)-1) -> 19 | B20: =IFERROR(__xludf.DUMMYFUNCTION("""COMPUTED_VALUE"""),"ATHIIYAH AULIYA`UL MUSHOFAROH") -> ATHIIYAH AULIYA`UL MUSHOFAROH | C20: =IFERROR(__xludf.DUMMYFUNCTION("""COMPUTED_VALUE"""),2.024070631E9) -> 2024070631 | D20: =IFERROR(__xludf.DUMMYFUNCTION("""COMPUTED_VALUE"""),"C") -> C | E20: =IFERROR(__xludf.DUMMYFUNCTION("""COMPUTED_VALUE"""),"C-3") -> C-3 | F20: =IFERROR(__xludf.DUMMYFUNCTION("""COMPUTED_VALUE"""),3.0) -> 3 | H20: =IFERROR(__xludf.DUMMYFUNCTION("""COMPUTED_VALUE"""),"MTS-9 A") -> MTS-9 A | I20: =IFERROR(__xludf.DUMMYFUNCTION("""COMPUTED_VALUE"""),"NUR KHOMSATUN FINARIYAH") -> NUR KHOMSATUN FINARIYAH | J20: =IFERROR(__xludf.DUMMYFUNCTION("""COMPUTED_VALUE"""),"KEDIREN RT 003 RW 001 KALITENGAH LAMONGAN") -> KEDIREN RT 003 RW 001 KALITENGAH LAMONGAN | K20: =IFERROR(__xludf.DUMMYFUNCTION("""COMPUTED_VALUE"""),"6285731317533") -> 6285731317533 | L20: =IFERROR(__xludf.DUMMYFUNCTION("""COMPUTED_VALUE"""),0.0) -> 0 | M20: =IFERROR(__xludf.DUMMYFUNCTION("""COMPUTED_VALUE"""),500000.0) -> 500000 | N20: =IFERROR(__xludf.DUMMYFUNCTION("""COMPUTED_VALUE"""),0.0) -> 0 | O20: =IFERROR(__xludf.DUMMYFUNCTION("""COMPUTED_VALUE"""),500000.0) -> 500000 | S20: =IFERROR(__xludf.DUMMYFUNCTION("""COMPUTED_VALUE"""),"Belum Lunas") -> Belum Lunas
A21: =IF(B21="","",ROW(A21)-1) -> 20 | B21: =IFERROR(__xludf.DUMMYFUNCTION("""COMPUTED_VALUE"""),"ATINA AZKAL FUADAH") -> ATINA AZKAL FUADAH | C21: =IFERROR(__xludf.DUMMYFUNCTION("""COMPUTED_VALUE"""),2.024070474E9) -> 2024070474 | D21: =IFERROR(__xludf.DUMMYFUNCTION("""COMPUTED_VALUE"""),"E") -> E | E21: =IFERROR(__xludf.DUMMYFUNCTION("""COMPUTED_VALUE"""),"E-3") -> E-3 | F21: =IFERROR(__xludf.DUMMYFUNCTION("""COMPUTED_VALUE"""),3.0) -> 3 | G21: =IFERROR(__xludf.DUMMYFUNCTION("""COMPUTED_VALUE"""),"3 ULA B PUTRI") -> 3 ULA B PUTRI | H21: =IFERROR(__xludf.DUMMYFUNCTION("""COMPUTED_VALUE"""),"MTS-9 B") -> MTS-9 B | I21: =IFERROR(__xludf.DUMMYFUNCTION("""COMPUTED_VALUE"""),"KHAULA ANIS") -> KHAULA ANIS | J21: =IFERROR(__xludf.DUMMYFUNCTION("""COMPUTED_VALUE"""),"NGAYUNG RT 006 RW 002 MADURAN LAMONGAN") -> NGAYUNG RT 006 RW 002 MADURAN LAMONGAN | K21: =IFERROR(__xludf.DUMMYFUNCTION("""COMPUTED_VALUE"""),"6281554492983") -> 6281554492983 | L21: =IFERROR(__xludf.DUMMYFUNCTION("""COMPUTED_VALUE"""),500000.0) -> 500000 | M21: =IFERROR(__xludf.DUMMYFUNCTION("""COMPUTED_VALUE"""),0.0) -> 0 | N21: =IFERROR(__xludf.DUMMYFUNCTION("""COMPUTED_VALUE"""),0.0) -> 0 | O21: =IFERROR(__xludf.DUMMYFUNCTION("""COMPUTED_VALUE"""),500000.0) -> 500000 | S21: =IFERROR(__xludf.DUMMYFUNCTION("""COMPUTED_VALUE"""),"Belum Lunas") -> Belum Lunas
A22: =IF(B22="","",ROW(A22)-1) -> 21 | B22: =IFERROR(__xludf.DUMMYFUNCTION("""COMPUTED_VALUE"""),"AZZAM ABDILLAH SAPTA") -> AZZAM ABDILLAH SAPTA | C22: =IFERROR(__xludf.DUMMYFUNCTION("""COMPUTED_VALUE"""),2.02407059E9) -> 2024070590 | D22: =IFERROR(__xludf.DUMMYFUNCTION("""COMPUTED_VALUE"""),"A") -> A | E22: =IFERROR(__xludf.DUMMYFUNCTION("""COMPUTED_VALUE"""),"A-8") -> A-8 | F22: =IFERROR(__xludf.DUMMYFUNCTION("""COMPUTED_VALUE"""),3.0) -> 3 | G22: =IFERROR(__xludf.DUMMYFUNCTION("""COMPUTED_VALUE"""),"3 ULA B PUTRA") -> 3 ULA B PUTRA | H22: =IFERROR(__xludf.DUMMYFUNCTION("""COMPUTED_VALUE"""),"MTS-9 D") -> MTS-9 D | I22: =IFERROR(__xludf.DUMMYFUNCTION("""COMPUTED_VALUE"""),"MUIYATI") -> MUIYATI | J22: =IFERROR(__xludf.DUMMYFUNCTION("""COMPUTED_VALUE"""),"NGAYUNG RT 005 RW 002 MADURAN LAMONGAN") -> NGAYUNG RT 005 RW 002 MADURAN LAMONGAN | K22: =IFERROR(__xludf.DUMMYFUNCTION("""COMPUTED_VALUE"""),"6282143068892") -> 6282143068892 | L22: =IFERROR(__xludf.DUMMYFUNCTION("""COMPUTED_VALUE"""),0.0) -> 0 | M22: =IFERROR(__xludf.DUMMYFUNCTION("""COMPUTED_VALUE"""),500000.0) -> 500000 | N22: =IFERROR(__xludf.DUMMYFUNCTION("""COMPUTED_VALUE"""),0.0) -> 0 | O22: =IFERROR(__xludf.DUMMYFUNCTION("""COMPUTED_VALUE"""),500000.0) -> 500000 | S22: =IFERROR(__xludf.DUMMYFUNCTION("""COMPUTED_VALUE"""),"Belum Lunas") -> Belum Lunas
A23: =IF(B23="","",ROW(A23)-1) -> 22 | B23: =IFERROR(__xludf.DUMMYFUNCTION("""COMPUTED_VALUE"""),"BAGAS KHOIRUL AZAM") -> BAGAS KHOIRUL AZAM | C23: =IFERROR(__xludf.DUMMYFUNCTION("""COMPUTED_VALUE"""),2.024070452E9) -> 2024070452 | D23: =IFERROR(__xludf.DUMMYFUNCTION("""COMPUTED_VALUE"""),"A") -> A | E23: =IFERROR(__xludf.DUMMYFUNCTION("""COMPUTED_VALUE"""),"A-8") -> A-8 | F23: =IFERROR(__xludf.DUMMYFUNCTION("""COMPUTED_VALUE"""),3.0) -> 3 | G23: =IFERROR(__xludf.DUMMYFUNCTION("""COMPUTED_VALUE"""),"3 ULA A PUTRA") -> 3 ULA A PUTRA | H23: =IFERROR(__xludf.DUMMYFUNCTION("""COMPUTED_VALUE"""),"MTS-9 D") -> MTS-9 D | I23: =IFERROR(__xludf.DUMMYFUNCTION("""COMPUTED_VALUE"""),"SUKANI") -> SUKANI | J23: =IFERROR(__xludf.DUMMYFUNCTION("""COMPUTED_VALUE"""),"WONOSARI MULYO 5/37 WONOKUSUMO RT 017 RW 007 SEMAMPIR SURABAYA") -> WONOSARI MULYO 5/37 WONOKUSUMO RT 017 RW 007 SEMAMPIR SURABAYA | K23: =IFERROR(__xludf.DUMMYFUNCTION("""COMPUTED_VALUE"""),"6285738565150") -> 6285738565150 | L23: =IFERROR(__xludf.DUMMYFUNCTION("""COMPUTED_VALUE"""),0.0) -> 0 | M23: =IFERROR(__xludf.DUMMYFUNCTION("""COMPUTED_VALUE"""),500000.0) -> 500000 | N23: =IFERROR(__xludf.DUMMYFUNCTION("""COMPUTED_VALUE"""),0.0) -> 0 | O23: =IFERROR(__xludf.DUMMYFUNCTION("""COMPUTED_VALUE"""),500000.0) -> 500000 | S23: =IFERROR(__xludf.DUMMYFUNCTION("""COMPUTED_VALUE"""),"Belum Lunas") -> Belum Lunas
A24: =IF(B24="","",ROW(A24)-1) -> 23 | B24: =IFERROR(__xludf.DUMMYFUNCTION("""COMPUTED_VALUE"""),"BATRISYIA ALFILZAH") -> BATRISYIA ALFILZAH | C24: =IFERROR(__xludf.DUMMYFUNCTION("""COMPUTED_VALUE"""),2.024070634E9) -> 2024070634 | D24: =IFERROR(__xludf.DUMMYFUNCTION("""COMPUTED_VALUE"""),"E") -> E | E24: =IFERROR(__xludf.DUMMYFUNCTION("""COMPUTED_VALUE"""),"E-2") -> E-2 | F24: =IFERROR(__xludf.DUMMYFUNCTION("""COMPUTED_VALUE"""),3.0) -> 3 | G24: =IFERROR(__xludf.DUMMYFUNCTION("""COMPUTED_VALUE"""),"3 ULA A PUTRI") -> 3 ULA A PUTRI | H24: =IFERROR(__xludf.DUMMYFUNCTION("""COMPUTED_VALUE"""),"MTS-9 H") -> MTS-9 H | I24: =IFERROR(__xludf.DUMMYFUNCTION("""COMPUTED_VALUE"""),"LILIS") -> LILIS | J24: =IFERROR(__xludf.DUMMYFUNCTION("""COMPUTED_VALUE"""),"KAWISTOLEGI RT 001 RW 001 KARANGGENENG LAMONGAN") -> KAWISTOLEGI RT 001 RW 001 KARANGGENENG LAMONGAN | K24: =IFERROR(__xludf.DUMMYFUNCTION("""COMPUTED_VALUE"""),"62895801050384") -> 62895801050384 | L24: =IFERROR(__xludf.DUMMYFUNCTION("""COMPUTED_VALUE"""),500000.0) -> 500000 | M24: =IFERROR(__xludf.DUMMYFUNCTION("""COMPUTED_VALUE"""),0.0) -> 0 | N24: =IFERROR(__xludf.DUMMYFUNCTION("""COMPUTED_VALUE"""),0.0) -> 0 | O24: =IFERROR(__xludf.DUMMYFUNCTION("""COMPUTED_VALUE"""),500000.0) -> 500000 | S24: =IFERROR(__xludf.DUMMYFUNCTION("""COMPUTED_VALUE"""),"Belum Lunas") -> Belum Lunas
A25: =IF(B25="","",ROW(A25)-1) -> 24 | B25: =IFERROR(__xludf.DUMMYFUNCTION("""COMPUTED_VALUE"""),"DEWI LAILA ANISAH SHOFIYAH") -> DEWI LAILA ANISAH SHOFIYAH | C25: =IFERROR(__xludf.DUMMYFUNCTION("""COMPUTED_VALUE"""),2.024070373E9) -> 2024070373 | D25: =IFERROR(__xludf.DUMMYFUNCTION("""COMPUTED_VALUE"""),"C") -> C | E25: =IFERROR(__xludf.DUMMYFUNCTION("""COMPUTED_VALUE"""),"C-9") -> C-9 | F25: =IFERROR(__xludf.DUMMYFUNCTION("""COMPUTED_VALUE"""),3.0) -> 3 | G25: =IFERROR(__xludf.DUMMYFUNCTION("""COMPUTED_VALUE"""),"3 WUSTHO A PUTRI") -> 3 WUSTHO A PUTRI | H25: =IFERROR(__xludf.DUMMYFUNCTION("""COMPUTED_VALUE"""),"MA-XII.12") -> MA-XII.12 | I25: =IFERROR(__xludf.DUMMYFUNCTION("""COMPUTED_VALUE"""),"SITI ROKANI") -> SITI ROKANI | J25: =IFERROR(__xludf.DUMMYFUNCTION("""COMPUTED_VALUE"""),"KADUNG KADUNGREMBUG RT 001 RW 005 SUKODADI LAMONGAN") -> KADUNG KADUNGREMBUG RT 001 RW 005 SUKODADI LAMONGAN | K25: =IFERROR(__xludf.DUMMYFUNCTION("""COMPUTED_VALUE"""),"6285748023154") -> 6285748023154 | L25: =IFERROR(__xludf.DUMMYFUNCTION("""COMPUTED_VALUE"""),0.0) -> 0 | M25: =IFERROR(__xludf.DUMMYFUNCTION("""COMPUTED_VALUE"""),500000.0) -> 500000 | N25: =IFERROR(__xludf.DUMMYFUNCTION("""COMPUTED_VALUE"""),0.0) -> 0 | O25: =IFERROR(__xludf.DUMMYFUNCTION("""COMPUTED_VALUE"""),500000.0) -> 500000 | S25: =IFERROR(__xludf.DUMMYFUNCTION("""COMPUTED_VALUE"""),"Belum Lunas") -> Belum Lunas
A26: =IF(B26="","",ROW(A26)-1) -> 25 | B26: =IFERROR(__xludf.DUMMYFUNCTION("""COMPUTED_VALUE"""),"DINI WAHYU NINGTYAS") -> DINI WAHYU NINGTYAS | C26: =IFERROR(__xludf.DUMMYFUNCTION("""COMPUTED_VALUE"""),2.024070688E9) -> 2024070688 | D26: =IFERROR(__xludf.DUMMYFUNCTION("""COMPUTED_VALUE"""),"B") -> B | E26: =IFERROR(__xludf.DUMMYFUNCTION("""COMPUTED_VALUE"""),"B-4") -> B-4 | F26: =IFERROR(__xludf.DUMMYFUNCTION("""COMPUTED_VALUE"""),3.0) -> 3 | G26: =IFERROR(__xludf.DUMMYFUNCTION("""COMPUTED_VALUE"""),"3 WUSTHO C PUTRI") -> 3 WUSTHO C PUTRI | H26: =IFERROR(__xludf.DUMMYFUNCTION("""COMPUTED_VALUE"""),"SMK-XII DKV") -> SMK-XII DKV | I26: =IFERROR(__xludf.DUMMYFUNCTION("""COMPUTED_VALUE"""),"YA ANTI") -> YA ANTI | J26: =IFERROR(__xludf.DUMMYFUNCTION("""COMPUTED_VALUE"""),"TIRTA MULIA BATU MERANTI RT 011 RW 005 SUNGAILOBAN TANAH BUMBU") -> TIRTA MULIA BATU MERANTI RT 011 RW 005 SUNGAILOBAN TANAH BUMBU | K26: =IFERROR(__xludf.DUMMYFUNCTION("""COMPUTED_VALUE"""),"6281255133458") -> 6281255133458 | L26: =IFERROR(__xludf.DUMMYFUNCTION("""COMPUTED_VALUE"""),0.0) -> 0 | M26: =IFERROR(__xludf.DUMMYFUNCTION("""COMPUTED_VALUE"""),500000.0) -> 500000 | N26: =IFERROR(__xludf.DUMMYFUNCTION("""COMPUTED_VALUE"""),0.0) -> 0 | O26: =IFERROR(__xludf.DUMMYFUNCTION("""COMPUTED_VALUE"""),500000.0) -> 500000 | S26: =IFERROR(__xludf.DUMMYFUNCTION("""COMPUTED_VALUE"""),"Belum Lunas") -> Belum Lunas
A27: =IF(B27="","",ROW(A27)-1) -> 26 | B27: =IFERROR(__xludf.DUMMYFUNCTION("""COMPUTED_VALUE"""),"DIVA APRILIA SHOLIKHA") -> DIVA APRILIA SHOLIKHA | C27: =IFERROR(__xludf.DUMMYFUNCTION("""COMPUTED_VALUE"""),2.024070223E9) -> 2024070223 | D27: =IFERROR(__xludf.DUMMYFUNCTION("""COMPUTED_VALUE"""),"C") -> C | E27: =IFERROR(__xludf.DUMMYFUNCTION("""COMPUTED_VALUE"""),"C-8") -> C-8 | F27: =IFERROR(__xludf.DUMMYFUNCTION("""COMPUTED_VALUE"""),3.0) -> 3 | G27: =IFERROR(__xludf.DUMMYFUNCTION("""COMPUTED_VALUE"""),"3 WUSTHO A PUTRI") -> 3 WUSTHO A PUTRI | H27: =IFERROR(__xludf.DUMMYFUNCTION("""COMPUTED_VALUE"""),"MA-XII.6") -> MA-XII.6 | I27: =IFERROR(__xludf.DUMMYFUNCTION("""COMPUTED_VALUE"""),"KHOTIM SUNARIYAH") -> KHOTIM SUNARIYAH | J27: =IFERROR(__xludf.DUMMYFUNCTION("""COMPUTED_VALUE"""),"KARANGCANGKRING RT 7 RW 3 DUKUN GRESIK") -> KARANGCANGKRING RT 7 RW 3 DUKUN GRESIK | K27: =IFERROR(__xludf.DUMMYFUNCTION("""COMPUTED_VALUE"""),"6281553483950") -> 6281553483950 | L27: =IFERROR(__xludf.DUMMYFUNCTION("""COMPUTED_VALUE"""),0.0) -> 0 | M27: =IFERROR(__xludf.DUMMYFUNCTION("""COMPUTED_VALUE"""),500000.0) -> 500000 | N27: =IFERROR(__xludf.DUMMYFUNCTION("""COMPUTED_VALUE"""),0.0) -> 0 | O27: =IFERROR(__xludf.DUMMYFUNCTION("""COMPUTED_VALUE"""),500000.0) -> 500000 | S27: =IFERROR(__xludf.DUMMYFUNCTION("""COMPUTED_VALUE"""),"Belum Lunas") -> Belum Lunas
A28: =IF(B28="","",ROW(A28)-1) -> 27 | B28: =IFERROR(__xludf.DUMMYFUNCTION("""COMPUTED_VALUE"""),"ELSA LAILATUN NIHAYAH") -> ELSA LAILATUN NIHAYAH | C28: =IFERROR(__xludf.DUMMYFUNCTION("""COMPUTED_VALUE"""),2.024070112E9) -> 2024070112 | D28: =IFERROR(__xludf.DUMMYFUNCTION("""COMPUTED_VALUE"""),"C") -> C | E28: =IFERROR(__xludf.DUMMYFUNCTION("""COMPUTED_VALUE"""),"C-9") -> C-9 | F28: =IFERROR(__xludf.DUMMYFUNCTION("""COMPUTED_VALUE"""),3.0) -> 3 | G28: =IFERROR(__xludf.DUMMYFUNCTION("""COMPUTED_VALUE"""),"3 WUSTHO B PUTRI") -> 3 WUSTHO B PUTRI | H28: =IFERROR(__xludf.DUMMYFUNCTION("""COMPUTED_VALUE"""),"MA-XII.4") -> MA-XII.4 | I28: =IFERROR(__xludf.DUMMYFUNCTION("""COMPUTED_VALUE"""),"KARMU") -> KARMU | J28: =IFERROR(__xludf.DUMMYFUNCTION("""COMPUTED_VALUE"""),"CLURING RT 002 RW 002 KALITENGAH LAMONGAN") -> CLURING RT 002 RW 002 KALITENGAH LAMONGAN | K28: =IFERROR(__xludf.DUMMYFUNCTION("""COMPUTED_VALUE"""),"6287794103025") -> 6287794103025 | L28: =IFERROR(__xludf.DUMMYFUNCTION("""COMPUTED_VALUE"""),0.0) -> 0 | M28: =IFERROR(__xludf.DUMMYFUNCTION("""COMPUTED_VALUE"""),500000.0) -> 500000 | N28: =IFERROR(__xludf.DUMMYFUNCTION("""COMPUTED_VALUE"""),0.0) -> 0 | O28: =IFERROR(__xludf.DUMMYFUNCTION("""COMPUTED_VALUE"""),500000.0) -> 500000 | S28: =IFERROR(__xludf.DUMMYFUNCTION("""COMPUTED_VALUE"""),"Belum Lunas") -> Belum Lunas
A29: =IF(B29="","",ROW(A29)-1) -> 28 | B29: =IFERROR(__xludf.DUMMYFUNCTION("""COMPUTED_VALUE"""),"ERIN MAULIDIAH") -> ERIN MAULIDIAH | C29: =IFERROR(__xludf.DUMMYFUNCTION("""COMPUTED_VALUE"""),2.024070475E9) -> 2024070475 | D29: =IFERROR(__xludf.DUMMYFUNCTION("""COMPUTED_VALUE"""),"E") -> E | E29: =IFERROR(__xludf.DUMMYFUNCTION("""COMPUTED_VALUE"""),"E-3") -> E-3 | F29: =IFERROR(__xludf.DUMMYFUNCTION("""COMPUTED_VALUE"""),3.0) -> 3 | G29: =IFERROR(__xludf.DUMMYFUNCTION("""COMPUTED_VALUE"""),"3 ULA B PUTRI") -> 3 ULA B PUTRI | H29: =IFERROR(__xludf.DUMMYFUNCTION("""COMPUTED_VALUE"""),"MTS-9 B") -> MTS-9 B | I29: =IFERROR(__xludf.DUMMYFUNCTION("""COMPUTED_VALUE"""),"ASMAUS SHOFIYANAH") -> ASMAUS SHOFIYANAH | J29: =IFERROR(__xludf.DUMMYFUNCTION("""COMPUTED_VALUE"""),"NGAYUNG RT 005 RW 002 MADURAN LAMONGAN") -> NGAYUNG RT 005 RW 002 MADURAN LAMONGAN | K29: =IFERROR(__xludf.DUMMYFUNCTION("""COMPUTED_VALUE"""),"6282233810314") -> 6282233810314 | L29: =IFERROR(__xludf.DUMMYFUNCTION("""COMPUTED_VALUE"""),0.0) -> 0 | M29: =IFERROR(__xludf.DUMMYFUNCTION("""COMPUTED_VALUE"""),500000.0) -> 500000 | N29: =IFERROR(__xludf.DUMMYFUNCTION("""COMPUTED_VALUE"""),0.0) -> 0 | O29: =IFERROR(__xludf.DUMMYFUNCTION("""COMPUTED_VALUE"""),500000.0) -> 500000 | S29: =IFERROR(__xludf.DUMMYFUNCTION("""COMPUTED_VALUE"""),"Belum Lunas") -> Belum Lunas
A30: =IF(B30="","",ROW(A30)-1) -> 29 | B30: =IFERROR(__xludf.DUMMYFUNCTION("""COMPUTED_VALUE"""),"FAIQOTUR RIFDAH AL ABIDAH") -> FAIQOTUR RIFDAH AL ABIDAH | C30: =IFERROR(__xludf.DUMMYFUNCTION("""COMPUTED_VALUE"""),2.024070487E9) -> 2024070487 | D30: =IFERROR(__xludf.DUMMYFUNCTION("""COMPUTED_VALUE"""),"E") -> E | E30: =IFERROR(__xludf.DUMMYFUNCTION("""COMPUTED_VALUE"""),"E-2") -> E-2 | F30: =IFERROR(__xludf.DUMMYFUNCTION("""COMPUTED_VALUE"""),3.0) -> 3 | G30: =IFERROR(__xludf.DUMMYFUNCTION("""COMPUTED_VALUE"""),"3 ULA B PUTRI") -> 3 ULA B PUTRI | H30: =IFERROR(__xludf.DUMMYFUNCTION("""COMPUTED_VALUE"""),"MTS-9 C") -> MTS-9 C | I30: =IFERROR(__xludf.DUMMYFUNCTION("""COMPUTED_VALUE"""),"CHAMIMAH") -> CHAMIMAH | J30: =IFERROR(__xludf.DUMMYFUNCTION("""COMPUTED_VALUE"""),"PLOSOSETRO RT 008 RW 002 PUCUK LAMONGAN") -> PLOSOSETRO RT 008 RW 002 PUCUK LAMONGAN | K30: =IFERROR(__xludf.DUMMYFUNCTION("""COMPUTED_VALUE"""),"6285791612653") -> 6285791612653 | L30: =IFERROR(__xludf.DUMMYFUNCTION("""COMPUTED_VALUE"""),0.0) -> 0 | M30: =IFERROR(__xludf.DUMMYFUNCTION("""COMPUTED_VALUE"""),500000.0) -> 500000 | N30: =IFERROR(__xludf.DUMMYFUNCTION("""COMPUTED_VALUE"""),0.0) -> 0 | O30: =IFERROR(__xludf.DUMMYFUNCTION("""COMPUTED_VALUE"""),500000.0) -> 500000 | S30: =IFERROR(__xludf.DUMMYFUNCTION("""COMPUTED_VALUE"""),"Belum Lunas") -> Belum Lunas
A31: =IF(B31="","",ROW(A31)-1) -> 30 | B31: =IFERROR(__xludf.DUMMYFUNCTION("""COMPUTED_VALUE"""),"FAIRUZZABADI WAHYU MAHFUL") -> FAIRUZZABADI WAHYU MAHFUL | C31: =IFERROR(__xludf.DUMMYFUNCTION("""COMPUTED_VALUE"""),2.024070458E9) -> 2024070458 | D31: =IFERROR(__xludf.DUMMYFUNCTION("""COMPUTED_VALUE"""),"A") -> A | E31: =IFERROR(__xludf.DUMMYFUNCTION("""COMPUTED_VALUE"""),"A-7") -> A-7 | F31: =IFERROR(__xludf.DUMMYFUNCTION("""COMPUTED_VALUE"""),3.0) -> 3 | G31: =IFERROR(__xludf.DUMMYFUNCTION("""COMPUTED_VALUE"""),"3 ULA A PUTRA") -> 3 ULA A PUTRA | H31: =IFERROR(__xludf.DUMMYFUNCTION("""COMPUTED_VALUE"""),"MTS-9 E") -> MTS-9 E | I31: =IFERROR(__xludf.DUMMYFUNCTION("""COMPUTED_VALUE"""),"TRI UTAMI") -> TRI UTAMI | J31: =IFERROR(__xludf.DUMMYFUNCTION("""COMPUTED_VALUE"""),"PAJANGAN RT 001 RW 002 SUKODADI LAMONGAN") -> PAJANGAN RT 001 RW 002 SUKODADI LAMONGAN | K31: =IFERROR(__xludf.DUMMYFUNCTION("""COMPUTED_VALUE"""),"6285730482785") -> 6285730482785 | L31: =IFERROR(__xludf.DUMMYFUNCTION("""COMPUTED_VALUE"""),0.0) -> 0 | M31: =IFERROR(__xludf.DUMMYFUNCTION("""COMPUTED_VALUE"""),500000.0) -> 500000 | N31: =IFERROR(__xludf.DUMMYFUNCTION("""COMPUTED_VALUE"""),0.0) -> 0 | O31: =IFERROR(__xludf.DUMMYFUNCTION("""COMPUTED_VALUE"""),500000.0) -> 500000 | S31: =IFERROR(__xludf.DUMMYFUNCTION("""COMPUTED_VALUE"""),"Belum Lunas") -> Belum Lunas
A32: =IF(B32="","",ROW(A32)-1) -> 31 | B32: =IFERROR(__xludf.DUMMYFUNCTION("""COMPUTED_VALUE"""),"FARAH OKTARIAN SYAHPUTRI") -> FARAH OKTARIAN SYAHPUTRI | C32: =IFERROR(__xludf.DUMMYFUNCTION("""COMPUTED_VALUE"""),2.024070466E9) -> 2024070466 | D32: =IFERROR(__xludf.DUMMYFUNCTION("""COMPUTED_VALUE"""),"E") -> E | E32: =IFERROR(__xludf.DUMMYFUNCTION("""COMPUTED_VALUE"""),"E-9") -> E-9 | F32: =IFERROR(__xludf.DUMMYFUNCTION("""COMPUTED_VALUE"""),3.0) -> 3 | G32: =IFERROR(__xludf.DUMMYFUNCTION("""COMPUTED_VALUE"""),"3 ULA C PUTRI") -> 3 ULA C PUTRI | H32: =IFERROR(__xludf.DUMMYFUNCTION("""COMPUTED_VALUE"""),"MTS-9 A") -> MTS-9 A | I32: =IFERROR(__xludf.DUMMYFUNCTION("""COMPUTED_VALUE"""),"HUSNUL MUSTAFIDAH") -> HUSNUL MUSTAFIDAH | J32: =IFERROR(__xludf.DUMMYFUNCTION("""COMPUTED_VALUE"""),"JL. RAYA SUGIO NO. 53 KEBET RT 004 RW 001 LAMONGAN LAMONGAN") -> JL. RAYA SUGIO NO. 53 KEBET RT 004 RW 001 LAMONGAN LAMONGAN | K32: =IFERROR(__xludf.DUMMYFUNCTION("""COMPUTED_VALUE"""),"6281332772930") -> 6281332772930 | L32: =IFERROR(__xludf.DUMMYFUNCTION("""COMPUTED_VALUE"""),0.0) -> 0 | M32: =IFERROR(__xludf.DUMMYFUNCTION("""COMPUTED_VALUE"""),500000.0) -> 500000 | N32: =IFERROR(__xludf.DUMMYFUNCTION("""COMPUTED_VALUE"""),0.0) -> 0 | O32: =IFERROR(__xludf.DUMMYFUNCTION("""COMPUTED_VALUE"""),500000.0) -> 500000 | S32: =IFERROR(__xludf.DUMMYFUNCTION("""COMPUTED_VALUE"""),"Belum Lunas") -> Belum Lunas
A33: =IF(B33="","",ROW(A33)-1) -> 32 | B33: =IFERROR(__xludf.DUMMYFUNCTION("""COMPUTED_VALUE"""),"FARIKHA AULIA SALSABILLAH") -> FARIKHA AULIA SALSABILLAH | C33: =IFERROR(__xludf.DUMMYFUNCTION("""COMPUTED_VALUE"""),2.024070074E9) -> 2024070074 | D33: =IFERROR(__xludf.DUMMYFUNCTION("""COMPUTED_VALUE"""),"C") -> C | E33: =IFERROR(__xludf.DUMMYFUNCTION("""COMPUTED_VALUE"""),"C-4") -> C-4 | F33: =IFERROR(__xludf.DUMMYFUNCTION("""COMPUTED_VALUE"""),3.0) -> 3 | G33: =IFERROR(__xludf.DUMMYFUNCTION("""COMPUTED_VALUE"""),"3 WUSTHO B PUTRI") -> 3 WUSTHO B PUTRI | H33: =IFERROR(__xludf.DUMMYFUNCTION("""COMPUTED_VALUE"""),"MA-XII.3") -> MA-XII.3 | I33: =IFERROR(__xludf.DUMMYFUNCTION("""COMPUTED_VALUE"""),"SUNARTI") -> SUNARTI | J33: =IFERROR(__xludf.DUMMYFUNCTION("""COMPUTED_VALUE"""),"WEDENG SUKOREJO RT 001 RW 003 KARANGBINANGUN LAMONGAN") -> WEDENG SUKOREJO RT 001 RW 003 KARANGBINANGUN LAMONGAN | K33: =IFERROR(__xludf.DUMMYFUNCTION("""COMPUTED_VALUE"""),"6285645468404") -> 6285645468404 | L33: =IFERROR(__xludf.DUMMYFUNCTION("""COMPUTED_VALUE"""),0.0) -> 0 | M33: =IFERROR(__xludf.DUMMYFUNCTION("""COMPUTED_VALUE"""),500000.0) -> 500000 | N33: =IFERROR(__xludf.DUMMYFUNCTION("""COMPUTED_VALUE"""),0.0) -> 0 | O33: =IFERROR(__xludf.DUMMYFUNCTION("""COMPUTED_VALUE"""),500000.0) -> 500000 | S33: =IFERROR(__xludf.DUMMYFUNCTION("""COMPUTED_VALUE"""),"Belum Lunas") -> Belum Lunas
A34: =IF(B34="","",ROW(A34)-1) -> 33 | B34: =IFERROR(__xludf.DUMMYFUNCTION("""COMPUTED_VALUE"""),"FATIMAH AZ-ZAHRAH") -> FATIMAH AZ-ZAHRAH | C34: =IFERROR(__xludf.DUMMYFUNCTION("""COMPUTED_VALUE"""),2.024070507E9) -> 2024070507 | D34: =IFERROR(__xludf.DUMMYFUNCTION("""COMPUTED_VALUE"""),"B") -> B | E34: =IFERROR(__xludf.DUMMYFUNCTION("""COMPUTED_VALUE"""),"B-9") -> B-9 | F34: =IFERROR(__xludf.DUMMYFUNCTION("""COMPUTED_VALUE"""),3.0) -> 3 | G34: =IFERROR(__xludf.DUMMYFUNCTION("""COMPUTED_VALUE"""),"3 ULA B PUTRI") -> 3 ULA B PUTRI | H34: =IFERROR(__xludf.DUMMYFUNCTION("""COMPUTED_VALUE"""),"MTS-9 H") -> MTS-9 H | I34: =IFERROR(__xludf.DUMMYFUNCTION("""COMPUTED_VALUE"""),"SITI LUTHFIYAH") -> SITI LUTHFIYAH | J34: =IFERROR(__xludf.DUMMYFUNCTION("""COMPUTED_VALUE"""),"SONGO SUKOSONGO RT 013 RW 006 KEMBANGBAHU LAMONGAN") -> SONGO SUKOSONGO RT 013 RW 006 KEMBANGBAHU LAMONGAN | K34: =IFERROR(__xludf.DUMMYFUNCTION("""COMPUTED_VALUE"""),"6285706056735") -> 6285706056735 | L34: =IFERROR(__xludf.DUMMYFUNCTION("""COMPUTED_VALUE"""),0.0) -> 0 | M34: =IFERROR(__xludf.DUMMYFUNCTION("""COMPUTED_VALUE"""),500000.0) -> 500000 | N34: =IFERROR(__xludf.DUMMYFUNCTION("""COMPUTED_VALUE"""),0.0) -> 0 | O34: =IFERROR(__xludf.DUMMYFUNCTION("""COMPUTED_VALUE"""),500000.0) -> 500000 | S34: =IFERROR(__xludf.DUMMYFUNCTION("""COMPUTED_VALUE"""),"Belum Lunas") -> Belum Lunas
A35: =IF(B35="","",ROW(A35)-1) -> 34 | B35: =IFERROR(__xludf.DUMMYFUNCTION("""COMPUTED_VALUE"""),"GALANG SAPUTRA") -> GALANG SAPUTRA | C35: =IFERROR(__xludf.DUMMYFUNCTION("""COMPUTED_VALUE"""),2.02407073E9) -> 2024070730 | D35: =IFERROR(__xludf.DUMMYFUNCTION("""COMPUTED_VALUE"""),"A") -> A | E35: =IFERROR(__xludf.DUMMYFUNCTION("""COMPUTED_VALUE"""),"A-8") -> A-8 | F35: =IFERROR(__xludf.DUMMYFUNCTION("""COMPUTED_VALUE"""),3.0) -> 3 | G35: =IFERROR(__xludf.DUMMYFUNCTION("""COMPUTED_VALUE"""),"3 ULA A PUTRA") -> 3 ULA A PUTRA | H35: =IFERROR(__xludf.DUMMYFUNCTION("""COMPUTED_VALUE"""),"SMP-IX A") -> SMP-IX A | I35: =IFERROR(__xludf.DUMMYFUNCTION("""COMPUTED_VALUE"""),"SULIYATI") -> SULIYATI | J35: =IFERROR(__xludf.DUMMYFUNCTION("""COMPUTED_VALUE"""),"DORO KARANGWEDORO RT 009 RW 003 TURI LAMONGAN") -> DORO KARANGWEDORO RT 009 RW 003 TURI LAMONGAN | K35: =IFERROR(__xludf.DUMMYFUNCTION("""COMPUTED_VALUE"""),"6285756513128") -> 6285756513128 | L35: =IFERROR(__xludf.DUMMYFUNCTION("""COMPUTED_VALUE"""),0.0) -> 0 | M35: =IFERROR(__xludf.DUMMYFUNCTION("""COMPUTED_VALUE"""),500000.0) -> 500000 | N35: =IFERROR(__xludf.DUMMYFUNCTION("""COMPUTED_VALUE"""),0.0) -> 0 | O35: =IFERROR(__xludf.DUMMYFUNCTION("""COMPUTED_VALUE"""),500000.0) -> 500000 | S35: =IFERROR(__xludf.DUMMYFUNCTION("""COMPUTED_VALUE"""),"Belum Lunas") -> Belum Lunas
A36: =IF(B36="","",ROW(A36)-1) -> 35 | B36: =IFERROR(__xludf.DUMMYFUNCTION("""COMPUTED_VALUE"""),"GHITA RAINA AZZAHRA PRIYANTO") -> GHITA RAINA AZZAHRA PRIYANTO | C36: =IFERROR(__xludf.DUMMYFUNCTION("""COMPUTED_VALUE"""),2.024070636E9) -> 2024070636 | D36: =IFERROR(__xludf.DUMMYFUNCTION("""COMPUTED_VALUE"""),"C") -> C | E36: =IFERROR(__xludf.DUMMYFUNCTION("""COMPUTED_VALUE"""),"C-12") -> C-12 | F36: =IFERROR(__xludf.DUMMYFUNCTION("""COMPUTED_VALUE"""),3.0) -> 3 | G36: =IFERROR(__xludf.DUMMYFUNCTION("""COMPUTED_VALUE"""),"3 ULA C PUTRI") -> 3 ULA C PUTRI | H36: =IFERROR(__xludf.DUMMYFUNCTION("""COMPUTED_VALUE"""),"MTS-9 H") -> MTS-9 H | I36: =IFERROR(__xludf.DUMMYFUNCTION("""COMPUTED_VALUE"""),"ANIS ROHMAWATI") -> ANIS ROHMAWATI | J36: =IFERROR(__xludf.DUMMYFUNCTION("""COMPUTED_VALUE"""),"TULUNG WANAR RT 004 RW 005 PUCUK LAMONGAN") -> TULUNG WANAR RT 004 RW 005 PUCUK LAMONGAN | K36: =IFERROR(__xludf.DUMMYFUNCTION("""COMPUTED_VALUE"""),"6281260170147") -> 6281260170147 | L36: =IFERROR(__xludf.DUMMYFUNCTION("""COMPUTED_VALUE"""),0.0) -> 0 | M36: =IFERROR(__xludf.DUMMYFUNCTION("""COMPUTED_VALUE"""),500000.0) -> 500000 | N36: =IFERROR(__xludf.DUMMYFUNCTION("""COMPUTED_VALUE"""),0.0) -> 0 | O36: =IFERROR(__xludf.DUMMYFUNCTION("""COMPUTED_VALUE"""),500000.0) -> 500000 | S36: =IFERROR(__xludf.DUMMYFUNCTION("""COMPUTED_VALUE"""),"Belum Lunas") -> Belum Lunas
A37: =IF(B37="","",ROW(A37)-1) -> 36 | B37: =IFERROR(__xludf.DUMMYFUNCTION("""COMPUTED_VALUE"""),"HAMDAN ALIEF") -> HAMDAN ALIEF | C37: =IFERROR(__xludf.DUMMYFUNCTION("""COMPUTED_VALUE"""),2.024070663E9) -> 2024070663 | D37: =IFERROR(__xludf.DUMMYFUNCTION("""COMPUTED_VALUE"""),"A") -> A | E37: =IFERROR(__xludf.DUMMYFUNCTION("""COMPUTED_VALUE"""),"A-7") -> A-7 | F37: =IFERROR(__xludf.DUMMYFUNCTION("""COMPUTED_VALUE"""),3.0) -> 3 | G37: =IFERROR(__xludf.DUMMYFUNCTION("""COMPUTED_VALUE"""),"3 ULA A PUTRA") -> 3 ULA A PUTRA | H37: =IFERROR(__xludf.DUMMYFUNCTION("""COMPUTED_VALUE"""),"MTS-9 D") -> MTS-9 D | I37: =IFERROR(__xludf.DUMMYFUNCTION("""COMPUTED_VALUE"""),"NUR AMALAH") -> NUR AMALAH | J37: =IFERROR(__xludf.DUMMYFUNCTION("""COMPUTED_VALUE"""),"SEMOLOWARU UTARA 1/31 RT 005 RW 001 SUKOLILO SURABAYA") -> SEMOLOWARU UTARA 1/31 RT 005 RW 001 SUKOLILO SURABAYA | K37: =IFERROR(__xludf.DUMMYFUNCTION("""COMPUTED_VALUE"""),"6281216694589") -> 6281216694589 | L37: =IFERROR(__xludf.DUMMYFUNCTION("""COMPUTED_VALUE"""),0.0) -> 0 | M37: =IFERROR(__xludf.DUMMYFUNCTION("""COMPUTED_VALUE"""),500000.0) -> 500000 | N37: =IFERROR(__xludf.DUMMYFUNCTION("""COMPUTED_VALUE"""),0.0) -> 0 | O37: =IFERROR(__xludf.DUMMYFUNCTION("""COMPUTED_VALUE"""),500000.0) -> 500000 | S37: =IFERROR(__xludf.DUMMYFUNCTION("""COMPUTED_VALUE"""),"Belum Lunas") -> Belum Lunas
A38: =IF(B38="","",ROW(A38)-1) -> 37 | B38: =IFERROR(__xludf.DUMMYFUNCTION("""COMPUTED_VALUE"""),"HILDA AFRILLIA SALSA FUNNY") -> HILDA AFRILLIA SALSA FUNNY | C38: =IFERROR(__xludf.DUMMYFUNCTION("""COMPUTED_VALUE"""),2.024070609E9) -> 2024070609 | D38: =IFERROR(__xludf.DUMMYFUNCTION("""COMPUTED_VALUE"""),"C") -> C | E38: =IFERROR(__xludf.DUMMYFUNCTION("""COMPUTED_VALUE"""),"C-12") -> C-12 | F38: =IFERROR(__xludf.DUMMYFUNCTION("""COMPUTED_VALUE"""),3.0) -> 3 | G38: =IFERROR(__xludf.DUMMYFUNCTION("""COMPUTED_VALUE"""),"3 ULA C PUTRI") -> 3 ULA C PUTRI | H38: =IFERROR(__xludf.DUMMYFUNCTION("""COMPUTED_VALUE"""),"MTS-9 D") -> MTS-9 D | I38: =IFERROR(__xludf.DUMMYFUNCTION("""COMPUTED_VALUE"""),"SUNTIANAH") -> SUNTIANAH | J38: =IFERROR(__xludf.DUMMYFUNCTION("""COMPUTED_VALUE"""),"KULURAN RT 004 RW 003 KALITENGAH LAMONGAN") -> KULURAN RT 004 RW 003 KALITENGAH LAMONGAN | K38: =IFERROR(__xludf.DUMMYFUNCTION("""COMPUTED_VALUE"""),"628570216013") -> 628570216013 | L38: =IFERROR(__xludf.DUMMYFUNCTION("""COMPUTED_VALUE"""),0.0) -> 0 | M38: =IFERROR(__xludf.DUMMYFUNCTION("""COMPUTED_VALUE"""),500000.0) -> 500000 | N38: =IFERROR(__xludf.DUMMYFUNCTION("""COMPUTED_VALUE"""),0.0) -> 0 | O38: =IFERROR(__xludf.DUMMYFUNCTION("""COMPUTED_VALUE"""),500000.0) -> 500000 | S38: =IFERROR(__xludf.DUMMYFUNCTION("""COMPUTED_VALUE"""),"Belum Lunas") -> Belum Lunas
A39: =IF(B39="","",ROW(A39)-1) -> 38 | B39: =IFERROR(__xludf.DUMMYFUNCTION("""COMPUTED_VALUE"""),"KEYSHA BRILLYAN FEBIANA") -> KEYSHA BRILLYAN FEBIANA | C39: =IFERROR(__xludf.DUMMYFUNCTION("""COMPUTED_VALUE"""),2.024070513E9) -> 2024070513 | D39: =IFERROR(__xludf.DUMMYFUNCTION("""COMPUTED_VALUE"""),"E") -> E | E39: =IFERROR(__xludf.DUMMYFUNCTION("""COMPUTED_VALUE"""),"E-3") -> E-3 | F39: =IFERROR(__xludf.DUMMYFUNCTION("""COMPUTED_VALUE"""),3.0) -> 3 | G39: =IFERROR(__xludf.DUMMYFUNCTION("""COMPUTED_VALUE"""),"3 ULA C PUTRI") -> 3 ULA C PUTRI | H39: =IFERROR(__xludf.DUMMYFUNCTION("""COMPUTED_VALUE"""),"MTS-9 G") -> MTS-9 G | I39: =IFERROR(__xludf.DUMMYFUNCTION("""COMPUTED_VALUE"""),"SISKA APRILIA") -> SISKA APRILIA | J39: =IFERROR(__xludf.DUMMYFUNCTION("""COMPUTED_VALUE"""),"PENGANGSALAN RT 001 RW 001 KALITENGAH LAMONGAN") -> PENGANGSALAN RT 001 RW 001 KALITENGAH LAMONGAN | K39: =IFERROR(__xludf.DUMMYFUNCTION("""COMPUTED_VALUE"""),"628564039966") -> 628564039966 | L39: =IFERROR(__xludf.DUMMYFUNCTION("""COMPUTED_VALUE"""),0.0) -> 0 | M39: =IFERROR(__xludf.DUMMYFUNCTION("""COMPUTED_VALUE"""),500000.0) -> 500000 | N39: =IFERROR(__xludf.DUMMYFUNCTION("""COMPUTED_VALUE"""),0.0) -> 0 | O39: =IFERROR(__xludf.DUMMYFUNCTION("""COMPUTED_VALUE"""),500000.0) -> 500000 | S39: =IFERROR(__xludf.DUMMYFUNCTION("""COMPUTED_VALUE"""),"Belum Lunas") -> Belum Lunas
A40: =IF(B40="","",ROW(A40)-1) -> 39 | B40: =IFERROR(__xludf.DUMMYFUNCTION("""COMPUTED_VALUE"""),"LALUNA NAYRA KAMILA") -> LALUNA NAYRA KAMILA | C40: =IFERROR(__xludf.DUMMYFUNCTION("""COMPUTED_VALUE"""),2.025070425E9) -> 2025070425 | D40: =IFERROR(__xludf.DUMMYFUNCTION("""COMPUTED_VALUE"""),"D") -> D | E40: =IFERROR(__xludf.DUMMYFUNCTION("""COMPUTED_VALUE"""),"D-6") -> D-6 | F40: =IFERROR(__xludf.DUMMYFUNCTION("""COMPUTED_VALUE"""),3.0) -> 3 | G40: =IFERROR(__xludf.DUMMYFUNCTION("""COMPUTED_VALUE"""),"3 WUSTHO C PUTRI") -> 3 WUSTHO C PUTRI | H40: =IFERROR(__xludf.DUMMYFUNCTION("""COMPUTED_VALUE"""),"MA-XII.12") -> MA-XII.12 | I40: =IFERROR(__xludf.DUMMYFUNCTION("""COMPUTED_VALUE"""),"ISTIADATUR RIZA") -> ISTIADATUR RIZA | J40: =IFERROR(__xludf.DUMMYFUNCTION("""COMPUTED_VALUE"""),"NGILANG RT 002 RW 001 KALEN KEDUNGPRING LAMONGAN") -> NGILANG RT 002 RW 001 KALEN KEDUNGPRING LAMONGAN | K40: =IFERROR(__xludf.DUMMYFUNCTION("""COMPUTED_VALUE"""),"6281331012600") -> 6281331012600 | L40: =IFERROR(__xludf.DUMMYFUNCTION("""COMPUTED_VALUE"""),0.0) -> 0 | M40: =IFERROR(__xludf.DUMMYFUNCTION("""COMPUTED_VALUE"""),500000.0) -> 500000 | N40: =IFERROR(__xludf.DUMMYFUNCTION("""COMPUTED_VALUE"""),0.0) -> 0 | O40: =IFERROR(__xludf.DUMMYFUNCTION("""COMPUTED_VALUE"""),500000.0) -> 500000 | S40: =IFERROR(__xludf.DUMMYFUNCTION("""COMPUTED_VALUE"""),"Belum Lunas") -> Belum Lunas
A41: =IF(B41="","",ROW(A41)-1) -> 40 | B41: =IFERROR(__xludf.DUMMYFUNCTION("""COMPUTED_VALUE"""),"M. SYAHRUL BAHRI ALSYAFIK") -> M. SYAHRUL BAHRI ALSYAFIK | C41: =IFERROR(__xludf.DUMMYFUNCTION("""COMPUTED_VALUE"""),2.024070628E9) -> 2024070628 | D41: =IFERROR(__xludf.DUMMYFUNCTION("""COMPUTED_VALUE"""),"A") -> A | E41: =IFERROR(__xludf.DUMMYFUNCTION("""COMPUTED_VALUE"""),"A-8") -> A-8 | F41: =IFERROR(__xludf.DUMMYFUNCTION("""COMPUTED_VALUE"""),3.0) -> 3 | G41: =IFERROR(__xludf.DUMMYFUNCTION("""COMPUTED_VALUE"""),"3 ULA B PUTRA") -> 3 ULA B PUTRA | H41: =IFERROR(__xludf.DUMMYFUNCTION("""COMPUTED_VALUE"""),"MTS-9 E") -> MTS-9 E | I41: =IFERROR(__xludf.DUMMYFUNCTION("""COMPUTED_VALUE"""),"ETIK NUR KUMALA") -> ETIK NUR KUMALA | J41: =IFERROR(__xludf.DUMMYFUNCTION("""COMPUTED_VALUE"""),"PENDOWO LIMO RT 001 RW 003 KARANGBINANGUN LAMONGAN") -> PENDOWO LIMO RT 001 RW 003 KARANGBINANGUN LAMONGAN | K41: =IFERROR(__xludf.DUMMYFUNCTION("""COMPUTED_VALUE"""),"6285704248674") -> 6285704248674 | L41: =IFERROR(__xludf.DUMMYFUNCTION("""COMPUTED_VALUE"""),0.0) -> 0 | M41: =IFERROR(__xludf.DUMMYFUNCTION("""COMPUTED_VALUE"""),500000.0) -> 500000 | N41: =IFERROR(__xludf.DUMMYFUNCTION("""COMPUTED_VALUE"""),0.0) -> 0 | O41: =IFERROR(__xludf.DUMMYFUNCTION("""COMPUTED_VALUE"""),500000.0) -> 500000 | S41: =IFERROR(__xludf.DUMMYFUNCTION("""COMPUTED_VALUE"""),"Belum Lunas") -> Belum Lunas
A42: =IF(B42="","",ROW(A42)-1) -> 41 | B42: =IFERROR(__xludf.DUMMYFUNCTION("""COMPUTED_VALUE"""),"MALICHAH KAMILA ARIANI") -> MALICHAH KAMILA ARIANI | C42: =IFERROR(__xludf.DUMMYFUNCTION("""COMPUTED_VALUE"""),2.024070331E9) -> 2024070331 | D42: =IFERROR(__xludf.DUMMYFUNCTION("""COMPUTED_VALUE"""),"C") -> C | E42: =IFERROR(__xludf.DUMMYFUNCTION("""COMPUTED_VALUE"""),"C-9") -> C-9 | F42: =IFERROR(__xludf.DUMMYFUNCTION("""COMPUTED_VALUE"""),3.0) -> 3 | H42: =IFERROR(__xludf.DUMMYFUNCTION("""COMPUTED_VALUE"""),"MA-XII.10") -> MA-XII.10 | I42: =IFERROR(__xludf.DUMMYFUNCTION("""COMPUTED_VALUE"""),"MACHMUDATUN NI`MAH") -> MACHMUDATUN NI`MAH | J42: =IFERROR(__xludf.DUMMYFUNCTION("""COMPUTED_VALUE"""),"WONOKERTO RT 002 RW 001 DUKUN GRESIK") -> WONOKERTO RT 002 RW 001 DUKUN GRESIK | K42: =IFERROR(__xludf.DUMMYFUNCTION("""COMPUTED_VALUE"""),"6285859618682") -> 6285859618682 | L42: =IFERROR(__xludf.DUMMYFUNCTION("""COMPUTED_VALUE"""),0.0) -> 0 | M42: =IFERROR(__xludf.DUMMYFUNCTION("""COMPUTED_VALUE"""),500000.0) -> 500000 | N42: =IFERROR(__xludf.DUMMYFUNCTION("""COMPUTED_VALUE"""),0.0) -> 0 | O42: =IFERROR(__xludf.DUMMYFUNCTION("""COMPUTED_VALUE"""),500000.0) -> 500000 | S42: =IFERROR(__xludf.DUMMYFUNCTION("""COMPUTED_VALUE"""),"Belum Lunas") -> Belum Lunas
A43: =IF(B43="","",ROW(A43)-1) -> 42 | B43: =IFERROR(__xludf.DUMMYFUNCTION("""COMPUTED_VALUE"""),"MUHAMMAD ALFIN JAMIL") -> MUHAMMAD ALFIN JAMIL | C43: =IFERROR(__xludf.DUMMYFUNCTION("""COMPUTED_VALUE"""),2.024070503E9) -> 2024070503 | D43: =IFERROR(__xludf.DUMMYFUNCTION("""COMPUTED_VALUE"""),"A") -> A | E43: =IFERROR(__xludf.DUMMYFUNCTION("""COMPUTED_VALUE"""),"A-7") -> A-7 | F43: =IFERROR(__xludf.DUMMYFUNCTION("""COMPUTED_VALUE"""),3.0) -> 3 | G43: =IFERROR(__xludf.DUMMYFUNCTION("""COMPUTED_VALUE"""),"3 ULA A PUTRA") -> 3 ULA A PUTRA | H43: =IFERROR(__xludf.DUMMYFUNCTION("""COMPUTED_VALUE"""),"MTS-9 C") -> MTS-9 C | I43: =IFERROR(__xludf.DUMMYFUNCTION("""COMPUTED_VALUE"""),"DAROAINI") -> DAROAINI | J43: =IFERROR(__xludf.DUMMYFUNCTION("""COMPUTED_VALUE"""),"PRINGGOBOYO RT 009 RW 001 MADURAN LAMONGAN") -> PRINGGOBOYO RT 009 RW 001 MADURAN LAMONGAN | K43: =IFERROR(__xludf.DUMMYFUNCTION("""COMPUTED_VALUE"""),"6281230455748") -> 6281230455748 | L43: =IFERROR(__xludf.DUMMYFUNCTION("""COMPUTED_VALUE"""),0.0) -> 0 | M43: =IFERROR(__xludf.DUMMYFUNCTION("""COMPUTED_VALUE"""),500000.0) -> 500000 | N43: =IFERROR(__xludf.DUMMYFUNCTION("""COMPUTED_VALUE"""),0.0) -> 0 | O43: =IFERROR(__xludf.DUMMYFUNCTION("""COMPUTED_VALUE"""),500000.0) -> 500000 | S43: =IFERROR(__xludf.DUMMYFUNCTION("""COMPUTED_VALUE"""),"Belum Lunas") -> Belum Lunas
A44: =IF(B44="","",ROW(A44)-1) -> 43 | B44: =IFERROR(__xludf.DUMMYFUNCTION("""COMPUTED_VALUE"""),"MUHAMMAD FADLY HANANIA RABBANI") -> MUHAMMAD FADLY HANANIA RABBANI | C44: =IFERROR(__xludf.DUMMYFUNCTION("""COMPUTED_VALUE"""),2.024070457E9) -> 2024070457 | D44: =IFERROR(__xludf.DUMMYFUNCTION("""COMPUTED_VALUE"""),"A") -> A | E44: =IFERROR(__xludf.DUMMYFUNCTION("""COMPUTED_VALUE"""),"A-8") -> A-8 | F44: =IFERROR(__xludf.DUMMYFUNCTION("""COMPUTED_VALUE"""),3.0) -> 3 | G44: =IFERROR(__xludf.DUMMYFUNCTION("""COMPUTED_VALUE"""),"3 ULA A PUTRA") -> 3 ULA A PUTRA | H44: =IFERROR(__xludf.DUMMYFUNCTION("""COMPUTED_VALUE"""),"MTS-9 B") -> MTS-9 B | I44: =IFERROR(__xludf.DUMMYFUNCTION("""COMPUTED_VALUE"""),"FITRI JULIANA") -> FITRI JULIANA | J44: =IFERROR(__xludf.DUMMYFUNCTION("""COMPUTED_VALUE"""),"PERUM GRAND GRESIK HARMONI BLOK B-6/9 KEMBANGAN RT 001 RW 003 KEBOMAS GRESIK") -> PERUM GRAND GRESIK HARMONI BLOK B-6/9 KEMBANGAN RT 001 RW 003 KEBOMAS GRESIK | K44: =IFERROR(__xludf.DUMMYFUNCTION("""COMPUTED_VALUE"""),"6289533798465") -> 6289533798465 | L44: =IFERROR(__xludf.DUMMYFUNCTION("""COMPUTED_VALUE"""),0.0) -> 0 | M44: =IFERROR(__xludf.DUMMYFUNCTION("""COMPUTED_VALUE"""),500000.0) -> 500000 | N44: =IFERROR(__xludf.DUMMYFUNCTION("""COMPUTED_VALUE"""),0.0) -> 0 | O44: =IFERROR(__xludf.DUMMYFUNCTION("""COMPUTED_VALUE"""),500000.0) -> 500000 | S44: =IFERROR(__xludf.DUMMYFUNCTION("""COMPUTED_VALUE"""),"Belum Lunas") -> Belum Lunas
A45: =IF(B45="","",ROW(A45)-1) -> 44 | B45: =IFERROR(__xludf.DUMMYFUNCTION("""COMPUTED_VALUE"""),"MUHAMMAD HANIF AFIYAN") -> MUHAMMAD HANIF AFIYAN | C45: =IFERROR(__xludf.DUMMYFUNCTION("""COMPUTED_VALUE"""),2.024070486E9) -> 2024070486 | D45: =IFERROR(__xludf.DUMMYFUNCTION("""COMPUTED_VALUE"""),"A") -> A | E45: =IFERROR(__xludf.DUMMYFUNCTION("""COMPUTED_VALUE"""),"A-7") -> A-7 | F45: =IFERROR(__xludf.DUMMYFUNCTION("""COMPUTED_VALUE"""),3.0) -> 3 | G45: =IFERROR(__xludf.DUMMYFUNCTION("""COMPUTED_VALUE"""),"3 ULA A PUTRA") -> 3 ULA A PUTRA | H45: =IFERROR(__xludf.DUMMYFUNCTION("""COMPUTED_VALUE"""),"MTS-9 C") -> MTS-9 C | I45: =IFERROR(__xludf.DUMMYFUNCTION("""COMPUTED_VALUE"""),"FARIDATUZ ZUHRIYAH") -> FARIDATUZ ZUHRIYAH | J45: =IFERROR(__xludf.DUMMYFUNCTION("""COMPUTED_VALUE"""),"RINGIN TLOGOREJO RT 002 RW 002 SUKODADI LAMONGAN") -> RINGIN TLOGOREJO RT 002 RW 002 SUKODADI LAMONGAN | K45: =IFERROR(__xludf.DUMMYFUNCTION("""COMPUTED_VALUE"""),"6285748905402") -> 6285748905402 | L45: =IFERROR(__xludf.DUMMYFUNCTION("""COMPUTED_VALUE"""),0.0) -> 0 | M45: =IFERROR(__xludf.DUMMYFUNCTION("""COMPUTED_VALUE"""),500000.0) -> 500000 | N45: =IFERROR(__xludf.DUMMYFUNCTION("""COMPUTED_VALUE"""),0.0) -> 0 | O45: =IFERROR(__xludf.DUMMYFUNCTION("""COMPUTED_VALUE"""),500000.0) -> 500000 | S45: =IFERROR(__xludf.DUMMYFUNCTION("""COMPUTED_VALUE"""),"Belum Lunas") -> Belum Lunas
A46: =IF(B46="","",ROW(A46)-1) -> 45 | B46: =IFERROR(__xludf.DUMMYFUNCTION("""COMPUTED_VALUE"""),"MUHAMMAD RISKI MISHBAHUL MUNIR") -> MUHAMMAD RISKI MISHBAHUL MUNIR | C46: =IFERROR(__xludf.DUMMYFUNCTION("""COMPUTED_VALUE"""),2.024070535E9) -> 2024070535 | D46: =IFERROR(__xludf.DUMMYFUNCTION("""COMPUTED_VALUE"""),"A") -> A | E46: =IFERROR(__xludf.DUMMYFUNCTION("""COMPUTED_VALUE"""),"A-8") -> A-8 | F46: =IFERROR(__xludf.DUMMYFUNCTION("""COMPUTED_VALUE"""),3.0) -> 3 | G46: =IFERROR(__xludf.DUMMYFUNCTION("""COMPUTED_VALUE"""),"3 ULA B PUTRA") -> 3 ULA B PUTRA | H46: =IFERROR(__xludf.DUMMYFUNCTION("""COMPUTED_VALUE"""),"MTS-9 E") -> MTS-9 E | I46: =IFERROR(__xludf.DUMMYFUNCTION("""COMPUTED_VALUE"""),"KASIYATUN") -> KASIYATUN | J46: =IFERROR(__xludf.DUMMYFUNCTION("""COMPUTED_VALUE"""),"NGUJUNG NGUJUNGREJO RT 005 RW 002 TURI LAMONGAN") -> NGUJUNG NGUJUNGREJO RT 005 RW 002 TURI LAMONGAN | K46: =IFERROR(__xludf.DUMMYFUNCTION("""COMPUTED_VALUE"""),"6285648380596") -> 6285648380596 | L46: =IFERROR(__xludf.DUMMYFUNCTION("""COMPUTED_VALUE"""),0.0) -> 0 | M46: =IFERROR(__xludf.DUMMYFUNCTION("""COMPUTED_VALUE"""),500000.0) -> 500000 | N46: =IFERROR(__xludf.DUMMYFUNCTION("""COMPUTED_VALUE"""),0.0) -> 0 | O46: =IFERROR(__xludf.DUMMYFUNCTION("""COMPUTED_VALUE"""),500000.0) -> 500000 | S46: =IFERROR(__xludf.DUMMYFUNCTION("""COMPUTED_VALUE"""),"Belum Lunas") -> Belum Lunas
A47: =IF(B47="","",ROW(A47)-1) -> 46 | B47: =IFERROR(__xludf.DUMMYFUNCTION("""COMPUTED_VALUE"""),"NADIYATAN NAQI`") -> NADIYATAN NAQI` | C47: =IFERROR(__xludf.DUMMYFUNCTION("""COMPUTED_VALUE"""),2.024070017E9) -> 2024070017 | D47: =IFERROR(__xludf.DUMMYFUNCTION("""COMPUTED_VALUE"""),"C") -> C | E47: =IFERROR(__xludf.DUMMYFUNCTION("""COMPUTED_VALUE"""),"C-2") -> C-2 | F47: =IFERROR(__xludf.DUMMYFUNCTION("""COMPUTED_VALUE"""),3.0) -> 3 | H47: =IFERROR(__xludf.DUMMYFUNCTION("""COMPUTED_VALUE"""),"MA-XII.1") -> MA-XII.1 | I47: =IFERROR(__xludf.DUMMYFUNCTION("""COMPUTED_VALUE"""),"YAYUK WAHIBAH") -> YAYUK WAHIBAH | J47: =IFERROR(__xludf.DUMMYFUNCTION("""COMPUTED_VALUE"""),"JL. KH. WAHID HASYIM 12 KULURAN RT 001 RW 001 KALITENGAH LAMONGAN") -> JL. KH. WAHID HASYIM 12 KULURAN RT 001 RW 001 KALITENGAH LAMONGAN | K47: =IFERROR(__xludf.DUMMYFUNCTION("""COMPUTED_VALUE"""),"6281331944544") -> 6281331944544 | L47: =IFERROR(__xludf.DUMMYFUNCTION("""COMPUTED_VALUE"""),0.0) -> 0 | M47: =IFERROR(__xludf.DUMMYFUNCTION("""COMPUTED_VALUE"""),500000.0) -> 500000 | N47: =IFERROR(__xludf.DUMMYFUNCTION("""COMPUTED_VALUE"""),0.0) -> 0 | O47: =IFERROR(__xludf.DUMMYFUNCTION("""COMPUTED_VALUE"""),500000.0) -> 500000 | S47: =IFERROR(__xludf.DUMMYFUNCTION("""COMPUTED_VALUE"""),"Belum Lunas") -> Belum Lunas
A48: =IF(B48="","",ROW(A48)-1) -> 47 | B48: =IFERROR(__xludf.DUMMYFUNCTION("""COMPUTED_VALUE"""),"NAILA MALIHA PUTRI") -> NAILA MALIHA PUTRI | C48: =IFERROR(__xludf.DUMMYFUNCTION("""COMPUTED_VALUE"""),2.024070161E9) -> 2024070161 | D48: =IFERROR(__xludf.DUMMYFUNCTION("""COMPUTED_VALUE"""),"B") -> B | E48: =IFERROR(__xludf.DUMMYFUNCTION("""COMPUTED_VALUE"""),"B-5") -> B-5 | F48: =IFERROR(__xludf.DUMMYFUNCTION("""COMPUTED_VALUE"""),3.0) -> 3 | G48: =IFERROR(__xludf.DUMMYFUNCTION("""COMPUTED_VALUE"""),"3 WUSTHO C PUTRI") -> 3 WUSTHO C PUTRI | H48: =IFERROR(__xludf.DUMMYFUNCTION("""COMPUTED_VALUE"""),"MA-XII.7") -> MA-XII.7 | I48: =IFERROR(__xludf.DUMMYFUNCTION("""COMPUTED_VALUE"""),"KHOMSATUN") -> KHOMSATUN | J48: =IFERROR(__xludf.DUMMYFUNCTION("""COMPUTED_VALUE"""),"TENGGULUN RT 006 RW 003 SOLOKURO LAMONGAN") -> TENGGULUN RT 006 RW 003 SOLOKURO LAMONGAN | K48: =IFERROR(__xludf.DUMMYFUNCTION("""COMPUTED_VALUE"""),"6285804308769") -> 6285804308769 | L48: =IFERROR(__xludf.DUMMYFUNCTION("""COMPUTED_VALUE"""),0.0) -> 0 | M48: =IFERROR(__xludf.DUMMYFUNCTION("""COMPUTED_VALUE"""),500000.0) -> 500000 | N48: =IFERROR(__xludf.DUMMYFUNCTION("""COMPUTED_VALUE"""),0.0) -> 0 | O48: =IFERROR(__xludf.DUMMYFUNCTION("""COMPUTED_VALUE"""),500000.0) -> 500000 | S48: =IFERROR(__xludf.DUMMYFUNCTION("""COMPUTED_VALUE"""),"Belum Lunas") -> Belum Lunas
A49: =IF(B49="","",ROW(A49)-1) -> 48 | B49: =IFERROR(__xludf.DUMMYFUNCTION("""COMPUTED_VALUE"""),"NAILATUN NUR LAILATUL QUDSIYAH") -> NAILATUN NUR LAILATUL QUDSIYAH | C49: =IFERROR(__xludf.DUMMYFUNCTION("""COMPUTED_VALUE"""),2.024070726E9) -> 2024070726 | D49: =IFERROR(__xludf.DUMMYFUNCTION("""COMPUTED_VALUE"""),"B") -> B | E49: =IFERROR(__xludf.DUMMYFUNCTION("""COMPUTED_VALUE"""),"B-10") -> B-10 | F49: =IFERROR(__xludf.DUMMYFUNCTION("""COMPUTED_VALUE"""),3.0) -> 3 | G49: =IFERROR(__xludf.DUMMYFUNCTION("""COMPUTED_VALUE"""),"3 ULA A PUTRI") -> 3 ULA A PUTRI | H49: =IFERROR(__xludf.DUMMYFUNCTION("""COMPUTED_VALUE"""),"SMP-IX B") -> SMP-IX B | I49: =IFERROR(__xludf.DUMMYFUNCTION("""COMPUTED_VALUE"""),"HARTATIK") -> HARTATIK | J49: =IFERROR(__xludf.DUMMYFUNCTION("""COMPUTED_VALUE"""),"WONOSARI SEKARBAGUS RT 003 RW 001 SUGIO LAMONGAN") -> WONOSARI SEKARBAGUS RT 003 RW 001 SUGIO LAMONGAN | K49: =IFERROR(__xludf.DUMMYFUNCTION("""COMPUTED_VALUE"""),"6285785360969") -> 6285785360969 | L49: =IFERROR(__xludf.DUMMYFUNCTION("""COMPUTED_VALUE"""),0.0) -> 0 | M49: =IFERROR(__xludf.DUMMYFUNCTION("""COMPUTED_VALUE"""),500000.0) -> 500000 | N49: =IFERROR(__xludf.DUMMYFUNCTION("""COMPUTED_VALUE"""),0.0) -> 0 | O49: =IFERROR(__xludf.DUMMYFUNCTION("""COMPUTED_VALUE"""),500000.0) -> 500000 | S49: =IFERROR(__xludf.DUMMYFUNCTION("""COMPUTED_VALUE"""),"Belum Lunas") -> Belum Lunas
A50: =IF(B50="","",ROW(A50)-1) -> 49 | B50: =IFERROR(__xludf.DUMMYFUNCTION("""COMPUTED_VALUE"""),"NIKMAH PUTRI ISMAWATI") -> NIKMAH PUTRI ISMAWATI | C50: =IFERROR(__xludf.DUMMYFUNCTION("""COMPUTED_VALUE"""),2.024070432E9) -> 2024070432 | D50: =IFERROR(__xludf.DUMMYFUNCTION("""COMPUTED_VALUE"""),"D") -> D | E50: =IFERROR(__xludf.DUMMYFUNCTION("""COMPUTED_VALUE"""),"D-6") -> D-6 | F50: =IFERROR(__xludf.DUMMYFUNCTION("""COMPUTED_VALUE"""),3.0) -> 3 | G50: =IFERROR(__xludf.DUMMYFUNCTION("""COMPUTED_VALUE"""),"3 MAK PUTRI") -> 3 MAK PUTRI | H50: =IFERROR(__xludf.DUMMYFUNCTION("""COMPUTED_VALUE"""),"MA-XII.13") -> MA-XII.13 | I50: =IFERROR(__xludf.DUMMYFUNCTION("""COMPUTED_VALUE"""),"RUKIYATI") -> RUKIYATI | J50: =IFERROR(__xludf.DUMMYFUNCTION("""COMPUTED_VALUE"""),"TAMAN TAMANPRIJEG RT 003 RW 001 LAREN LAMONGAN") -> TAMAN TAMANPRIJEG RT 003 RW 001 LAREN LAMONGAN | K50: =IFERROR(__xludf.DUMMYFUNCTION("""COMPUTED_VALUE"""),"6281455138598") -> 6281455138598 | L50: =IFERROR(__xludf.DUMMYFUNCTION("""COMPUTED_VALUE"""),0.0) -> 0 | M50: =IFERROR(__xludf.DUMMYFUNCTION("""COMPUTED_VALUE"""),500000.0) -> 500000 | N50: =IFERROR(__xludf.DUMMYFUNCTION("""COMPUTED_VALUE"""),0.0) -> 0 | O50: =IFERROR(__xludf.DUMMYFUNCTION("""COMPUTED_VALUE"""),500000.0) -> 500000 | S50: =IFERROR(__xludf.DUMMYFUNCTION("""COMPUTED_VALUE"""),"Belum Lunas") -> Belum Lunas
A51: =IF(B51="","",ROW(A51)-1) -> 50 | B51: =IFERROR(__xludf.DUMMYFUNCTION("""COMPUTED_VALUE"""),"NINDY AULIA PUTRI") -> NINDY AULIA PUTRI | C51: =IFERROR(__xludf.DUMMYFUNCTION("""COMPUTED_VALUE"""),2.024070434E9) -> 2024070434 | D51: =IFERROR(__xludf.DUMMYFUNCTION("""COMPUTED_VALUE"""),"C") -> C | E51: =IFERROR(__xludf.DUMMYFUNCTION("""COMPUTED_VALUE"""),"C-7") -> C-7 | F51: =IFERROR(__xludf.DUMMYFUNCTION("""COMPUTED_VALUE"""),3.0) -> 3 | G51: =IFERROR(__xludf.DUMMYFUNCTION("""COMPUTED_VALUE"""),"3 MAK PUTRI") -> 3 MAK PUTRI | H51: =IFERROR(__xludf.DUMMYFUNCTION("""COMPUTED_VALUE"""),"MA-XII.13") -> MA-XII.13 | I51: =IFERROR(__xludf.DUMMYFUNCTION("""COMPUTED_VALUE"""),"SRI ANITA") -> SRI ANITA | J51: =IFERROR(__xludf.DUMMYFUNCTION("""COMPUTED_VALUE"""),"MOROGO PUTATKUMPUL RT 003 RW 005 TURI LAMONGAN") -> MOROGO PUTATKUMPUL RT 003 RW 005 TURI LAMONGAN | K51: =IFERROR(__xludf.DUMMYFUNCTION("""COMPUTED_VALUE"""),"6285732999616") -> 6285732999616 | L51: =IFERROR(__xludf.DUMMYFUNCTION("""COMPUTED_VALUE"""),0.0) -> 0 | M51: =IFERROR(__xludf.DUMMYFUNCTION("""COMPUTED_VALUE"""),500000.0) -> 500000 | N51: =IFERROR(__xludf.DUMMYFUNCTION("""COMPUTED_VALUE"""),0.0) -> 0 | O51: =IFERROR(__xludf.DUMMYFUNCTION("""COMPUTED_VALUE"""),500000.0) -> 500000 | S51: =IFERROR(__xludf.DUMMYFUNCTION("""COMPUTED_VALUE"""),"Belum Lunas") -> Belum Lunas
A52: =IF(B52="","",ROW(A52)-1) -> 51 | B52: =IFERROR(__xludf.DUMMYFUNCTION("""COMPUTED_VALUE"""),"NUR AWWALIN AFIDATUSSOFA") -> NUR AWWALIN AFIDATUSSOFA | C52: =IFERROR(__xludf.DUMMYFUNCTION("""COMPUTED_VALUE"""),2.024070518E9) -> 2024070518 | D52: =IFERROR(__xludf.DUMMYFUNCTION("""COMPUTED_VALUE"""),"E") -> E | E52: =IFERROR(__xludf.DUMMYFUNCTION("""COMPUTED_VALUE"""),"E-2") -> E-2 | F52: =IFERROR(__xludf.DUMMYFUNCTION("""COMPUTED_VALUE"""),3.0) -> 3 | G52: =IFERROR(__xludf.DUMMYFUNCTION("""COMPUTED_VALUE"""),"3 ULA B PUTRI") -> 3 ULA B PUTRI | H52: =IFERROR(__xludf.DUMMYFUNCTION("""COMPUTED_VALUE"""),"MTS-9 B") -> MTS-9 B | I52: =IFERROR(__xludf.DUMMYFUNCTION("""COMPUTED_VALUE"""),"MUALIYAH") -> MUALIYAH | J52: =IFERROR(__xludf.DUMMYFUNCTION("""COMPUTED_VALUE"""),"SUNAN AMPEL LATUKAN RT 003 RW 001 KARANGGENENG LAMONGAN") -> SUNAN AMPEL LATUKAN RT 003 RW 001 KARANGGENENG LAMONGAN | K52: =IFERROR(__xludf.DUMMYFUNCTION("""COMPUTED_VALUE"""),"6285746646918") -> 6285746646918 | L52: =IFERROR(__xludf.DUMMYFUNCTION("""COMPUTED_VALUE"""),0.0) -> 0 | M52: =IFERROR(__xludf.DUMMYFUNCTION("""COMPUTED_VALUE"""),500000.0) -> 500000 | N52: =IFERROR(__xludf.DUMMYFUNCTION("""COMPUTED_VALUE"""),0.0) -> 0 | O52: =IFERROR(__xludf.DUMMYFUNCTION("""COMPUTED_VALUE"""),500000.0) -> 500000 | S52: =IFERROR(__xludf.DUMMYFUNCTION("""COMPUTED_VALUE"""),"Belum Lunas") -> Belum Lunas
A53: =IF(B53="","",ROW(A53)-1) -> 52 | B53: =IFERROR(__xludf.DUMMYFUNCTION("""COMPUTED_VALUE"""),"NUR IZZAH SYAFIRAH") -> NUR IZZAH SYAFIRAH | C53: =IFERROR(__xludf.DUMMYFUNCTION("""COMPUTED_VALUE"""),2.024070234E9) -> 2024070234 | D53: =IFERROR(__xludf.DUMMYFUNCTION("""COMPUTED_VALUE"""),"C") -> C | E53: =IFERROR(__xludf.DUMMYFUNCTION("""COMPUTED_VALUE"""),"C-9") -> C-9 | F53: =IFERROR(__xludf.DUMMYFUNCTION("""COMPUTED_VALUE"""),3.0) -> 3 | G53: =IFERROR(__xludf.DUMMYFUNCTION("""COMPUTED_VALUE"""),"3 WUSTHO B PUTRI") -> 3 WUSTHO B PUTRI | H53: =IFERROR(__xludf.DUMMYFUNCTION("""COMPUTED_VALUE"""),"MA-XII.6") -> MA-XII.6 | I53: =IFERROR(__xludf.DUMMYFUNCTION("""COMPUTED_VALUE"""),"UMU SAADAH") -> UMU SAADAH | J53: =IFERROR(__xludf.DUMMYFUNCTION("""COMPUTED_VALUE"""),"KARANGCANGKRING RT 1 RW 1 DUKUN GRESIK") -> KARANGCANGKRING RT 1 RW 1 DUKUN GRESIK | K53: =IFERROR(__xludf.DUMMYFUNCTION("""COMPUTED_VALUE"""),"6288235840830") -> 6288235840830 | L53: =IFERROR(__xludf.DUMMYFUNCTION("""COMPUTED_VALUE"""),0.0) -> 0 | M53: =IFERROR(__xludf.DUMMYFUNCTION("""COMPUTED_VALUE"""),500000.0) -> 500000 | N53: =IFERROR(__xludf.DUMMYFUNCTION("""COMPUTED_VALUE"""),0.0) -> 0 | O53: =IFERROR(__xludf.DUMMYFUNCTION("""COMPUTED_VALUE"""),500000.0) -> 500000 | S53: =IFERROR(__xludf.DUMMYFUNCTION("""COMPUTED_VALUE"""),"Belum Lunas") -> Belum Lunas
A54: =IF(B54="","",ROW(A54)-1) -> 53 | B54: =IFERROR(__xludf.DUMMYFUNCTION("""COMPUTED_VALUE"""),"NUR MA`RIFAH") -> NUR MA`RIFAH | C54: =IFERROR(__xludf.DUMMYFUNCTION("""COMPUTED_VALUE"""),2.024070578E9) -> 2024070578 | D54: =IFERROR(__xludf.DUMMYFUNCTION("""COMPUTED_VALUE"""),"B") -> B | E54: =IFERROR(__xludf.DUMMYFUNCTION("""COMPUTED_VALUE"""),"B-9") -> B-9 | F54: =IFERROR(__xludf.DUMMYFUNCTION("""COMPUTED_VALUE"""),3.0) -> 3 | G54: =IFERROR(__xludf.DUMMYFUNCTION("""COMPUTED_VALUE"""),"3 ULA B PUTRI") -> 3 ULA B PUTRI | H54: =IFERROR(__xludf.DUMMYFUNCTION("""COMPUTED_VALUE"""),"MTS-9 G") -> MTS-9 G | I54: =IFERROR(__xludf.DUMMYFUNCTION("""COMPUTED_VALUE"""),"SUMA`IDAH") -> SUMA`IDAH | J54: =IFERROR(__xludf.DUMMYFUNCTION("""COMPUTED_VALUE"""),"BANJARAN TURI RT 006 RW 002 MADURAN LAMONGAN") -> BANJARAN TURI RT 006 RW 002 MADURAN LAMONGAN | K54: =IFERROR(__xludf.DUMMYFUNCTION("""COMPUTED_VALUE"""),"6285730196160") -> 6285730196160 | L54: =IFERROR(__xludf.DUMMYFUNCTION("""COMPUTED_VALUE"""),0.0) -> 0 | M54: =IFERROR(__xludf.DUMMYFUNCTION("""COMPUTED_VALUE"""),500000.0) -> 500000 | N54: =IFERROR(__xludf.DUMMYFUNCTION("""COMPUTED_VALUE"""),0.0) -> 0 | O54: =IFERROR(__xludf.DUMMYFUNCTION("""COMPUTED_VALUE"""),500000.0) -> 500000 | S54: =IFERROR(__xludf.DUMMYFUNCTION("""COMPUTED_VALUE"""),"Belum Lunas") -> Belum Lunas
A55: =IF(B55="","",ROW(A55)-1) -> 54 | B55: =IFERROR(__xludf.DUMMYFUNCTION("""COMPUTED_VALUE"""),"NUR RIZKI FEBRIAN WAHYU PUTRA") -> NUR RIZKI FEBRIAN WAHYU PUTRA | C55: =IFERROR(__xludf.DUMMYFUNCTION("""COMPUTED_VALUE"""),2.024070516E9) -> 2024070516 | D55: =IFERROR(__xludf.DUMMYFUNCTION("""COMPUTED_VALUE"""),"A") -> A | E55: =IFERROR(__xludf.DUMMYFUNCTION("""COMPUTED_VALUE"""),"A-8") -> A-8 | F55: =IFERROR(__xludf.DUMMYFUNCTION("""COMPUTED_VALUE"""),3.0) -> 3 | G55: =IFERROR(__xludf.DUMMYFUNCTION("""COMPUTED_VALUE"""),"3 ULA A PUTRA") -> 3 ULA A PUTRA | H55: =IFERROR(__xludf.DUMMYFUNCTION("""COMPUTED_VALUE"""),"SMP-IX A") -> SMP-IX A | I55: =IFERROR(__xludf.DUMMYFUNCTION("""COMPUTED_VALUE"""),"NANIK SURYANI") -> NANIK SURYANI | J55: =IFERROR(__xludf.DUMMYFUNCTION("""COMPUTED_VALUE"""),"BLAJO RT 005 RW 003 KALITENGAH LAMONGAN") -> BLAJO RT 005 RW 003 KALITENGAH LAMONGAN | K55: =IFERROR(__xludf.DUMMYFUNCTION("""COMPUTED_VALUE"""),"6285546527780") -> 6285546527780 | L55: =IFERROR(__xludf.DUMMYFUNCTION("""COMPUTED_VALUE"""),0.0) -> 0 | M55: =IFERROR(__xludf.DUMMYFUNCTION("""COMPUTED_VALUE"""),500000.0) -> 500000 | N55: =IFERROR(__xludf.DUMMYFUNCTION("""COMPUTED_VALUE"""),0.0) -> 0 | O55: =IFERROR(__xludf.DUMMYFUNCTION("""COMPUTED_VALUE"""),500000.0) -> 500000 | S55: =IFERROR(__xludf.DUMMYFUNCTION("""COMPUTED_VALUE"""),"Belum Lunas") -> Belum Lunas
A56: =IF(B56="","",ROW(A56)-1) -> 55 | B56: =IFERROR(__xludf.DUMMYFUNCTION("""COMPUTED_VALUE"""),"NURUN NAJWA ARROHMANIYAH") -> NURUN NAJWA ARROHMANIYAH | C56: =IFERROR(__xludf.DUMMYFUNCTION("""COMPUTED_VALUE"""),2.024070119E9) -> 2024070119 | D56: =IFERROR(__xludf.DUMMYFUNCTION("""COMPUTED_VALUE"""),"C") -> C | E56: =IFERROR(__xludf.DUMMYFUNCTION("""COMPUTED_VALUE"""),"C-8") -> C-8 | F56: =IFERROR(__xludf.DUMMYFUNCTION("""COMPUTED_VALUE"""),3.0) -> 3 | H56: =IFERROR(__xludf.DUMMYFUNCTION("""COMPUTED_VALUE"""),"MA-XII.4") -> MA-XII.4 | I56: =IFERROR(__xludf.DUMMYFUNCTION("""COMPUTED_VALUE"""),"ZUBAIDAH") -> ZUBAIDAH | J56: =IFERROR(__xludf.DUMMYFUNCTION("""COMPUTED_VALUE"""),"TRACAL RT 003 RW 002 KARANGGENENG LAMONGAN") -> TRACAL RT 003 RW 002 KARANGGENENG LAMONGAN | K56: =IFERROR(__xludf.DUMMYFUNCTION("""COMPUTED_VALUE"""),"6285731338909") -> 6285731338909 | L56: =IFERROR(__xludf.DUMMYFUNCTION("""COMPUTED_VALUE"""),0.0) -> 0 | M56: =IFERROR(__xludf.DUMMYFUNCTION("""COMPUTED_VALUE"""),500000.0) -> 500000 | N56: =IFERROR(__xludf.DUMMYFUNCTION("""COMPUTED_VALUE"""),0.0) -> 0 | O56: =IFERROR(__xludf.DUMMYFUNCTION("""COMPUTED_VALUE"""),500000.0) -> 500000 | S56: =IFERROR(__xludf.DUMMYFUNCTION("""COMPUTED_VALUE"""),"Belum Lunas") -> Belum Lunas
A57: =IF(B57="","",ROW(A57)-1) -> 56 | B57: =IFERROR(__xludf.DUMMYFUNCTION("""COMPUTED_VALUE"""),"RHEISYA BRILIANT OKTAVIANI") -> RHEISYA BRILIANT OKTAVIANI | C57: =IFERROR(__xludf.DUMMYFUNCTION("""COMPUTED_VALUE"""),2.024070536E9) -> 2024070536 | D57: =IFERROR(__xludf.DUMMYFUNCTION("""COMPUTED_VALUE"""),"E") -> E | E57: =IFERROR(__xludf.DUMMYFUNCTION("""COMPUTED_VALUE"""),"E-9") -> E-9 | F57: =IFERROR(__xludf.DUMMYFUNCTION("""COMPUTED_VALUE"""),3.0) -> 3 | G57: =IFERROR(__xludf.DUMMYFUNCTION("""COMPUTED_VALUE"""),"3 ULA C PUTRI") -> 3 ULA C PUTRI | H57: =IFERROR(__xludf.DUMMYFUNCTION("""COMPUTED_VALUE"""),"MTS-9 A") -> MTS-9 A | I57: =IFERROR(__xludf.DUMMYFUNCTION("""COMPUTED_VALUE"""),"SITI QONIATIN NADZIROH") -> SITI QONIATIN NADZIROH | J57: =IFERROR(__xludf.DUMMYFUNCTION("""COMPUTED_VALUE"""),"DAMPIT SUMBEREJO RT 001 RW 004 LAMONGAN LAMONGAN") -> DAMPIT SUMBEREJO RT 001 RW 004 LAMONGAN LAMONGAN | K57: =IFERROR(__xludf.DUMMYFUNCTION("""COMPUTED_VALUE"""),"6289535203055") -> 6289535203055 | L57: =IFERROR(__xludf.DUMMYFUNCTION("""COMPUTED_VALUE"""),0.0) -> 0 | M57: =IFERROR(__xludf.DUMMYFUNCTION("""COMPUTED_VALUE"""),500000.0) -> 500000 | N57: =IFERROR(__xludf.DUMMYFUNCTION("""COMPUTED_VALUE"""),0.0) -> 0 | O57: =IFERROR(__xludf.DUMMYFUNCTION("""COMPUTED_VALUE"""),500000.0) -> 500000 | S57: =IFERROR(__xludf.DUMMYFUNCTION("""COMPUTED_VALUE"""),"Belum Lunas") -> Belum Lunas
A58: =IF(B58="","",ROW(A58)-1) -> 57 | B58: =IFERROR(__xludf.DUMMYFUNCTION("""COMPUTED_VALUE"""),"RIZATUL ZAMIRA ATMAJA") -> RIZATUL ZAMIRA ATMAJA | C58: =IFERROR(__xludf.DUMMYFUNCTION("""COMPUTED_VALUE"""),2.024070493E9) -> 2024070493 | D58: =IFERROR(__xludf.DUMMYFUNCTION("""COMPUTED_VALUE"""),"C") -> C | E58: =IFERROR(__xludf.DUMMYFUNCTION("""COMPUTED_VALUE"""),"C-13") -> C-13 | F58: =IFERROR(__xludf.DUMMYFUNCTION("""COMPUTED_VALUE"""),3.0) -> 3 | G58: =IFERROR(__xludf.DUMMYFUNCTION("""COMPUTED_VALUE"""),"3 ULA C PUTRI") -> 3 ULA C PUTRI | H58: =IFERROR(__xludf.DUMMYFUNCTION("""COMPUTED_VALUE"""),"MTS-9 D") -> MTS-9 D | I58: =IFERROR(__xludf.DUMMYFUNCTION("""COMPUTED_VALUE"""),"ELI ROCHIANAH") -> ELI ROCHIANAH | J58: =IFERROR(__xludf.DUMMYFUNCTION("""COMPUTED_VALUE"""),"BANJARMADU RT 001 RW 004 KARANGGENENG LAMONGAN") -> BANJARMADU RT 001 RW 004 KARANGGENENG LAMONGAN | K58: =IFERROR(__xludf.DUMMYFUNCTION("""COMPUTED_VALUE"""),"6285234346480") -> 6285234346480 | L58: =IFERROR(__xludf.DUMMYFUNCTION("""COMPUTED_VALUE"""),0.0) -> 0 | M58: =IFERROR(__xludf.DUMMYFUNCTION("""COMPUTED_VALUE"""),500000.0) -> 500000 | N58: =IFERROR(__xludf.DUMMYFUNCTION("""COMPUTED_VALUE"""),0.0) -> 0 | O58: =IFERROR(__xludf.DUMMYFUNCTION("""COMPUTED_VALUE"""),500000.0) -> 500000 | S58: =IFERROR(__xludf.DUMMYFUNCTION("""COMPUTED_VALUE"""),"Belum Lunas") -> Belum Lunas
A59: =IF(B59="","",ROW(A59)-1) -> 58 | B59: =IFERROR(__xludf.DUMMYFUNCTION("""COMPUTED_VALUE"""),"SELLY NOVI ANDINI") -> SELLY NOVI ANDINI | C59: =IFERROR(__xludf.DUMMYFUNCTION("""COMPUTED_VALUE"""),2.024070727E9) -> 2024070727 | D59: =IFERROR(__xludf.DUMMYFUNCTION("""COMPUTED_VALUE"""),"B") -> B | E59: =IFERROR(__xludf.DUMMYFUNCTION("""COMPUTED_VALUE"""),"B-10") -> B-10 | F59: =IFERROR(__xludf.DUMMYFUNCTION("""COMPUTED_VALUE"""),3.0) -> 3 | G59: =IFERROR(__xludf.DUMMYFUNCTION("""COMPUTED_VALUE"""),"3 ULA A PUTRI") -> 3 ULA A PUTRI | H59: =IFERROR(__xludf.DUMMYFUNCTION("""COMPUTED_VALUE"""),"SMP-IX B") -> SMP-IX B | I59: =IFERROR(__xludf.DUMMYFUNCTION("""COMPUTED_VALUE"""),"ELI KUSUMAWATI") -> ELI KUSUMAWATI | J59: =IFERROR(__xludf.DUMMYFUNCTION("""COMPUTED_VALUE"""),"PUCANGRO RT 001 RW 001 KALITENGAH LAMONGAN") -> PUCANGRO RT 001 RW 001 KALITENGAH LAMONGAN | K59: =IFERROR(__xludf.DUMMYFUNCTION("""COMPUTED_VALUE"""),"6285788313508") -> 6285788313508 | L59: =IFERROR(__xludf.DUMMYFUNCTION("""COMPUTED_VALUE"""),0.0) -> 0 | M59: =IFERROR(__xludf.DUMMYFUNCTION("""COMPUTED_VALUE"""),500000.0) -> 500000 | N59: =IFERROR(__xludf.DUMMYFUNCTION("""COMPUTED_VALUE"""),0.0) -> 0 | O59: =IFERROR(__xludf.DUMMYFUNCTION("""COMPUTED_VALUE"""),500000.0) -> 500000 | S59: =IFERROR(__xludf.DUMMYFUNCTION("""COMPUTED_VALUE"""),"Belum Lunas") -> Belum Lunas
A60: =IF(B60="","",ROW(A60)-1) -> 59 | B60: =IFERROR(__xludf.DUMMYFUNCTION("""COMPUTED_VALUE"""),"AHMAD AGUS JAZULI IRFAN") -> AHMAD AGUS JAZULI IRFAN | C60: =IFERROR(__xludf.DUMMYFUNCTION("""COMPUTED_VALUE"""),2.024070719E9) -> 2024070719 | D60: =IFERROR(__xludf.DUMMYFUNCTION("""COMPUTED_VALUE"""),"A") -> A | E60: =IFERROR(__xludf.DUMMYFUNCTION("""COMPUTED_VALUE"""),"A-10") -> A-10 | F60: =IFERROR(__xludf.DUMMYFUNCTION("""COMPUTED_VALUE"""),3.0) -> 3 | G60: =IFERROR(__xludf.DUMMYFUNCTION("""COMPUTED_VALUE"""),"3 WUSTHO PUTRA") -> 3 WUSTHO PUTRA | H60: =IFERROR(__xludf.DUMMYFUNCTION("""COMPUTED_VALUE"""),"SMK-XII TKJ 1") -> SMK-XII TKJ 1 | I60: =IFERROR(__xludf.DUMMYFUNCTION("""COMPUTED_VALUE"""),"IMROATIN JALILAH") -> IMROATIN JALILAH | J60: =IFERROR(__xludf.DUMMYFUNCTION("""COMPUTED_VALUE"""),"BOJOASRI RT RW KALITENGAH LAMONGAN") -> BOJOASRI RT RW KALITENGAH LAMONGAN | K60: =IFERROR(__xludf.DUMMYFUNCTION("""COMPUTED_VALUE"""),"6285648607075") -> 6285648607075 | L60: =IFERROR(__xludf.DUMMYFUNCTION("""COMPUTED_VALUE"""),900000.0) -> 900000 | M60: =IFERROR(__xludf.DUMMYFUNCTION("""COMPUTED_VALUE"""),0.0) -> 0 | N60: =IFERROR(__xludf.DUMMYFUNCTION("""COMPUTED_VALUE"""),0.0) -> 0 | O60: =IFERROR(__xludf.DUMMYFUNCTION("""COMPUTED_VALUE"""),900000.0) -> 900000 | S60: =IFERROR(__xludf.DUMMYFUNCTION("""COMPUTED_VALUE"""),"Belum Lunas") -> Belum Lunas
A61: =IF(B61="","",ROW(A61)-1) -> 60 | B61: =IFERROR(__xludf.DUMMYFUNCTION("""COMPUTED_VALUE"""),"BELLA KAMALIA AISYI") -> BELLA KAMALIA AISYI | C61: =IFERROR(__xludf.DUMMYFUNCTION("""COMPUTED_VALUE"""),2.024070595E9) -> 2024070595 | D61: =IFERROR(__xludf.DUMMYFUNCTION("""COMPUTED_VALUE"""),"D") -> D | E61: =IFERROR(__xludf.DUMMYFUNCTION("""COMPUTED_VALUE"""),"D-4") -> D-4 | F61: =IFERROR(__xludf.DUMMYFUNCTION("""COMPUTED_VALUE"""),3.0) -> 3 | G61: =IFERROR(__xludf.DUMMYFUNCTION("""COMPUTED_VALUE"""),"3 ULA A PUTRI") -> 3 ULA A PUTRI | H61: =IFERROR(__xludf.DUMMYFUNCTION("""COMPUTED_VALUE"""),"MTS-9 D") -> MTS-9 D | I61: =IFERROR(__xludf.DUMMYFUNCTION("""COMPUTED_VALUE"""),"ITA DESI HERFIANA") -> ITA DESI HERFIANA | J61: =IFERROR(__xludf.DUMMYFUNCTION("""COMPUTED_VALUE"""),"BANYUBANG RT 002 RW 001 SOLOKURO LAMONGAN") -> BANYUBANG RT 002 RW 001 SOLOKURO LAMONGAN | K61: =IFERROR(__xludf.DUMMYFUNCTION("""COMPUTED_VALUE"""),"6281555999169") -> 6281555999169 | L61: =IFERROR(__xludf.DUMMYFUNCTION("""COMPUTED_VALUE"""),900000.0) -> 900000 | M61: =IFERROR(__xludf.DUMMYFUNCTION("""COMPUTED_VALUE"""),0.0) -> 0 | N61: =IFERROR(__xludf.DUMMYFUNCTION("""COMPUTED_VALUE"""),0.0) -> 0 | O61: =IFERROR(__xludf.DUMMYFUNCTION("""COMPUTED_VALUE"""),900000.0) -> 900000 | S61: =IFERROR(__xludf.DUMMYFUNCTION("""COMPUTED_VALUE"""),"Belum Lunas") -> Belum Lunas
A62: =IF(B62="","",ROW(A62)-1) -> 61 | B62: =IFERROR(__xludf.DUMMYFUNCTION("""COMPUTED_VALUE"""),"DZULFIKAR KEIMAL ALAWY") -> DZULFIKAR KEIMAL ALAWY | C62: =IFERROR(__xludf.DUMMYFUNCTION("""COMPUTED_VALUE"""),2.025070661E9) -> 2025070661 | D62: =IFERROR(__xludf.DUMMYFUNCTION("""COMPUTED_VALUE"""),"A") -> A | E62: =IFERROR(__xludf.DUMMYFUNCTION("""COMPUTED_VALUE"""),"A-10") -> A-10 | F62: =IFERROR(__xludf.DUMMYFUNCTION("""COMPUTED_VALUE"""),3.0) -> 3 | G62: =IFERROR(__xludf.DUMMYFUNCTION("""COMPUTED_VALUE"""),"3 ULA A PUTRA") -> 3 ULA A PUTRA | H62: =IFERROR(__xludf.DUMMYFUNCTION("""COMPUTED_VALUE"""),"MTS-9 C") -> MTS-9 C | I62: =IFERROR(__xludf.DUMMYFUNCTION("""COMPUTED_VALUE"""),"MAHFUDLOTIN NI`MAH") -> MAHFUDLOTIN NI`MAH | J62: =IFERROR(__xludf.DUMMYFUNCTION("""COMPUTED_VALUE"""),"GEDONGKEDOAN RT 002 RW 001 DUKUN GRESIK") -> GEDONGKEDOAN RT 002 RW 001 DUKUN GRESIK | K62: =IFERROR(__xludf.DUMMYFUNCTION("""COMPUTED_VALUE"""),"6285738157018") -> 6285738157018 | L62: =IFERROR(__xludf.DUMMYFUNCTION("""COMPUTED_VALUE"""),900000.0) -> 900000 | M62: =IFERROR(__xludf.DUMMYFUNCTION("""COMPUTED_VALUE"""),0.0) -> 0 | N62: =IFERROR(__xludf.DUMMYFUNCTION("""COMPUTED_VALUE"""),0.0) -> 0 | O62: =IFERROR(__xludf.DUMMYFUNCTION("""COMPUTED_VALUE"""),900000.0) -> 900000 | S62: =IFERROR(__xludf.DUMMYFUNCTION("""COMPUTED_VALUE"""),"Belum Lunas") -> Belum Lunas
A63: =IF(B63="","",ROW(A63)-1) -> 62 | B63: =IFERROR(__xludf.DUMMYFUNCTION("""COMPUTED_VALUE"""),"FAIQOTU NABILA") -> FAIQOTU NABILA | C63: =IFERROR(__xludf.DUMMYFUNCTION("""COMPUTED_VALUE"""),2.024070346E9) -> 2024070346 | D63: =IFERROR(__xludf.DUMMYFUNCTION("""COMPUTED_VALUE"""),"C") -> C | E63: =IFERROR(__xludf.DUMMYFUNCTION("""COMPUTED_VALUE"""),"C-9") -> C-9 | F63: =IFERROR(__xludf.DUMMYFUNCTION("""COMPUTED_VALUE"""),3.0) -> 3 | H63: =IFERROR(__xludf.DUMMYFUNCTION("""COMPUTED_VALUE"""),"MA-XII.11") -> MA-XII.11 | I63: =IFERROR(__xludf.DUMMYFUNCTION("""COMPUTED_VALUE"""),"KASMUDAH") -> KASMUDAH | J63: =IFERROR(__xludf.DUMMYFUNCTION("""COMPUTED_VALUE"""),"WEDENG SUKOREJO RT 001 RW 003 KARANGBINANGUNG LAMONGAN") -> WEDENG SUKOREJO RT 001 RW 003 KARANGBINANGUNG LAMONGAN | K63: =IFERROR(__xludf.DUMMYFUNCTION("""COMPUTED_VALUE"""),"6285791219990") -> 6285791219990 | L63: =IFERROR(__xludf.DUMMYFUNCTION("""COMPUTED_VALUE"""),900000.0) -> 900000 | M63: =IFERROR(__xludf.DUMMYFUNCTION("""COMPUTED_VALUE"""),0.0) -> 0 | N63: =IFERROR(__xludf.DUMMYFUNCTION("""COMPUTED_VALUE"""),0.0) -> 0 | O63: =IFERROR(__xludf.DUMMYFUNCTION("""COMPUTED_VALUE"""),900000.0) -> 900000 | S63: =IFERROR(__xludf.DUMMYFUNCTION("""COMPUTED_VALUE"""),"Belum Lunas") -> Belum Lunas
A64: =IF(B64="","",ROW(A64)-1) -> 63 | B64: =IFERROR(__xludf.DUMMYFUNCTION("""COMPUTED_VALUE"""),"ISMAUL HUSNAH") -> ISMAUL HUSNAH | C64: =IFERROR(__xludf.DUMMYFUNCTION("""COMPUTED_VALUE"""),2.024070704E9) -> 2024070704 | D64: =IFERROR(__xludf.DUMMYFUNCTION("""COMPUTED_VALUE"""),"C") -> C | E64: =IFERROR(__xludf.DUMMYFUNCTION("""COMPUTED_VALUE"""),"C-8") -> C-8 | F64: =IFERROR(__xludf.DUMMYFUNCTION("""COMPUTED_VALUE"""),3.0) -> 3 | G64: =IFERROR(__xludf.DUMMYFUNCTION("""COMPUTED_VALUE"""),"3 WUSTHO A PUTRI") -> 3 WUSTHO A PUTRI | H64: =IFERROR(__xludf.DUMMYFUNCTION("""COMPUTED_VALUE"""),"SMK-XII LPb") -> SMK-XII LPb | I64: =IFERROR(__xludf.DUMMYFUNCTION("""COMPUTED_VALUE"""),"AMINAH") -> AMINAH | J64: =IFERROR(__xludf.DUMMYFUNCTION("""COMPUTED_VALUE"""),"KLATING TAKERANKLATING RT 002 RW 001 TIKUNG LAMONGAN") -> KLATING TAKERANKLATING RT 002 RW 001 TIKUNG LAMONGAN | K64: =IFERROR(__xludf.DUMMYFUNCTION("""COMPUTED_VALUE"""),"6285604656734") -> 6285604656734 | L64: =IFERROR(__xludf.DUMMYFUNCTION("""COMPUTED_VALUE"""),900000.0) -> 900000 | M64: =IFERROR(__xludf.DUMMYFUNCTION("""COMPUTED_VALUE"""),0.0) -> 0 | N64: =IFERROR(__xludf.DUMMYFUNCTION("""COMPUTED_VALUE"""),0.0) -> 0 | O64: =IFERROR(__xludf.DUMMYFUNCTION("""COMPUTED_VALUE"""),900000.0) -> 900000 | S64: =IFERROR(__xludf.DUMMYFUNCTION("""COMPUTED_VALUE"""),"Belum Lunas") -> Belum Lunas
A65: =IF(B65="","",ROW(A65)-1) -> 64 | B65: =IFERROR(__xludf.DUMMYFUNCTION("""COMPUTED_VALUE"""),"MEIRZA TRISNA DWI ANDINI") -> MEIRZA TRISNA DWI ANDINI | C65: =IFERROR(__xludf.DUMMYFUNCTION("""COMPUTED_VALUE"""),2.024070732E9) -> 2024070732 | D65: =IFERROR(__xludf.DUMMYFUNCTION("""COMPUTED_VALUE"""),"C") -> C | E65: =IFERROR(__xludf.DUMMYFUNCTION("""COMPUTED_VALUE"""),"C-3") -> C-3 | F65: =IFERROR(__xludf.DUMMYFUNCTION("""COMPUTED_VALUE"""),3.0) -> 3 | G65: =IFERROR(__xludf.DUMMYFUNCTION("""COMPUTED_VALUE"""),"3 ULA C PUTRI") -> 3 ULA C PUTRI | H65: =IFERROR(__xludf.DUMMYFUNCTION("""COMPUTED_VALUE"""),"SMP-IX C") -> SMP-IX C | I65: =IFERROR(__xludf.DUMMYFUNCTION("""COMPUTED_VALUE"""),"NUR HIDAYATI") -> NUR HIDAYATI | J65: =IFERROR(__xludf.DUMMYFUNCTION("""COMPUTED_VALUE"""),"KEDIREN RT 001 RW 002 KALITENGAH LAMONGAN") -> KEDIREN RT 001 RW 002 KALITENGAH LAMONGAN | K65: =IFERROR(__xludf.DUMMYFUNCTION("""COMPUTED_VALUE"""),"6285815031286") -> 6285815031286 | L65: =IFERROR(__xludf.DUMMYFUNCTION("""COMPUTED_VALUE"""),900000.0) -> 900000 | M65: =IFERROR(__xludf.DUMMYFUNCTION("""COMPUTED_VALUE"""),0.0) -> 0 | N65: =IFERROR(__xludf.DUMMYFUNCTION("""COMPUTED_VALUE"""),0.0) -> 0 | O65: =IFERROR(__xludf.DUMMYFUNCTION("""COMPUTED_VALUE"""),900000.0) -> 900000 | S65: =IFERROR(__xludf.DUMMYFUNCTION("""COMPUTED_VALUE"""),"Belum Lunas") -> Belum Lunas
A66: =IF(B66="","",ROW(A66)-1) -> 65 | B66: =IFERROR(__xludf.DUMMYFUNCTION("""COMPUTED_VALUE"""),"ALFIYAN NADA FIRDAUS") -> ALFIYAN NADA FIRDAUS | C66: =IFERROR(__xludf.DUMMYFUNCTION("""COMPUTED_VALUE"""),2.024070566E9) -> 2024070566 | D66: =IFERROR(__xludf.DUMMYFUNCTION("""COMPUTED_VALUE"""),"A") -> A | E66: =IFERROR(__xludf.DUMMYFUNCTION("""COMPUTED_VALUE"""),"A-13") -> A-13 | F66: =IFERROR(__xludf.DUMMYFUNCTION("""COMPUTED_VALUE"""),3.0) -> 3 | H66: =IFERROR(__xludf.DUMMYFUNCTION("""COMPUTED_VALUE"""),"MTS-9 A") -> MTS-9 A | I66: =IFERROR(__xludf.DUMMYFUNCTION("""COMPUTED_VALUE"""),"KHUSNIYAH") -> KHUSNIYAH | J66: =IFERROR(__xludf.DUMMYFUNCTION("""COMPUTED_VALUE"""),"BANGO PAYAMAN RT 004 RW 015 SOLOKURO LAMONGAN") -> BANGO PAYAMAN RT 004 RW 015 SOLOKURO LAMONGAN | K66: =IFERROR(__xludf.DUMMYFUNCTION("""COMPUTED_VALUE"""),"6285733111734") -> 6285733111734 | L66: =IFERROR(__xludf.DUMMYFUNCTION("""COMPUTED_VALUE"""),410000.0) -> 410000 | M66: =IFERROR(__xludf.DUMMYFUNCTION("""COMPUTED_VALUE"""),500000.0) -> 500000 | N66: =IFERROR(__xludf.DUMMYFUNCTION("""COMPUTED_VALUE"""),0.0) -> 0 | O66: =IFERROR(__xludf.DUMMYFUNCTION("""COMPUTED_VALUE"""),910000.0) -> 910000 | S66: =IFERROR(__xludf.DUMMYFUNCTION("""COMPUTED_VALUE"""),"Belum Lunas") -> Belum Lunas
A67: =IF(B67="","",ROW(A67)-1) -> 66 | B67: =IFERROR(__xludf.DUMMYFUNCTION("""COMPUTED_VALUE"""),"ADELIAH PUTRI FEBRIANI") -> ADELIAH PUTRI FEBRIANI | C67: =IFERROR(__xludf.DUMMYFUNCTION("""COMPUTED_VALUE"""),2.024070735E9) -> 2024070735 | D67: =IFERROR(__xludf.DUMMYFUNCTION("""COMPUTED_VALUE"""),"B") -> B | E67: =IFERROR(__xludf.DUMMYFUNCTION("""COMPUTED_VALUE"""),"B-9") -> B-9 | F67: =IFERROR(__xludf.DUMMYFUNCTION("""COMPUTED_VALUE"""),3.0) -> 3 | G67: =IFERROR(__xludf.DUMMYFUNCTION("""COMPUTED_VALUE"""),"3 ULA C PUTRI") -> 3 ULA C PUTRI | H67: =IFERROR(__xludf.DUMMYFUNCTION("""COMPUTED_VALUE"""),"SMP-IX C") -> SMP-IX C | I67: =IFERROR(__xludf.DUMMYFUNCTION("""COMPUTED_VALUE"""),"NASHOHAH") -> NASHOHAH | J67: =IFERROR(__xludf.DUMMYFUNCTION("""COMPUTED_VALUE"""),"DORO KARANGWEDORO RT 001 RW 001 TURI LAMONGAN") -> DORO KARANGWEDORO RT 001 RW 001 TURI LAMONGAN | K67: =IFERROR(__xludf.DUMMYFUNCTION("""COMPUTED_VALUE"""),"6285706603124") -> 6285706603124 | L67: =IFERROR(__xludf.DUMMYFUNCTION("""COMPUTED_VALUE"""),450000.0) -> 450000 | M67: =IFERROR(__xludf.DUMMYFUNCTION("""COMPUTED_VALUE"""),500000.0) -> 500000 | N67: =IFERROR(__xludf.DUMMYFUNCTION("""COMPUTED_VALUE"""),0.0) -> 0 | O67: =IFERROR(__xludf.DUMMYFUNCTION("""COMPUTED_VALUE"""),950000.0) -> 950000 | S67: =IFERROR(__xludf.DUMMYFUNCTION("""COMPUTED_VALUE"""),"Belum Lunas") -> Belum Lunas
A68: =IF(B68="","",ROW(A68)-1) -> 67 | B68: =IFERROR(__xludf.DUMMYFUNCTION("""COMPUTED_VALUE"""),"AININ QORIROH UMMU SALWA") -> AININ QORIROH UMMU SALWA | C68: =IFERROR(__xludf.DUMMYFUNCTION("""COMPUTED_VALUE"""),2.024070338E9) -> 2024070338 | D68: =IFERROR(__xludf.DUMMYFUNCTION("""COMPUTED_VALUE"""),"C") -> C | E68: =IFERROR(__xludf.DUMMYFUNCTION("""COMPUTED_VALUE"""),"C-8") -> C-8 | F68: =IFERROR(__xludf.DUMMYFUNCTION("""COMPUTED_VALUE"""),3.0) -> 3 | G68: =IFERROR(__xludf.DUMMYFUNCTION("""COMPUTED_VALUE"""),"3 WUSTHO C PUTRI") -> 3 WUSTHO C PUTRI | H68: =IFERROR(__xludf.DUMMYFUNCTION("""COMPUTED_VALUE"""),"MA-XII.11") -> MA-XII.11 | I68: =IFERROR(__xludf.DUMMYFUNCTION("""COMPUTED_VALUE"""),"NUR JANNAH") -> NUR JANNAH | J68: =IFERROR(__xludf.DUMMYFUNCTION("""COMPUTED_VALUE"""),"PLOSO BUDEN RT 003 RW 003 DEKET LAMONGAN") -> PLOSO BUDEN RT 003 RW 003 DEKET LAMONGAN | K68: =IFERROR(__xludf.DUMMYFUNCTION("""COMPUTED_VALUE"""),"6287844690419") -> 6287844690419 | L68: =IFERROR(__xludf.DUMMYFUNCTION("""COMPUTED_VALUE"""),450000.0) -> 450000 | M68: =IFERROR(__xludf.DUMMYFUNCTION("""COMPUTED_VALUE"""),500000.0) -> 500000 | N68: =IFERROR(__xludf.DUMMYFUNCTION("""COMPUTED_VALUE"""),0.0) -> 0 | O68: =IFERROR(__xludf.DUMMYFUNCTION("""COMPUTED_VALUE"""),950000.0) -> 950000 | S68: =IFERROR(__xludf.DUMMYFUNCTION("""COMPUTED_VALUE"""),"Belum Lunas") -> Belum Lunas
A69: =IF(B69="","",ROW(A69)-1) -> 68 | B69: =IFERROR(__xludf.DUMMYFUNCTION("""COMPUTED_VALUE"""),"ALVELLYTA APRILIA KIRANA") -> ALVELLYTA APRILIA KIRANA | C69: =IFERROR(__xludf.DUMMYFUNCTION("""COMPUTED_VALUE"""),2.024070527E9) -> 2024070527 | D69: =IFERROR(__xludf.DUMMYFUNCTION("""COMPUTED_VALUE"""),"C") -> C | E69: =IFERROR(__xludf.DUMMYFUNCTION("""COMPUTED_VALUE"""),"C-12") -> C-12 | F69: =IFERROR(__xludf.DUMMYFUNCTION("""COMPUTED_VALUE"""),3.0) -> 3 | H69: =IFERROR(__xludf.DUMMYFUNCTION("""COMPUTED_VALUE"""),"MTS-9 C") -> MTS-9 C | I69: =IFERROR(__xludf.DUMMYFUNCTION("""COMPUTED_VALUE"""),"ITA NURO") -> ITA NURO | J69: =IFERROR(__xludf.DUMMYFUNCTION("""COMPUTED_VALUE"""),"KRAJAN SUKOBENDU RT 002 RW 001 MANTUP LAMONGAN") -> KRAJAN SUKOBENDU RT 002 RW 001 MANTUP LAMONGAN | K69: =IFERROR(__xludf.DUMMYFUNCTION("""COMPUTED_VALUE"""),"6281537636395") -> 6281537636395 | L69: =IFERROR(__xludf.DUMMYFUNCTION("""COMPUTED_VALUE"""),450000.0) -> 450000 | M69: =IFERROR(__xludf.DUMMYFUNCTION("""COMPUTED_VALUE"""),500000.0) -> 500000 | N69: =IFERROR(__xludf.DUMMYFUNCTION("""COMPUTED_VALUE"""),0.0) -> 0 | O69: =IFERROR(__xludf.DUMMYFUNCTION("""COMPUTED_VALUE"""),950000.0) -> 950000 | S69: =IFERROR(__xludf.DUMMYFUNCTION("""COMPUTED_VALUE"""),"Belum Lunas") -> Belum Lunas
A70: =IF(B70="","",ROW(A70)-1) -> 69 | B70: =IFERROR(__xludf.DUMMYFUNCTION("""COMPUTED_VALUE"""),"DESTIYA NUR LAILI") -> DESTIYA NUR LAILI | C70: =IFERROR(__xludf.DUMMYFUNCTION("""COMPUTED_VALUE"""),2.024070758E9) -> 2024070758 | D70: =IFERROR(__xludf.DUMMYFUNCTION("""COMPUTED_VALUE"""),"B") -> B | E70: =IFERROR(__xludf.DUMMYFUNCTION("""COMPUTED_VALUE"""),"B-9") -> B-9 | F70: =IFERROR(__xludf.DUMMYFUNCTION("""COMPUTED_VALUE"""),3.0) -> 3 | G70: =IFERROR(__xludf.DUMMYFUNCTION("""COMPUTED_VALUE"""),"3 ULA B PUTRI") -> 3 ULA B PUTRI | H70: =IFERROR(__xludf.DUMMYFUNCTION("""COMPUTED_VALUE"""),"SMP-IX C") -> SMP-IX C | I70: =IFERROR(__xludf.DUMMYFUNCTION("""COMPUTED_VALUE"""),"LUTFI NUR ROHMAWATI") -> LUTFI NUR ROHMAWATI | J70: =IFERROR(__xludf.DUMMYFUNCTION("""COMPUTED_VALUE"""),"LERAN BARU KEYONGAN RT 003 RW 006 BABAT LAMONGAN") -> LERAN BARU KEYONGAN RT 003 RW 006 BABAT LAMONGAN | K70: =IFERROR(__xludf.DUMMYFUNCTION("""COMPUTED_VALUE"""),"6285745740702") -> 6285745740702 | L70: =IFERROR(__xludf.DUMMYFUNCTION("""COMPUTED_VALUE"""),450000.0) -> 450000 | M70: =IFERROR(__xludf.DUMMYFUNCTION("""COMPUTED_VALUE"""),500000.0) -> 500000 | N70: =IFERROR(__xludf.DUMMYFUNCTION("""COMPUTED_VALUE"""),0.0) -> 0 | O70: =IFERROR(__xludf.DUMMYFUNCTION("""COMPUTED_VALUE"""),950000.0) -> 950000 | S70: =IFERROR(__xludf.DUMMYFUNCTION("""COMPUTED_VALUE"""),"Belum Lunas") -> Belum Lunas
A71: =IF(B71="","",ROW(A71)-1) -> 70 | B71: =IFERROR(__xludf.DUMMYFUNCTION("""COMPUTED_VALUE"""),"JANEETA EMIRA SHABRIYA") -> JANEETA EMIRA SHABRIYA | C71: =IFERROR(__xludf.DUMMYFUNCTION("""COMPUTED_VALUE"""),2.024070521E9) -> 2024070521 | D71: =IFERROR(__xludf.DUMMYFUNCTION("""COMPUTED_VALUE"""),"D") -> D | E71: =IFERROR(__xludf.DUMMYFUNCTION("""COMPUTED_VALUE"""),"D-4") -> D-4 | F71: =IFERROR(__xludf.DUMMYFUNCTION("""COMPUTED_VALUE"""),3.0) -> 3 | G71: =IFERROR(__xludf.DUMMYFUNCTION("""COMPUTED_VALUE"""),"3 ULA B PUTRI") -> 3 ULA B PUTRI | H71: =IFERROR(__xludf.DUMMYFUNCTION("""COMPUTED_VALUE"""),"MTS-9 B") -> MTS-9 B | I71: =IFERROR(__xludf.DUMMYFUNCTION("""COMPUTED_VALUE"""),"AINI ZAHIDAH") -> AINI ZAHIDAH | J71: =IFERROR(__xludf.DUMMYFUNCTION("""COMPUTED_VALUE"""),"SUMURBER RT 010 RW 003 PANCENG GRESIK") -> SUMURBER RT 010 RW 003 PANCENG GRESIK | K71: =IFERROR(__xludf.DUMMYFUNCTION("""COMPUTED_VALUE"""),"628563173399") -> 628563173399 | L71: =IFERROR(__xludf.DUMMYFUNCTION("""COMPUTED_VALUE"""),450000.0) -> 450000 | M71: =IFERROR(__xludf.DUMMYFUNCTION("""COMPUTED_VALUE"""),500000.0) -> 500000 | N71: =IFERROR(__xludf.DUMMYFUNCTION("""COMPUTED_VALUE"""),0.0) -> 0 | O71: =IFERROR(__xludf.DUMMYFUNCTION("""COMPUTED_VALUE"""),950000.0) -> 950000 | S71: =IFERROR(__xludf.DUMMYFUNCTION("""COMPUTED_VALUE"""),"Belum Lunas") -> Belum Lunas
A72: =IF(B72="","",ROW(A72)-1) -> 71 | B72: =IFERROR(__xludf.DUMMYFUNCTION("""COMPUTED_VALUE"""),"KURNIA MUFIDATUL FATIHAH") -> KURNIA MUFIDATUL FATIHAH | C72: =IFERROR(__xludf.DUMMYFUNCTION("""COMPUTED_VALUE"""),2.024070641E9) -> 2024070641 | D72: =IFERROR(__xludf.DUMMYFUNCTION("""COMPUTED_VALUE"""),"B") -> B | E72: =IFERROR(__xludf.DUMMYFUNCTION("""COMPUTED_VALUE"""),"B-9") -> B-9 | F72: =IFERROR(__xludf.DUMMYFUNCTION("""COMPUTED_VALUE"""),3.0) -> 3 | G72: =IFERROR(__xludf.DUMMYFUNCTION("""COMPUTED_VALUE"""),"3 ULA B PUTRI") -> 3 ULA B PUTRI | H72: =IFERROR(__xludf.DUMMYFUNCTION("""COMPUTED_VALUE"""),"MTS-9 G") -> MTS-9 G | I72: =IFERROR(__xludf.DUMMYFUNCTION("""COMPUTED_VALUE"""),"FARIHATUS SHOLIHAH") -> FARIHATUS SHOLIHAH | J72: =IFERROR(__xludf.DUMMYFUNCTION("""COMPUTED_VALUE"""),"BOJOASRI RT 005 RW 002 KALITENGAH LAMONGAN") -> BOJOASRI RT 005 RW 002 KALITENGAH LAMONGAN | K72: =IFERROR(__xludf.DUMMYFUNCTION("""COMPUTED_VALUE"""),"6285748349331") -> 6285748349331 | L72: =IFERROR(__xludf.DUMMYFUNCTION("""COMPUTED_VALUE"""),450000.0) -> 450000 | M72: =IFERROR(__xludf.DUMMYFUNCTION("""COMPUTED_VALUE"""),500000.0) -> 500000 | N72: =IFERROR(__xludf.DUMMYFUNCTION("""COMPUTED_VALUE"""),0.0) -> 0 | O72: =IFERROR(__xludf.DUMMYFUNCTION("""COMPUTED_VALUE"""),950000.0) -> 950000 | S72: =IFERROR(__xludf.DUMMYFUNCTION("""COMPUTED_VALUE"""),"Belum Lunas") -> Belum Lunas
A73: =IF(B73="","",ROW(A73)-1) -> 72 | B73: =IFERROR(__xludf.DUMMYFUNCTION("""COMPUTED_VALUE"""),"M. RADIFQI ALFARISTY") -> M. RADIFQI ALFARISTY | C73: =IFERROR(__xludf.DUMMYFUNCTION("""COMPUTED_VALUE"""),2.024070747E9) -> 2024070747 | D73: =IFERROR(__xludf.DUMMYFUNCTION("""COMPUTED_VALUE"""),"A") -> A | E73: =IFERROR(__xludf.DUMMYFUNCTION("""COMPUTED_VALUE"""),"A-8") -> A-8 | F73: =IFERROR(__xludf.DUMMYFUNCTION("""COMPUTED_VALUE"""),3.0) -> 3 | G73: =IFERROR(__xludf.DUMMYFUNCTION("""COMPUTED_VALUE"""),"3 ULA A PUTRA") -> 3 ULA A PUTRA | H73: =IFERROR(__xludf.DUMMYFUNCTION("""COMPUTED_VALUE"""),"SMP-IX C") -> SMP-IX C | I73: =IFERROR(__xludf.DUMMYFUNCTION("""COMPUTED_VALUE"""),"KUSNAWATI") -> KUSNAWATI | J73: =IFERROR(__xludf.DUMMYFUNCTION("""COMPUTED_VALUE"""),"DORO KARANGWEDORO RT 001 RW 001 TURI LAMONGAN") -> DORO KARANGWEDORO RT 001 RW 001 TURI LAMONGAN | K73: =IFERROR(__xludf.DUMMYFUNCTION("""COMPUTED_VALUE"""),"6285649740556") -> 6285649740556 | L73: =IFERROR(__xludf.DUMMYFUNCTION("""COMPUTED_VALUE"""),450000.0) -> 450000 | M73: =IFERROR(__xludf.DUMMYFUNCTION("""COMPUTED_VALUE"""),500000.0) -> 500000 | N73: =IFERROR(__xludf.DUMMYFUNCTION("""COMPUTED_VALUE"""),0.0) -> 0 | O73: =IFERROR(__xludf.DUMMYFUNCTION("""COMPUTED_VALUE"""),950000.0) -> 950000 | S73: =IFERROR(__xludf.DUMMYFUNCTION("""COMPUTED_VALUE"""),"Belum Lunas") -> Belum Lunas
A74: =IF(B74="","",ROW(A74)-1) -> 73 | B74: =IFERROR(__xludf.DUMMYFUNCTION("""COMPUTED_VALUE"""),"M. SAFIUL REZA SELOHANDOYO") -> M. SAFIUL REZA SELOHANDOYO | C74: =IFERROR(__xludf.DUMMYFUNCTION("""COMPUTED_VALUE"""),2.024070406E9) -> 2024070406 | D74: =IFERROR(__xludf.DUMMYFUNCTION("""COMPUTED_VALUE"""),"A") -> A | E74: =IFERROR(__xludf.DUMMYFUNCTION("""COMPUTED_VALUE"""),"A-2") -> A-2 | F74: =IFERROR(__xludf.DUMMYFUNCTION("""COMPUTED_VALUE"""),3.0) -> 3 | G74: =IFERROR(__xludf.DUMMYFUNCTION("""COMPUTED_VALUE"""),"3 MAK PUTRA") -> 3 MAK PUTRA | H74: =IFERROR(__xludf.DUMMYFUNCTION("""COMPUTED_VALUE"""),"MA-XII.13") -> MA-XII.13 | I74: =IFERROR(__xludf.DUMMYFUNCTION("""COMPUTED_VALUE"""),"SITI HALIMAH") -> SITI HALIMAH | J74: =IFERROR(__xludf.DUMMYFUNCTION("""COMPUTED_VALUE"""),"GOWAH POMAHANJANGGAN RT 002 RW 001 TURI LAMONGAN") -> GOWAH POMAHANJANGGAN RT 002 RW 001 TURI LAMONGAN | K74: =IFERROR(__xludf.DUMMYFUNCTION("""COMPUTED_VALUE"""),"6282229847381") -> 6282229847381 | L74: =IFERROR(__xludf.DUMMYFUNCTION("""COMPUTED_VALUE"""),450000.0) -> 450000 | M74: =IFERROR(__xludf.DUMMYFUNCTION("""COMPUTED_VALUE"""),500000.0) -> 500000 | N74: =IFERROR(__xludf.DUMMYFUNCTION("""COMPUTED_VALUE"""),0.0) -> 0 | O74: =IFERROR(__xludf.DUMMYFUNCTION("""COMPUTED_VALUE"""),950000.0) -> 950000 | S74: =IFERROR(__xludf.DUMMYFUNCTION("""COMPUTED_VALUE"""),"Belum Lunas") -> Belum Lunas
A75: =IF(B75="","",ROW(A75)-1) -> 74 | B75: =IFERROR(__xludf.DUMMYFUNCTION("""COMPUTED_VALUE"""),"MEILANI PUTRI ARINIL WAFA`") -> MEILANI PUTRI ARINIL WAFA` | C75: =IFERROR(__xludf.DUMMYFUNCTION("""COMPUTED_VALUE"""),2.024070015E9) -> 2024070015 | D75: =IFERROR(__xludf.DUMMYFUNCTION("""COMPUTED_VALUE"""),"C") -> C | E75: =IFERROR(__xludf.DUMMYFUNCTION("""COMPUTED_VALUE"""),"C-2") -> C-2 | F75: =IFERROR(__xludf.DUMMYFUNCTION("""COMPUTED_VALUE"""),3.0) -> 3 | H75: =IFERROR(__xludf.DUMMYFUNCTION("""COMPUTED_VALUE"""),"MA-XII.1") -> MA-XII.1 | I75: =IFERROR(__xludf.DUMMYFUNCTION("""COMPUTED_VALUE"""),"NURASIATIN") -> NURASIATIN | J75: =IFERROR(__xludf.DUMMYFUNCTION("""COMPUTED_VALUE"""),"KENDALKEMLAGI RT 002 RW 005 KARANGGENENG LAMONGAN") -> KENDALKEMLAGI RT 002 RW 005 KARANGGENENG LAMONGAN | K75: =IFERROR(__xludf.DUMMYFUNCTION("""COMPUTED_VALUE"""),"6285733138071") -> 6285733138071 | L75: =IFERROR(__xludf.DUMMYFUNCTION("""COMPUTED_VALUE"""),450000.0) -> 450000 | M75: =IFERROR(__xludf.DUMMYFUNCTION("""COMPUTED_VALUE"""),500000.0) -> 500000 | N75: =IFERROR(__xludf.DUMMYFUNCTION("""COMPUTED_VALUE"""),0.0) -> 0 | O75: =IFERROR(__xludf.DUMMYFUNCTION("""COMPUTED_VALUE"""),950000.0) -> 950000 | S75: =IFERROR(__xludf.DUMMYFUNCTION("""COMPUTED_VALUE"""),"Belum Lunas") -> Belum Lunas
A76: =IF(B76="","",ROW(A76)-1) -> 75 | B76: =IFERROR(__xludf.DUMMYFUNCTION("""COMPUTED_VALUE"""),"MUHAMMAD RAFA AL KAUTSAR") -> MUHAMMAD RAFA AL KAUTSAR | C76: =IFERROR(__xludf.DUMMYFUNCTION("""COMPUTED_VALUE"""),2.024070648E9) -> 2024070648 | D76: =IFERROR(__xludf.DUMMYFUNCTION("""COMPUTED_VALUE"""),"A") -> A | E76: =IFERROR(__xludf.DUMMYFUNCTION("""COMPUTED_VALUE"""),"A-8") -> A-8 | F76: =IFERROR(__xludf.DUMMYFUNCTION("""COMPUTED_VALUE"""),3.0) -> 3 | G76: =IFERROR(__xludf.DUMMYFUNCTION("""COMPUTED_VALUE"""),"3 ULA B PUTRA") -> 3 ULA B PUTRA | H76: =IFERROR(__xludf.DUMMYFUNCTION("""COMPUTED_VALUE"""),"MTS-9 C") -> MTS-9 C | I76: =IFERROR(__xludf.DUMMYFUNCTION("""COMPUTED_VALUE"""),"SHOIFAH") -> SHOIFAH | J76: =IFERROR(__xludf.DUMMYFUNCTION("""COMPUTED_VALUE"""),"BANJARANYAR BANJARWATI RT 002 RW 002 PACIRAN LAMONGAN") -> BANJARANYAR BANJARWATI RT 002 RW 002 PACIRAN LAMONGAN | K76: =IFERROR(__xludf.DUMMYFUNCTION("""COMPUTED_VALUE"""),"6285859853448") -> 6285859853448 | L76: =IFERROR(__xludf.DUMMYFUNCTION("""COMPUTED_VALUE"""),450000.0) -> 450000 | M76: =IFERROR(__xludf.DUMMYFUNCTION("""COMPUTED_VALUE"""),500000.0) -> 500000 | N76: =IFERROR(__xludf.DUMMYFUNCTION("""COMPUTED_VALUE"""),0.0) -> 0 | O76: =IFERROR(__xludf.DUMMYFUNCTION("""COMPUTED_VALUE"""),950000.0) -> 950000 | S76: =IFERROR(__xludf.DUMMYFUNCTION("""COMPUTED_VALUE"""),"Belum Lunas") -> Belum Lunas
A77: =IF(B77="","",ROW(A77)-1) -> 76 | B77: =IFERROR(__xludf.DUMMYFUNCTION("""COMPUTED_VALUE"""),"MUHYIDDIN FAQIH") -> MUHYIDDIN FAQIH | C77: =IFERROR(__xludf.DUMMYFUNCTION("""COMPUTED_VALUE"""),2.024070299E9) -> 2024070299 | D77: =IFERROR(__xludf.DUMMYFUNCTION("""COMPUTED_VALUE"""),"A") -> A | E77: =IFERROR(__xludf.DUMMYFUNCTION("""COMPUTED_VALUE"""),"A-10") -> A-10 | F77: =IFERROR(__xludf.DUMMYFUNCTION("""COMPUTED_VALUE"""),3.0) -> 3 | G77: =IFERROR(__xludf.DUMMYFUNCTION("""COMPUTED_VALUE"""),"3 WUSTHO PUTRA") -> 3 WUSTHO PUTRA | H77: =IFERROR(__xludf.DUMMYFUNCTION("""COMPUTED_VALUE"""),"MA-XII.9") -> MA-XII.9 | I77: =IFERROR(__xludf.DUMMYFUNCTION("""COMPUTED_VALUE"""),"SUHARNIK") -> SUHARNIK | J77: =IFERROR(__xludf.DUMMYFUNCTION("""COMPUTED_VALUE"""),"SAWO RT 003 RW 002 DUKUN GRESIK") -> SAWO RT 003 RW 002 DUKUN GRESIK | K77: =IFERROR(__xludf.DUMMYFUNCTION("""COMPUTED_VALUE"""),"6281554403924") -> 6281554403924 | L77: =IFERROR(__xludf.DUMMYFUNCTION("""COMPUTED_VALUE"""),450000.0) -> 450000 | M77: =IFERROR(__xludf.DUMMYFUNCTION("""COMPUTED_VALUE"""),500000.0) -> 500000 | N77: =IFERROR(__xludf.DUMMYFUNCTION("""COMPUTED_VALUE"""),0.0) -> 0 | O77: =IFERROR(__xludf.DUMMYFUNCTION("""COMPUTED_VALUE"""),950000.0) -> 950000 | S77: =IFERROR(__xludf.DUMMYFUNCTION("""COMPUTED_VALUE"""),"Belum Lunas") -> Belum Lunas
A78: =IF(B78="","",ROW(A78)-1) -> 77 | B78: =IFERROR(__xludf.DUMMYFUNCTION("""COMPUTED_VALUE"""),"NAYLATUL MAWADDAH") -> NAYLATUL MAWADDAH | C78: =IFERROR(__xludf.DUMMYFUNCTION("""COMPUTED_VALUE"""),2.024070682E9) -> 2024070682 | D78: =IFERROR(__xludf.DUMMYFUNCTION("""COMPUTED_VALUE"""),"C") -> C | E78: =IFERROR(__xludf.DUMMYFUNCTION("""COMPUTED_VALUE"""),"C-8") -> C-8 | F78: =IFERROR(__xludf.DUMMYFUNCTION("""COMPUTED_VALUE"""),3.0) -> 3 | G78: =IFERROR(__xludf.DUMMYFUNCTION("""COMPUTED_VALUE"""),"3 WUSTHO C PUTRI") -> 3 WUSTHO C PUTRI | H78: =IFERROR(__xludf.DUMMYFUNCTION("""COMPUTED_VALUE"""),"SMK-XII DKV") -> SMK-XII DKV | I78: =IFERROR(__xludf.DUMMYFUNCTION("""COMPUTED_VALUE"""),"ZULIYATIN") -> ZULIYATIN | J78: =IFERROR(__xludf.DUMMYFUNCTION("""COMPUTED_VALUE"""),"BANGERAN RT 006 RW 003 DUKUN GRESIK") -> BANGERAN RT 006 RW 003 DUKUN GRESIK | K78: =IFERROR(__xludf.DUMMYFUNCTION("""COMPUTED_VALUE"""),"6285608738797") -> 6285608738797 | L78: =IFERROR(__xludf.DUMMYFUNCTION("""COMPUTED_VALUE"""),450000.0) -> 450000 | M78: =IFERROR(__xludf.DUMMYFUNCTION("""COMPUTED_VALUE"""),500000.0) -> 500000 | N78: =IFERROR(__xludf.DUMMYFUNCTION("""COMPUTED_VALUE"""),0.0) -> 0 | O78: =IFERROR(__xludf.DUMMYFUNCTION("""COMPUTED_VALUE"""),950000.0) -> 950000 | S78: =IFERROR(__xludf.DUMMYFUNCTION("""COMPUTED_VALUE"""),"Belum Lunas") -> Belum Lunas
A79: =IF(B79="","",ROW(A79)-1) -> 78 | B79: =IFERROR(__xludf.DUMMYFUNCTION("""COMPUTED_VALUE"""),"NESYA AURA BUNGA") -> NESYA AURA BUNGA | C79: =IFERROR(__xludf.DUMMYFUNCTION("""COMPUTED_VALUE"""),2.024070659E9) -> 2024070659 | D79: =IFERROR(__xludf.DUMMYFUNCTION("""COMPUTED_VALUE"""),"D") -> D | E79: =IFERROR(__xludf.DUMMYFUNCTION("""COMPUTED_VALUE"""),"D-4") -> D-4 | F79: =IFERROR(__xludf.DUMMYFUNCTION("""COMPUTED_VALUE"""),3.0) -> 3 | G79: =IFERROR(__xludf.DUMMYFUNCTION("""COMPUTED_VALUE"""),"3 ULA C PUTRI") -> 3 ULA C PUTRI | H79: =IFERROR(__xludf.DUMMYFUNCTION("""COMPUTED_VALUE"""),"MTS-9 H") -> MTS-9 H | I79: =IFERROR(__xludf.DUMMYFUNCTION("""COMPUTED_VALUE"""),"SITI NAILUL ROFIQ") -> SITI NAILUL ROFIQ | J79: =IFERROR(__xludf.DUMMYFUNCTION("""COMPUTED_VALUE"""),"GEGER RT 002 RW 003 TURI LAMONGAN") -> GEGER RT 002 RW 003 TURI LAMONGAN | K79: =IFERROR(__xludf.DUMMYFUNCTION("""COMPUTED_VALUE"""),"6285852070153") -> 6285852070153 | L79: =IFERROR(__xludf.DUMMYFUNCTION("""COMPUTED_VALUE"""),450000.0) -> 450000 | M79: =IFERROR(__xludf.DUMMYFUNCTION("""COMPUTED_VALUE"""),500000.0) -> 500000 | N79: =IFERROR(__xludf.DUMMYFUNCTION("""COMPUTED_VALUE"""),0.0) -> 0 | O79: =IFERROR(__xludf.DUMMYFUNCTION("""COMPUTED_VALUE"""),950000.0) -> 950000 | S79: =IFERROR(__xludf.DUMMYFUNCTION("""COMPUTED_VALUE"""),"Belum Lunas") -> Belum Lunas
A80: =IF(B80="","",ROW(A80)-1) -> 79 | B80: =IFERROR(__xludf.DUMMYFUNCTION("""COMPUTED_VALUE"""),"NOVAL ARYA PRATAMA") -> NOVAL ARYA PRATAMA | C80: =IFERROR(__xludf.DUMMYFUNCTION("""COMPUTED_VALUE"""),2.024070468E9) -> 2024070468 | D80: =IFERROR(__xludf.DUMMYFUNCTION("""COMPUTED_VALUE"""),"A") -> A | E80: =IFERROR(__xludf.DUMMYFUNCTION("""COMPUTED_VALUE"""),"A-8") -> A-8 | F80: =IFERROR(__xludf.DUMMYFUNCTION("""COMPUTED_VALUE"""),3.0) -> 3 | G80: =IFERROR(__xludf.DUMMYFUNCTION("""COMPUTED_VALUE"""),"3 ULA A PUTRA") -> 3 ULA A PUTRA | H80: =IFERROR(__xludf.DUMMYFUNCTION("""COMPUTED_VALUE"""),"MTS-9 B") -> MTS-9 B | I80: =IFERROR(__xludf.DUMMYFUNCTION("""COMPUTED_VALUE"""),"NURANITA LARASATI") -> NURANITA LARASATI | J80: =IFERROR(__xludf.DUMMYFUNCTION("""COMPUTED_VALUE"""),"BULAKWATU BANJAREJO RT 003 RW 001 SUKODADI LAMONGAN") -> BULAKWATU BANJAREJO RT 003 RW 001 SUKODADI LAMONGAN | K80: =IFERROR(__xludf.DUMMYFUNCTION("""COMPUTED_VALUE"""),"6285707106640") -> 6285707106640 | L80: =IFERROR(__xludf.DUMMYFUNCTION("""COMPUTED_VALUE"""),450000.0) -> 450000 | M80: =IFERROR(__xludf.DUMMYFUNCTION("""COMPUTED_VALUE"""),500000.0) -> 500000 | N80: =IFERROR(__xludf.DUMMYFUNCTION("""COMPUTED_VALUE"""),0.0) -> 0 | O80: =IFERROR(__xludf.DUMMYFUNCTION("""COMPUTED_VALUE"""),950000.0) -> 950000 | S80: =IFERROR(__xludf.DUMMYFUNCTION("""COMPUTED_VALUE"""),"Belum Lunas") -> Belum Lunas
A81: =IF(B81="","",ROW(A81)-1) -> 80 | B81: =IFERROR(__xludf.DUMMYFUNCTION("""COMPUTED_VALUE"""),"NURFUIMA LINDA HIDAYATI") -> NURFUIMA LINDA HIDAYATI | C81: =IFERROR(__xludf.DUMMYFUNCTION("""COMPUTED_VALUE"""),2.024070357E9) -> 2024070357 | D81: =IFERROR(__xludf.DUMMYFUNCTION("""COMPUTED_VALUE"""),"C") -> C | E81: =IFERROR(__xludf.DUMMYFUNCTION("""COMPUTED_VALUE"""),"C-8") -> C-8 | F81: =IFERROR(__xludf.DUMMYFUNCTION("""COMPUTED_VALUE"""),3.0) -> 3 | H81: =IFERROR(__xludf.DUMMYFUNCTION("""COMPUTED_VALUE"""),"MA-XII.11") -> MA-XII.11 | I81: =IFERROR(__xludf.DUMMYFUNCTION("""COMPUTED_VALUE"""),"UMAIPAH") -> UMAIPAH | J81: =IFERROR(__xludf.DUMMYFUNCTION("""COMPUTED_VALUE"""),"SAWO RT 009 RW 005 DUKUN GRESIK") -> SAWO RT 009 RW 005 DUKUN GRESIK | K81: =IFERROR(__xludf.DUMMYFUNCTION("""COMPUTED_VALUE"""),"6285606170861") -> 6285606170861 | L81: =IFERROR(__xludf.DUMMYFUNCTION("""COMPUTED_VALUE"""),450000.0) -> 450000 | M81: =IFERROR(__xludf.DUMMYFUNCTION("""COMPUTED_VALUE"""),500000.0) -> 500000 | N81: =IFERROR(__xludf.DUMMYFUNCTION("""COMPUTED_VALUE"""),0.0) -> 0 | O81: =IFERROR(__xludf.DUMMYFUNCTION("""COMPUTED_VALUE"""),950000.0) -> 950000 | S81: =IFERROR(__xludf.DUMMYFUNCTION("""COMPUTED_VALUE"""),"Belum Lunas") -> Belum Lunas
A82: =IF(B82="","",ROW(A82)-1) -> 81 | B82: =IFERROR(__xludf.DUMMYFUNCTION("""COMPUTED_VALUE"""),"AIDA NURUL AINI") -> AIDA NURUL AINI | C82: =IFERROR(__xludf.DUMMYFUNCTION("""COMPUTED_VALUE"""),2.024070582E9) -> 2024070582 | D82: =IFERROR(__xludf.DUMMYFUNCTION("""COMPUTED_VALUE"""),"E") -> E | E82: =IFERROR(__xludf.DUMMYFUNCTION("""COMPUTED_VALUE"""),"E-9") -> E-9 | F82: =IFERROR(__xludf.DUMMYFUNCTION("""COMPUTED_VALUE"""),3.0) -> 3 | G82: =IFERROR(__xludf.DUMMYFUNCTION("""COMPUTED_VALUE"""),"3 ULA A PUTRI") -> 3 ULA A PUTRI | H82: =IFERROR(__xludf.DUMMYFUNCTION("""COMPUTED_VALUE"""),"MTS-9 A") -> MTS-9 A | I82: =IFERROR(__xludf.DUMMYFUNCTION("""COMPUTED_VALUE"""),"ZAINATUR ROBIHAH") -> ZAINATUR ROBIHAH | J82: =IFERROR(__xludf.DUMMYFUNCTION("""COMPUTED_VALUE"""),"BANGERAN GENENG RT 003 RW 002 DUKUN GRESIK") -> BANGERAN GENENG RT 003 RW 002 DUKUN GRESIK | K82: =IFERROR(__xludf.DUMMYFUNCTION("""COMPUTED_VALUE"""),"6285732704608") -> 6285732704608 | L82: =IFERROR(__xludf.DUMMYFUNCTION("""COMPUTED_VALUE"""),0.0) -> 0 | M82: =IFERROR(__xludf.DUMMYFUNCTION("""COMPUTED_VALUE"""),1000000.0) -> 1000000 | N82: =IFERROR(__xludf.DUMMYFUNCTION("""COMPUTED_VALUE"""),0.0) -> 0 | O82: =IFERROR(__xludf.DUMMYFUNCTION("""COMPUTED_VALUE"""),1000000.0) -> 1000000 | S82: =IFERROR(__xludf.DUMMYFUNCTION("""COMPUTED_VALUE"""),"Belum Lunas") -> Belum Lunas
A83: =IF(B83="","",ROW(A83)-1) -> 82 | B83: =IFERROR(__xludf.DUMMYFUNCTION("""COMPUTED_VALUE"""),"ASYIFATUL LAILI") -> ASYIFATUL LAILI | C83: =IFERROR(__xludf.DUMMYFUNCTION("""COMPUTED_VALUE"""),2.02407052E9) -> 2024070520 | D83: =IFERROR(__xludf.DUMMYFUNCTION("""COMPUTED_VALUE"""),"C") -> C | E83: =IFERROR(__xludf.DUMMYFUNCTION("""COMPUTED_VALUE"""),"C-13") -> C-13 | F83: =IFERROR(__xludf.DUMMYFUNCTION("""COMPUTED_VALUE"""),3.0) -> 3 | G83: =IFERROR(__xludf.DUMMYFUNCTION("""COMPUTED_VALUE"""),"3 ULA B PUTRI") -> 3 ULA B PUTRI | H83: =IFERROR(__xludf.DUMMYFUNCTION("""COMPUTED_VALUE"""),"MTS-9 C") -> MTS-9 C | I83: =IFERROR(__xludf.DUMMYFUNCTION("""COMPUTED_VALUE"""),"NUR MARDLIYAH") -> NUR MARDLIYAH | J83: =IFERROR(__xludf.DUMMYFUNCTION("""COMPUTED_VALUE"""),"KUBANG LABAN PANGGUNG RAWI RT 003 RW 002 JOMBANG CILEGON") -> KUBANG LABAN PANGGUNG RAWI RT 003 RW 002 JOMBANG CILEGON | K83: =IFERROR(__xludf.DUMMYFUNCTION("""COMPUTED_VALUE"""),"6281946613922") -> 6281946613922 | L83: =IFERROR(__xludf.DUMMYFUNCTION("""COMPUTED_VALUE"""),0.0) -> 0 | M83: =IFERROR(__xludf.DUMMYFUNCTION("""COMPUTED_VALUE"""),1000000.0) -> 1000000 | N83: =IFERROR(__xludf.DUMMYFUNCTION("""COMPUTED_VALUE"""),0.0) -> 0 | O83: =IFERROR(__xludf.DUMMYFUNCTION("""COMPUTED_VALUE"""),1000000.0) -> 1000000 | S83: =IFERROR(__xludf.DUMMYFUNCTION("""COMPUTED_VALUE"""),"Belum Lunas") -> Belum Lunas
A84: =IF(B84="","",ROW(A84)-1) -> 83 | B84: =IFERROR(__xludf.DUMMYFUNCTION("""COMPUTED_VALUE"""),"DAVINA RATNANDITA") -> DAVINA RATNANDITA | C84: =IFERROR(__xludf.DUMMYFUNCTION("""COMPUTED_VALUE"""),2.024070445E9) -> 2024070445 | D84: =IFERROR(__xludf.DUMMYFUNCTION("""COMPUTED_VALUE"""),"E") -> E | E84: =IFERROR(__xludf.DUMMYFUNCTION("""COMPUTED_VALUE"""),"E-2") -> E-2 | F84: =IFERROR(__xludf.DUMMYFUNCTION("""COMPUTED_VALUE"""),3.0) -> 3 | G84: =IFERROR(__xludf.DUMMYFUNCTION("""COMPUTED_VALUE"""),"3 ULA A PUTRI") -> 3 ULA A PUTRI | H84: =IFERROR(__xludf.DUMMYFUNCTION("""COMPUTED_VALUE"""),"MTS-9 B") -> MTS-9 B | I84: =IFERROR(__xludf.DUMMYFUNCTION("""COMPUTED_VALUE"""),"SUWATUN") -> SUWATUN | J84: =IFERROR(__xludf.DUMMYFUNCTION("""COMPUTED_VALUE"""),"TEMBOK PENDOWOLIMO RT 002 RW 003 KARANGBINANGUN LAMONGAN") -> TEMBOK PENDOWOLIMO RT 002 RW 003 KARANGBINANGUN LAMONGAN | K84: =IFERROR(__xludf.DUMMYFUNCTION("""COMPUTED_VALUE"""),"6282131864843") -> 6282131864843 | L84: =IFERROR(__xludf.DUMMYFUNCTION("""COMPUTED_VALUE"""),0.0) -> 0 | M84: =IFERROR(__xludf.DUMMYFUNCTION("""COMPUTED_VALUE"""),1000000.0) -> 1000000 | N84: =IFERROR(__xludf.DUMMYFUNCTION("""COMPUTED_VALUE"""),0.0) -> 0 | O84: =IFERROR(__xludf.DUMMYFUNCTION("""COMPUTED_VALUE"""),1000000.0) -> 1000000 | S84: =IFERROR(__xludf.DUMMYFUNCTION("""COMPUTED_VALUE"""),"Belum Lunas") -> Belum Lunas
A85: =IF(B85="","",ROW(A85)-1) -> 84 | B85: =IFERROR(__xludf.DUMMYFUNCTION("""COMPUTED_VALUE"""),"DIVA EKA LESTARI") -> DIVA EKA LESTARI | C85: =IFERROR(__xludf.DUMMYFUNCTION("""COMPUTED_VALUE"""),2.024070006E9) -> 2024070006 | D85: =IFERROR(__xludf.DUMMYFUNCTION("""COMPUTED_VALUE"""),"C") -> C | E85: =IFERROR(__xludf.DUMMYFUNCTION("""COMPUTED_VALUE"""),"C-2") -> C-2 | F85: =IFERROR(__xludf.DUMMYFUNCTION("""COMPUTED_VALUE"""),3.0) -> 3 | H85: =IFERROR(__xludf.DUMMYFUNCTION("""COMPUTED_VALUE"""),"MA-XII.1") -> MA-XII.1 | I85: =IFERROR(__xludf.DUMMYFUNCTION("""COMPUTED_VALUE"""),"NING MINARSIH") -> NING MINARSIH | J85: =IFERROR(__xludf.DUMMYFUNCTION("""COMPUTED_VALUE"""),"P. TENDEAN 24 KULURAN RT 004 RW 004 KALITENGAH LAMONGAN") -> P. TENDEAN 24 KULURAN RT 004 RW 004 KALITENGAH LAMONGAN | K85: =IFERROR(__xludf.DUMMYFUNCTION("""COMPUTED_VALUE"""),"6285755339391") -> 6285755339391 | L85: =IFERROR(__xludf.DUMMYFUNCTION("""COMPUTED_VALUE"""),0.0) -> 0 | M85: =IFERROR(__xludf.DUMMYFUNCTION("""COMPUTED_VALUE"""),1000000.0) -> 1000000 | N85: =IFERROR(__xludf.DUMMYFUNCTION("""COMPUTED_VALUE"""),0.0) -> 0 | O85: =IFERROR(__xludf.DUMMYFUNCTION("""COMPUTED_VALUE"""),1000000.0) -> 1000000 | S85: =IFERROR(__xludf.DUMMYFUNCTION("""COMPUTED_VALUE"""),"Belum Lunas") -> Belum Lunas
A86: =IF(B86="","",ROW(A86)-1) -> 85 | B86: =IFERROR(__xludf.DUMMYFUNCTION("""COMPUTED_VALUE"""),"FATIMATUZZAHROH MUSOFFA") -> FATIMATUZZAHROH MUSOFFA | C86: =IFERROR(__xludf.DUMMYFUNCTION("""COMPUTED_VALUE"""),2.024070045E9) -> 2024070045 | D86: =IFERROR(__xludf.DUMMYFUNCTION("""COMPUTED_VALUE"""),"C") -> C | E86: =IFERROR(__xludf.DUMMYFUNCTION("""COMPUTED_VALUE"""),"C-9") -> C-9 | F86: =IFERROR(__xludf.DUMMYFUNCTION("""COMPUTED_VALUE"""),3.0) -> 3 | H86: =IFERROR(__xludf.DUMMYFUNCTION("""COMPUTED_VALUE"""),"MA-XII.2") -> MA-XII.2 | I86: =IFERROR(__xludf.DUMMYFUNCTION("""COMPUTED_VALUE"""),"MUSLIMAH") -> MUSLIMAH | J86: =IFERROR(__xludf.DUMMYFUNCTION("""COMPUTED_VALUE"""),"WEDENG SUKOREJO RT 002 RW 003 KARANGBINANGUN LAMONGAN") -> WEDENG SUKOREJO RT 002 RW 003 KARANGBINANGUN LAMONGAN | K86: =IFERROR(__xludf.DUMMYFUNCTION("""COMPUTED_VALUE"""),"6285893727203") -> 6285893727203 | L86: =IFERROR(__xludf.DUMMYFUNCTION("""COMPUTED_VALUE"""),0.0) -> 0 | M86: =IFERROR(__xludf.DUMMYFUNCTION("""COMPUTED_VALUE"""),1000000.0) -> 1000000 | N86: =IFERROR(__xludf.DUMMYFUNCTION("""COMPUTED_VALUE"""),0.0) -> 0 | O86: =IFERROR(__xludf.DUMMYFUNCTION("""COMPUTED_VALUE"""),1000000.0) -> 1000000 | S86: =IFERROR(__xludf.DUMMYFUNCTION("""COMPUTED_VALUE"""),"Belum Lunas") -> Belum Lunas
A87: =IF(B87="","",ROW(A87)-1) -> 86 | B87: =IFERROR(__xludf.DUMMYFUNCTION("""COMPUTED_VALUE"""),"FLORETA NAFISHA PUTRI") -> FLORETA NAFISHA PUTRI | C87: =IFERROR(__xludf.DUMMYFUNCTION("""COMPUTED_VALUE"""),2.024070422E9) -> 2024070422 | D87: =IFERROR(__xludf.DUMMYFUNCTION("""COMPUTED_VALUE"""),"C") -> C | E87: =IFERROR(__xludf.DUMMYFUNCTION("""COMPUTED_VALUE"""),"C-7") -> C-7 | F87: =IFERROR(__xludf.DUMMYFUNCTION("""COMPUTED_VALUE"""),3.0) -> 3 | G87: =IFERROR(__xludf.DUMMYFUNCTION("""COMPUTED_VALUE"""),"3 MAK PUTRI") -> 3 MAK PUTRI | H87: =IFERROR(__xludf.DUMMYFUNCTION("""COMPUTED_VALUE"""),"MA-XII.13") -> MA-XII.13 | I87: =IFERROR(__xludf.DUMMYFUNCTION("""COMPUTED_VALUE"""),"PUTRI NINGSIH") -> PUTRI NINGSIH | J87: =IFERROR(__xludf.DUMMYFUNCTION("""COMPUTED_VALUE"""),"JL. MAWAR NO. 047 SIMBATAN RT 001 RW 001 SARIREJO LAMONGAN") -> JL. MAWAR NO. 047 SIMBATAN RT 001 RW 001 SARIREJO LAMONGAN | K87: =IFERROR(__xludf.DUMMYFUNCTION("""COMPUTED_VALUE"""),"6281559946320") -> 6281559946320 | L87: =IFERROR(__xludf.DUMMYFUNCTION("""COMPUTED_VALUE"""),0.0) -> 0 | M87: =IFERROR(__xludf.DUMMYFUNCTION("""COMPUTED_VALUE"""),1000000.0) -> 1000000 | N87: =IFERROR(__xludf.DUMMYFUNCTION("""COMPUTED_VALUE"""),0.0) -> 0 | O87: =IFERROR(__xludf.DUMMYFUNCTION("""COMPUTED_VALUE"""),1000000.0) -> 1000000 | S87: =IFERROR(__xludf.DUMMYFUNCTION("""COMPUTED_VALUE"""),"Belum Lunas") -> Belum Lunas
A88: =IF(B88="","",ROW(A88)-1) -> 87 | B88: =IFERROR(__xludf.DUMMYFUNCTION("""COMPUTED_VALUE"""),"KHANSA ZARINA MISBACH") -> KHANSA ZARINA MISBACH | C88: =IFERROR(__xludf.DUMMYFUNCTION("""COMPUTED_VALUE"""),2.024070585E9) -> 2024070585 | D88: =IFERROR(__xludf.DUMMYFUNCTION("""COMPUTED_VALUE"""),"E") -> E | E88: =IFERROR(__xludf.DUMMYFUNCTION("""COMPUTED_VALUE"""),"E-3") -> E-3 | F88: =IFERROR(__xludf.DUMMYFUNCTION("""COMPUTED_VALUE"""),3.0) -> 3 | G88: =IFERROR(__xludf.DUMMYFUNCTION("""COMPUTED_VALUE"""),"3 ULA A PUTRI") -> 3 ULA A PUTRI | H88: =IFERROR(__xludf.DUMMYFUNCTION("""COMPUTED_VALUE"""),"MTS-9 B") -> MTS-9 B | I88: =IFERROR(__xludf.DUMMYFUNCTION("""COMPUTED_VALUE"""),"MASLIHATIN") -> MASLIHATIN | J88: =IFERROR(__xludf.DUMMYFUNCTION("""COMPUTED_VALUE"""),"BANGERAN RT 003 RW 002 DUKUN GRESIK") -> BANGERAN RT 003 RW 002 DUKUN GRESIK | K88: =IFERROR(__xludf.DUMMYFUNCTION("""COMPUTED_VALUE"""),"6285784480833") -> 6285784480833 | L88: =IFERROR(__xludf.DUMMYFUNCTION("""COMPUTED_VALUE"""),0.0) -> 0 | M88: =IFERROR(__xludf.DUMMYFUNCTION("""COMPUTED_VALUE"""),1000000.0) -> 1000000 | N88: =IFERROR(__xludf.DUMMYFUNCTION("""COMPUTED_VALUE"""),0.0) -> 0 | O88: =IFERROR(__xludf.DUMMYFUNCTION("""COMPUTED_VALUE"""),1000000.0) -> 1000000 | S88: =IFERROR(__xludf.DUMMYFUNCTION("""COMPUTED_VALUE"""),"Belum Lunas") -> Belum Lunas
A89: =IF(B89="","",ROW(A89)-1) -> 88 | B89: =IFERROR(__xludf.DUMMYFUNCTION("""COMPUTED_VALUE"""),"LAILA AININ NAF`AH") -> LAILA AININ NAF`AH | C89: =IFERROR(__xludf.DUMMYFUNCTION("""COMPUTED_VALUE"""),2.024080769E9) -> 2024080769 | D89: =IFERROR(__xludf.DUMMYFUNCTION("""COMPUTED_VALUE"""),"D") -> D | E89: =IFERROR(__xludf.DUMMYFUNCTION("""COMPUTED_VALUE"""),"D-7") -> D-7 | F89: =IFERROR(__xludf.DUMMYFUNCTION("""COMPUTED_VALUE"""),3.0) -> 3 | H89: =IFERROR(__xludf.DUMMYFUNCTION("""COMPUTED_VALUE"""),"MTS-9 B") -> MTS-9 B | I89: =IFERROR(__xludf.DUMMYFUNCTION("""COMPUTED_VALUE"""),"IFATUL AINIYAH") -> IFATUL AINIYAH | J89: =IFERROR(__xludf.DUMMYFUNCTION("""COMPUTED_VALUE"""),"SUNGELEBAK RT 013 RW 004 KARANGGENENG LAMONGAN") -> SUNGELEBAK RT 013 RW 004 KARANGGENENG LAMONGAN | K89: =IFERROR(__xludf.DUMMYFUNCTION("""COMPUTED_VALUE"""),"6289636729723") -> 6289636729723 | L89: =IFERROR(__xludf.DUMMYFUNCTION("""COMPUTED_VALUE"""),0.0) -> 0 | M89: =IFERROR(__xludf.DUMMYFUNCTION("""COMPUTED_VALUE"""),1000000.0) -> 1000000 | N89: =IFERROR(__xludf.DUMMYFUNCTION("""COMPUTED_VALUE"""),0.0) -> 0 | O89: =IFERROR(__xludf.DUMMYFUNCTION("""COMPUTED_VALUE"""),1000000.0) -> 1000000 | S89: =IFERROR(__xludf.DUMMYFUNCTION("""COMPUTED_VALUE"""),"Belum Lunas") -> Belum Lunas
A90: =IF(B90="","",ROW(A90)-1) -> 89 | B90: =IFERROR(__xludf.DUMMYFUNCTION("""COMPUTED_VALUE"""),"M. FAHRY SATRIA KURNIAWAN") -> M. FAHRY SATRIA KURNIAWAN | C90: =IFERROR(__xludf.DUMMYFUNCTION("""COMPUTED_VALUE"""),2.024070477E9) -> 2024070477 | D90: =IFERROR(__xludf.DUMMYFUNCTION("""COMPUTED_VALUE"""),"A") -> A | E90: =IFERROR(__xludf.DUMMYFUNCTION("""COMPUTED_VALUE"""),"A-8") -> A-8 | F90: =IFERROR(__xludf.DUMMYFUNCTION("""COMPUTED_VALUE"""),3.0) -> 3 | G90: =IFERROR(__xludf.DUMMYFUNCTION("""COMPUTED_VALUE"""),"3 ULA A PUTRA") -> 3 ULA A PUTRA | H90: =IFERROR(__xludf.DUMMYFUNCTION("""COMPUTED_VALUE"""),"MTS-9 E") -> MTS-9 E | I90: =IFERROR(__xludf.DUMMYFUNCTION("""COMPUTED_VALUE"""),"IVA WAHYU NINGSIH") -> IVA WAHYU NINGSIH | J90: =IFERROR(__xludf.DUMMYFUNCTION("""COMPUTED_VALUE"""),"SUGIHWARAS RT 002 RW 001 DEKET LAMONGAN") -> SUGIHWARAS RT 002 RW 001 DEKET LAMONGAN | K90: =IFERROR(__xludf.DUMMYFUNCTION("""COMPUTED_VALUE"""),"6282143497363") -> 6282143497363 | L90: =IFERROR(__xludf.DUMMYFUNCTION("""COMPUTED_VALUE"""),0.0) -> 0 | M90: =IFERROR(__xludf.DUMMYFUNCTION("""COMPUTED_VALUE"""),1000000.0) -> 1000000 | N90: =IFERROR(__xludf.DUMMYFUNCTION("""COMPUTED_VALUE"""),0.0) -> 0 | O90: =IFERROR(__xludf.DUMMYFUNCTION("""COMPUTED_VALUE"""),1000000.0) -> 1000000 | S90: =IFERROR(__xludf.DUMMYFUNCTION("""COMPUTED_VALUE"""),"Belum Lunas") -> Belum Lunas
A91: =IF(B91="","",ROW(A91)-1) -> 90 | B91: =IFERROR(__xludf.DUMMYFUNCTION("""COMPUTED_VALUE"""),"MARCELIA CRENATA SHINTA DEWI") -> MARCELIA CRENATA SHINTA DEWI | C91: =IFERROR(__xludf.DUMMYFUNCTION("""COMPUTED_VALUE"""),2.024070426E9) -> 2024070426 | D91: =IFERROR(__xludf.DUMMYFUNCTION("""COMPUTED_VALUE"""),"D") -> D | E91: =IFERROR(__xludf.DUMMYFUNCTION("""COMPUTED_VALUE"""),"D-7") -> D-7 | F91: =IFERROR(__xludf.DUMMYFUNCTION("""COMPUTED_VALUE"""),3.0) -> 3 | G91: =IFERROR(__xludf.DUMMYFUNCTION("""COMPUTED_VALUE"""),"3 MAK PUTRI") -> 3 MAK PUTRI | H91: =IFERROR(__xludf.DUMMYFUNCTION("""COMPUTED_VALUE"""),"MA-XII.13") -> MA-XII.13 | I91: =IFERROR(__xludf.DUMMYFUNCTION("""COMPUTED_VALUE"""),"YULIATI") -> YULIATI | J91: =IFERROR(__xludf.DUMMYFUNCTION("""COMPUTED_VALUE"""),"GEDANGAN RT 004 RW 003 GEDANGAN SIDOARJO") -> GEDANGAN RT 004 RW 003 GEDANGAN SIDOARJO | K91: =IFERROR(__xludf.DUMMYFUNCTION("""COMPUTED_VALUE"""),"6281312701983") -> 6281312701983 | L91: =IFERROR(__xludf.DUMMYFUNCTION("""COMPUTED_VALUE"""),0.0) -> 0 | M91: =IFERROR(__xludf.DUMMYFUNCTION("""COMPUTED_VALUE"""),1000000.0) -> 1000000 | N91: =IFERROR(__xludf.DUMMYFUNCTION("""COMPUTED_VALUE"""),0.0) -> 0 | O91: =IFERROR(__xludf.DUMMYFUNCTION("""COMPUTED_VALUE"""),1000000.0) -> 1000000 | S91: =IFERROR(__xludf.DUMMYFUNCTION("""COMPUTED_VALUE"""),"Belum Lunas") -> Belum Lunas
A92: =IF(B92="","",ROW(A92)-1) -> 91 | B92: =IFERROR(__xludf.DUMMYFUNCTION("""COMPUTED_VALUE"""),"MECCA MIKAILA") -> MECCA MIKAILA | C92: =IFERROR(__xludf.DUMMYFUNCTION("""COMPUTED_VALUE"""),2.024070539E9) -> 2024070539 | D92: =IFERROR(__xludf.DUMMYFUNCTION("""COMPUTED_VALUE"""),"C") -> C | E92: =IFERROR(__xludf.DUMMYFUNCTION("""COMPUTED_VALUE"""),"C-13") -> C-13 | F92: =IFERROR(__xludf.DUMMYFUNCTION("""COMPUTED_VALUE"""),3.0) -> 3 | G92: =IFERROR(__xludf.DUMMYFUNCTION("""COMPUTED_VALUE"""),"3 ULA B PUTRI") -> 3 ULA B PUTRI | H92: =IFERROR(__xludf.DUMMYFUNCTION("""COMPUTED_VALUE"""),"MTS-9 H") -> MTS-9 H | I92: =IFERROR(__xludf.DUMMYFUNCTION("""COMPUTED_VALUE"""),"SUSIAMI KHOIRUL UYUN") -> SUSIAMI KHOIRUL UYUN | J92: =IFERROR(__xludf.DUMMYFUNCTION("""COMPUTED_VALUE"""),"KARANGCANGKRING RT 004 RW 002 DUKUN GRESIK") -> KARANGCANGKRING RT 004 RW 002 DUKUN GRESIK | K92: =IFERROR(__xludf.DUMMYFUNCTION("""COMPUTED_VALUE"""),"6285843253842") -> 6285843253842 | L92: =IFERROR(__xludf.DUMMYFUNCTION("""COMPUTED_VALUE"""),0.0) -> 0 | M92: =IFERROR(__xludf.DUMMYFUNCTION("""COMPUTED_VALUE"""),1000000.0) -> 1000000 | N92: =IFERROR(__xludf.DUMMYFUNCTION("""COMPUTED_VALUE"""),0.0) -> 0 | O92: =IFERROR(__xludf.DUMMYFUNCTION("""COMPUTED_VALUE"""),1000000.0) -> 1000000 | S92: =IFERROR(__xludf.DUMMYFUNCTION("""COMPUTED_VALUE"""),"Belum Lunas") -> Belum Lunas
A93: =IF(B93="","",ROW(A93)-1) -> 92 | B93: =IFERROR(__xludf.DUMMYFUNCTION("""COMPUTED_VALUE"""),"MOHAMAD ARZAQ DWI SAPUTRA") -> MOHAMAD ARZAQ DWI SAPUTRA | C93: =IFERROR(__xludf.DUMMYFUNCTION("""COMPUTED_VALUE"""),2.024070529E9) -> 2024070529 | D93: =IFERROR(__xludf.DUMMYFUNCTION("""COMPUTED_VALUE"""),"A") -> A | E93: =IFERROR(__xludf.DUMMYFUNCTION("""COMPUTED_VALUE"""),"A-8") -> A-8 | F93: =IFERROR(__xludf.DUMMYFUNCTION("""COMPUTED_VALUE"""),3.0) -> 3 | G93: =IFERROR(__xludf.DUMMYFUNCTION("""COMPUTED_VALUE"""),"3 ULA A PUTRA") -> 3 ULA A PUTRA | H93: =IFERROR(__xludf.DUMMYFUNCTION("""COMPUTED_VALUE"""),"MTS-9 D") -> MTS-9 D | I93: =IFERROR(__xludf.DUMMYFUNCTION("""COMPUTED_VALUE"""),"UMMU ZAHROTIN") -> UMMU ZAHROTIN | J93: =IFERROR(__xludf.DUMMYFUNCTION("""COMPUTED_VALUE"""),"TRACAL RT 003 RW 003 KARANGGENENG LAMONGAN") -> TRACAL RT 003 RW 003 KARANGGENENG LAMONGAN | K93: =IFERROR(__xludf.DUMMYFUNCTION("""COMPUTED_VALUE"""),"6287794604684") -> 6287794604684 | L93: =IFERROR(__xludf.DUMMYFUNCTION("""COMPUTED_VALUE"""),0.0) -> 0 | M93: =IFERROR(__xludf.DUMMYFUNCTION("""COMPUTED_VALUE"""),1000000.0) -> 1000000 | N93: =IFERROR(__xludf.DUMMYFUNCTION("""COMPUTED_VALUE"""),0.0) -> 0 | O93: =IFERROR(__xludf.DUMMYFUNCTION("""COMPUTED_VALUE"""),1000000.0) -> 1000000 | S93: =IFERROR(__xludf.DUMMYFUNCTION("""COMPUTED_VALUE"""),"Belum Lunas") -> Belum Lunas
A94: =IF(B94="","",ROW(A94)-1) -> 93 | B94: =IFERROR(__xludf.DUMMYFUNCTION("""COMPUTED_VALUE"""),"MUHAMMAD NASRUL FALAQ") -> MUHAMMAD NASRUL FALAQ | C94: =IFERROR(__xludf.DUMMYFUNCTION("""COMPUTED_VALUE"""),2.024070695E9) -> 2024070695 | D94: =IFERROR(__xludf.DUMMYFUNCTION("""COMPUTED_VALUE"""),"A") -> A | E94: =IFERROR(__xludf.DUMMYFUNCTION("""COMPUTED_VALUE"""),"A-12") -> A-12 | F94: =IFERROR(__xludf.DUMMYFUNCTION("""COMPUTED_VALUE"""),3.0) -> 3 | G94: =IFERROR(__xludf.DUMMYFUNCTION("""COMPUTED_VALUE"""),"3 WUSTHO PUTRA") -> 3 WUSTHO PUTRA | H94: =IFERROR(__xludf.DUMMYFUNCTION("""COMPUTED_VALUE"""),"SMK-XII TKJ 1") -> SMK-XII TKJ 1 | I94: =IFERROR(__xludf.DUMMYFUNCTION("""COMPUTED_VALUE"""),"IFA TRIANA") -> IFA TRIANA | J94: =IFERROR(__xludf.DUMMYFUNCTION("""COMPUTED_VALUE"""),"WONOKERTO RT 017 RW 003 DUKUN GRESIK") -> WONOKERTO RT 017 RW 003 DUKUN GRESIK | K94: =IFERROR(__xludf.DUMMYFUNCTION("""COMPUTED_VALUE"""),"6285602657179") -> 6285602657179 | L94: =IFERROR(__xludf.DUMMYFUNCTION("""COMPUTED_VALUE"""),0.0) -> 0 | M94: =IFERROR(__xludf.DUMMYFUNCTION("""COMPUTED_VALUE"""),1000000.0) -> 1000000 | N94: =IFERROR(__xludf.DUMMYFUNCTION("""COMPUTED_VALUE"""),0.0) -> 0 | O94: =IFERROR(__xludf.DUMMYFUNCTION("""COMPUTED_VALUE"""),1000000.0) -> 1000000 | S94: =IFERROR(__xludf.DUMMYFUNCTION("""COMPUTED_VALUE"""),"Belum Lunas") -> Belum Lunas
A95: =IF(B95="","",ROW(A95)-1) -> 94 | B95: =IFERROR(__xludf.DUMMYFUNCTION("""COMPUTED_VALUE"""),"NAALAT SYAFA`ATUL UDHMA") -> NAALAT SYAFA`ATUL UDHMA | C95: =IFERROR(__xludf.DUMMYFUNCTION("""COMPUTED_VALUE"""),2.024070604E9) -> 2024070604 | D95: =IFERROR(__xludf.DUMMYFUNCTION("""COMPUTED_VALUE"""),"E") -> E | E95: =IFERROR(__xludf.DUMMYFUNCTION("""COMPUTED_VALUE"""),"E-3") -> E-3 | F95: =IFERROR(__xludf.DUMMYFUNCTION("""COMPUTED_VALUE"""),3.0) -> 3 | G95: =IFERROR(__xludf.DUMMYFUNCTION("""COMPUTED_VALUE"""),"3 ULA A PUTRI") -> 3 ULA A PUTRI | H95: =IFERROR(__xludf.DUMMYFUNCTION("""COMPUTED_VALUE"""),"MTS-9 D") -> MTS-9 D | I95: =IFERROR(__xludf.DUMMYFUNCTION("""COMPUTED_VALUE"""),"MAFTUHATUL AFLAHAH") -> MAFTUHATUL AFLAHAH | J95: =IFERROR(__xludf.DUMMYFUNCTION("""COMPUTED_VALUE"""),"BANGERAN RT 006 RW 002 DUKUN GRESIK") -> BANGERAN RT 006 RW 002 DUKUN GRESIK | K95: =IFERROR(__xludf.DUMMYFUNCTION("""COMPUTED_VALUE"""),"6285749469938") -> 6285749469938 | L95: =IFERROR(__xludf.DUMMYFUNCTION("""COMPUTED_VALUE"""),0.0) -> 0 | M95: =IFERROR(__xludf.DUMMYFUNCTION("""COMPUTED_VALUE"""),1000000.0) -> 1000000 | N95: =IFERROR(__xludf.DUMMYFUNCTION("""COMPUTED_VALUE"""),0.0) -> 0 | O95: =IFERROR(__xludf.DUMMYFUNCTION("""COMPUTED_VALUE"""),1000000.0) -> 1000000 | S95: =IFERROR(__xludf.DUMMYFUNCTION("""COMPUTED_VALUE"""),"Belum Lunas") -> Belum Lunas
A96: =IF(B96="","",ROW(A96)-1) -> 95 | B96: =IFERROR(__xludf.DUMMYFUNCTION("""COMPUTED_VALUE"""),"NIRMA LAILATUL AIDA") -> NIRMA LAILATUL AIDA | C96: =IFERROR(__xludf.DUMMYFUNCTION("""COMPUTED_VALUE"""),2.024070541E9) -> 2024070541 | D96: =IFERROR(__xludf.DUMMYFUNCTION("""COMPUTED_VALUE"""),"E") -> E | E96: =IFERROR(__xludf.DUMMYFUNCTION("""COMPUTED_VALUE"""),"E-2") -> E-2 | F96: =IFERROR(__xludf.DUMMYFUNCTION("""COMPUTED_VALUE"""),3.0) -> 3 | G96: =IFERROR(__xludf.DUMMYFUNCTION("""COMPUTED_VALUE"""),"3 ULA A PUTRI") -> 3 ULA A PUTRI | H96: =IFERROR(__xludf.DUMMYFUNCTION("""COMPUTED_VALUE"""),"MTS-9 B") -> MTS-9 B | I96: =IFERROR(__xludf.DUMMYFUNCTION("""COMPUTED_VALUE"""),"SITI RIFATIN") -> SITI RIFATIN | J96: =IFERROR(__xludf.DUMMYFUNCTION("""COMPUTED_VALUE"""),"DAGAN RT 005 RW 001 SOLOKURO LAMONGAN") -> DAGAN RT 005 RW 001 SOLOKURO LAMONGAN | K96: =IFERROR(__xludf.DUMMYFUNCTION("""COMPUTED_VALUE"""),"6285855714013") -> 6285855714013 | L96: =IFERROR(__xludf.DUMMYFUNCTION("""COMPUTED_VALUE"""),0.0) -> 0 | M96: =IFERROR(__xludf.DUMMYFUNCTION("""COMPUTED_VALUE"""),1000000.0) -> 1000000 | N96: =IFERROR(__xludf.DUMMYFUNCTION("""COMPUTED_VALUE"""),0.0) -> 0 | O96: =IFERROR(__xludf.DUMMYFUNCTION("""COMPUTED_VALUE"""),1000000.0) -> 1000000 | S96: =IFERROR(__xludf.DUMMYFUNCTION("""COMPUTED_VALUE"""),"Belum Lunas") -> Belum Lunas
A97: =IF(B97="","",ROW(A97)-1) -> 96 | B97: =IFERROR(__xludf.DUMMYFUNCTION("""COMPUTED_VALUE"""),"NUR LABIBATUS SHOLIHAH") -> NUR LABIBATUS SHOLIHAH | C97: =IFERROR(__xludf.DUMMYFUNCTION("""COMPUTED_VALUE"""),2.024070568E9) -> 2024070568 | D97: =IFERROR(__xludf.DUMMYFUNCTION("""COMPUTED_VALUE"""),"E") -> E | E97: =IFERROR(__xludf.DUMMYFUNCTION("""COMPUTED_VALUE"""),"E-3") -> E-3 | F97: =IFERROR(__xludf.DUMMYFUNCTION("""COMPUTED_VALUE"""),3.0) -> 3 | G97: =IFERROR(__xludf.DUMMYFUNCTION("""COMPUTED_VALUE"""),"3 ULA A PUTRI") -> 3 ULA A PUTRI | H97: =IFERROR(__xludf.DUMMYFUNCTION("""COMPUTED_VALUE"""),"MTS-9 D") -> MTS-9 D | I97: =IFERROR(__xludf.DUMMYFUNCTION("""COMPUTED_VALUE"""),"SITI MAIMANAH") -> SITI MAIMANAH | J97: =IFERROR(__xludf.DUMMYFUNCTION("""COMPUTED_VALUE"""),"TINARO DUKUHAGUNG RT 005 RW 004 TIKUNG LAMONGAN") -> TINARO DUKUHAGUNG RT 005 RW 004 TIKUNG LAMONGAN | K97: =IFERROR(__xludf.DUMMYFUNCTION("""COMPUTED_VALUE"""),"6285853423327") -> 6285853423327 | L97: =IFERROR(__xludf.DUMMYFUNCTION("""COMPUTED_VALUE"""),0.0) -> 0 | M97: =IFERROR(__xludf.DUMMYFUNCTION("""COMPUTED_VALUE"""),1000000.0) -> 1000000 | N97: =IFERROR(__xludf.DUMMYFUNCTION("""COMPUTED_VALUE"""),0.0) -> 0 | O97: =IFERROR(__xludf.DUMMYFUNCTION("""COMPUTED_VALUE"""),1000000.0) -> 1000000 | S97: =IFERROR(__xludf.DUMMYFUNCTION("""COMPUTED_VALUE"""),"Belum Lunas") -> Belum Lunas
A98: =IF(B98="","",ROW(A98)-1) -> 97 | B98: =IFERROR(__xludf.DUMMYFUNCTION("""COMPUTED_VALUE"""),"NURUL IFADATUL HASANAH") -> NURUL IFADATUL HASANAH | C98: =IFERROR(__xludf.DUMMYFUNCTION("""COMPUTED_VALUE"""),2.024070542E9) -> 2024070542 | D98: =IFERROR(__xludf.DUMMYFUNCTION("""COMPUTED_VALUE"""),"E") -> E | E98: =IFERROR(__xludf.DUMMYFUNCTION("""COMPUTED_VALUE"""),"E-3") -> E-3 | F98: =IFERROR(__xludf.DUMMYFUNCTION("""COMPUTED_VALUE"""),3.0) -> 3 | G98: =IFERROR(__xludf.DUMMYFUNCTION("""COMPUTED_VALUE"""),"3 ULA B PUTRI") -> 3 ULA B PUTRI | H98: =IFERROR(__xludf.DUMMYFUNCTION("""COMPUTED_VALUE"""),"MTS-9 B") -> MTS-9 B | I98: =IFERROR(__xludf.DUMMYFUNCTION("""COMPUTED_VALUE"""),"SUTU MUNTASIROH") -> SUTU MUNTASIROH | J98: =IFERROR(__xludf.DUMMYFUNCTION("""COMPUTED_VALUE"""),"DAGAN RT 005 RW 001 SOLOKURO LAMONGAN") -> DAGAN RT 005 RW 001 SOLOKURO LAMONGAN | K98: =IFERROR(__xludf.DUMMYFUNCTION("""COMPUTED_VALUE"""),"6282230412303") -> 6282230412303 | L98: =IFERROR(__xludf.DUMMYFUNCTION("""COMPUTED_VALUE"""),0.0) -> 0 | M98: =IFERROR(__xludf.DUMMYFUNCTION("""COMPUTED_VALUE"""),1000000.0) -> 1000000 | N98: =IFERROR(__xludf.DUMMYFUNCTION("""COMPUTED_VALUE"""),0.0) -> 0 | O98: =IFERROR(__xludf.DUMMYFUNCTION("""COMPUTED_VALUE"""),1000000.0) -> 1000000 | S98: =IFERROR(__xludf.DUMMYFUNCTION("""COMPUTED_VALUE"""),"Belum Lunas") -> Belum Lunas
A99: =IF(B99="","",ROW(A99)-1) -> 98 | B99: =IFERROR(__xludf.DUMMYFUNCTION("""COMPUTED_VALUE"""),"QUEENSHA KHAURA AFIQAH AL AZIFA") -> QUEENSHA KHAURA AFIQAH AL AZIFA | C99: =IFERROR(__xludf.DUMMYFUNCTION("""COMPUTED_VALUE"""),2.024070647E9) -> 2024070647 | D99: =IFERROR(__xludf.DUMMYFUNCTION("""COMPUTED_VALUE"""),"E") -> E | E99: =IFERROR(__xludf.DUMMYFUNCTION("""COMPUTED_VALUE"""),"E-9") -> E-9 | F99: =IFERROR(__xludf.DUMMYFUNCTION("""COMPUTED_VALUE"""),3.0) -> 3 | G99: =IFERROR(__xludf.DUMMYFUNCTION("""COMPUTED_VALUE"""),"3 ULA B PUTRI") -> 3 ULA B PUTRI | H99: =IFERROR(__xludf.DUMMYFUNCTION("""COMPUTED_VALUE"""),"MTS-9 A") -> MTS-9 A | I99: =IFERROR(__xludf.DUMMYFUNCTION("""COMPUTED_VALUE"""),"FARIHATUN NI`MAH") -> FARIHATUN NI`MAH | J99: =IFERROR(__xludf.DUMMYFUNCTION("""COMPUTED_VALUE"""),"JABANG LOR SIDOMULYO RT 002 RW 006 SEMEN KEDIRI") -> JABANG LOR SIDOMULYO RT 002 RW 006 SEMEN KEDIRI | K99: =IFERROR(__xludf.DUMMYFUNCTION("""COMPUTED_VALUE"""),"628573050168") -> 628573050168 | L99: =IFERROR(__xludf.DUMMYFUNCTION("""COMPUTED_VALUE"""),0.0) -> 0 | M99: =IFERROR(__xludf.DUMMYFUNCTION("""COMPUTED_VALUE"""),1000000.0) -> 1000000 | N99: =IFERROR(__xludf.DUMMYFUNCTION("""COMPUTED_VALUE"""),0.0) -> 0 | O99: =IFERROR(__xludf.DUMMYFUNCTION("""COMPUTED_VALUE"""),1000000.0) -> 1000000 | S99: =IFERROR(__xludf.DUMMYFUNCTION("""COMPUTED_VALUE"""),"Belum Lunas") -> Belum Lunas
A100: =IF(B100="","",ROW(A100)-1) -> 99 | B100: =IFERROR(__xludf.DUMMYFUNCTION("""COMPUTED_VALUE"""),"RENY ARYSTA MIERZA") -> RENY ARYSTA MIERZA | C100: =IFERROR(__xludf.DUMMYFUNCTION("""COMPUTED_VALUE"""),2.024070583E9) -> 2024070583 | D100: =IFERROR(__xludf.DUMMYFUNCTION("""COMPUTED_VALUE"""),"E") -> E | E100: =IFERROR(__xludf.DUMMYFUNCTION("""COMPUTED_VALUE"""),"E-9") -> E-9 | F100: =IFERROR(__xludf.DUMMYFUNCTION("""COMPUTED_VALUE"""),3.0) -> 3 | G100: =IFERROR(__xludf.DUMMYFUNCTION("""COMPUTED_VALUE"""),"3 ULA B PUTRI") -> 3 ULA B PUTRI | H100: =IFERROR(__xludf.DUMMYFUNCTION("""COMPUTED_VALUE"""),"MTS-9 A") -> MTS-9 A | I100: =IFERROR(__xludf.DUMMYFUNCTION("""COMPUTED_VALUE"""),"MARDLUYATUS SHOIFAH") -> MARDLUYATUS SHOIFAH | J100: =IFERROR(__xludf.DUMMYFUNCTION("""COMPUTED_VALUE"""),"BANGERAN GENENG RT 005 RW 003 DUKUN GRESIK") -> BANGERAN GENENG RT 005 RW 003 DUKUN GRESIK | K100: =IFERROR(__xludf.DUMMYFUNCTION("""COMPUTED_VALUE"""),"6285655316635") -> 6285655316635 | L100: =IFERROR(__xludf.DUMMYFUNCTION("""COMPUTED_VALUE"""),0.0) -> 0 | M100: =IFERROR(__xludf.DUMMYFUNCTION("""COMPUTED_VALUE"""),1000000.0) -> 1000000 | N100: =IFERROR(__xludf.DUMMYFUNCTION("""COMPUTED_VALUE"""),0.0) -> 0 | O100: =IFERROR(__xludf.DUMMYFUNCTION("""COMPUTED_VALUE"""),1000000.0) -> 1000000 | S100: =IFERROR(__xludf.DUMMYFUNCTION("""COMPUTED_VALUE"""),"Belum Lunas") -> Belum Lunas
...

Sheet textvalue
A1: NO | B1: NAMA | C1: NIS | D1: ASRAMA | E1: KAMAR | F1: TINGKAT | G1: MADRASIAH | H1: HP | I1: JUMLAH SYAHRIYAH | J1: JUMLAH JARIYAH | K1: JUMLAH DAFTAR ULANG | L1: JUMLAH TOTAL TUNGGAKAN | M1: Syahriyah | N1: Jariyah | O1: Daftar Ulang | P1: Total | Q1: Rincian & Total
A2: =IF(B2="","",ROW(A2)-1) -> 1 | B2: =IFERROR(__xludf.DUMMYFUNCTION("SORT(QUERY(Sheet1!B2:W750,""Select Col1,Col2,Col3,Col4,Col5,Col6,Col10,Col11,Col12,Col13,Col14 Where Col3 IS NOT NULL "",""""),11,2)"),"DWI MAULIDIYAH") -> DWI MAULIDIYAH | C2: =IFERROR(__xludf.DUMMYFUNCTION("""COMPUTED_VALUE"""),2.024070596E9) -> 2024070596 | D2: =IFERROR(__xludf.DUMMYFUNCTION("""COMPUTED_VALUE"""),"E") -> E | E2: =IFERROR(__xludf.DUMMYFUNCTION("""COMPUTED_VALUE"""),"E-9") -> E-9 | F2: =IFERROR(__xludf.DUMMYFUNCTION("""COMPUTED_VALUE"""),3.0) -> 3 | G2: =IFERROR(__xludf.DUMMYFUNCTION("""COMPUTED_VALUE"""),"3 ULA B PUTRI") -> 3 ULA B PUTRI | H2: =IFERROR(__xludf.DUMMYFUNCTION("""COMPUTED_VALUE"""),"6285853420436") -> 6285853420436 | I2: =IFERROR(__xludf.DUMMYFUNCTION("""COMPUTED_VALUE"""),270000.0) -> 270000 | J2: =IFERROR(__xludf.DUMMYFUNCTION("""COMPUTED_VALUE"""),0.0) -> 0 | K2: =IFERROR(__xludf.DUMMYFUNCTION("""COMPUTED_VALUE"""),0.0) -> 0 | L2: =IFERROR(__xludf.DUMMYFUNCTION("""COMPUTED_VALUE"""),270000.0) -> 270000 | M2: =text(I2,"Rp #,##0") -> Rp 270.000 | N2: =text(J2,"Rp #,##0") -> Rp 0 | O2: =text(K2,"Rp #,##0") -> Rp 0 | P2: =text(L2,"Rp #,##0") -> Rp 270.000 | Q2: =$M$1&" = "&M2&" "&$N$1&" = "&N2&" "&$O$1&" = "&O2&" "&$P$1&" = "&P2&" ______________________"&R2&" ID : "&C2 -> Syahriyah = Rp 270.000 Jariyah = Rp 0 Daftar Ulang = Rp 0 Total = Rp 270.000 ______________________ ID : 2024070596
A3: =IF(B3="","",ROW(A3)-1) -> 2 | B3: =IFERROR(__xludf.DUMMYFUNCTION("""COMPUTED_VALUE"""),"M. FAHMI ALFIYAN NURIL HAQ") -> M. FAHMI ALFIYAN NURIL HAQ | C3: =IFERROR(__xludf.DUMMYFUNCTION("""COMPUTED_VALUE"""),2.024070718E9) -> 2024070718 | D3: =IFERROR(__xludf.DUMMYFUNCTION("""COMPUTED_VALUE"""),"A") -> A | E3: =IFERROR(__xludf.DUMMYFUNCTION("""COMPUTED_VALUE"""),"A-13") -> A-13 | F3: =IFERROR(__xludf.DUMMYFUNCTION("""COMPUTED_VALUE"""),3.0) -> 3 | H3: =IFERROR(__xludf.DUMMYFUNCTION("""COMPUTED_VALUE"""),"6289677807375") -> 6289677807375 | I3: =IFERROR(__xludf.DUMMYFUNCTION("""COMPUTED_VALUE"""),410000.0) -> 410000 | J3: =IFERROR(__xludf.DUMMYFUNCTION("""COMPUTED_VALUE"""),0.0) -> 0 | K3: =IFERROR(__xludf.DUMMYFUNCTION("""COMPUTED_VALUE"""),0.0) -> 0 | L3: =IFERROR(__xludf.DUMMYFUNCTION("""COMPUTED_VALUE"""),410000.0) -> 410000 | M3: =text(I3,"Rp #,##0") -> Rp 410.000 | N3: =text(J3,"Rp #,##0") -> Rp 0 | O3: =text(K3,"Rp #,##0") -> Rp 0 | P3: =text(L3,"Rp #,##0") -> Rp 410.000 | Q3: =$M$1&" = "&M3&" "&$N$1&" = "&N3&" "&$O$1&" = "&O3&" "&$P$1&" = "&P3&" ______________________"&R3&" ID : "&C3 -> Syahriyah = Rp 410.000 Jariyah = Rp 0 Daftar Ulang = Rp 0 Total = Rp 410.000 ______________________ ID : 2024070718
A4: =IF(B4="","",ROW(A4)-1) -> 3 | B4: =IFERROR(__xludf.DUMMYFUNCTION("""COMPUTED_VALUE"""),"MIRZA ATHA HIBATULLAH") -> MIRZA ATHA HIBATULLAH | C4: =IFERROR(__xludf.DUMMYFUNCTION("""COMPUTED_VALUE"""),2.0240706E9) -> 2024070600 | D4: =IFERROR(__xludf.DUMMYFUNCTION("""COMPUTED_VALUE"""),"A") -> A | E4: =IFERROR(__xludf.DUMMYFUNCTION("""COMPUTED_VALUE"""),"A-13") -> A-13 | F4: =IFERROR(__xludf.DUMMYFUNCTION("""COMPUTED_VALUE"""),3.0) -> 3 | H4: =IFERROR(__xludf.DUMMYFUNCTION("""COMPUTED_VALUE"""),"6285731205500") -> 6285731205500 | I4: =IFERROR(__xludf.DUMMYFUNCTION("""COMPUTED_VALUE"""),410000.0) -> 410000 | J4: =IFERROR(__xludf.DUMMYFUNCTION("""COMPUTED_VALUE"""),0.0) -> 0 | K4: =IFERROR(__xludf.DUMMYFUNCTION("""COMPUTED_VALUE"""),0.0) -> 0 | L4: =IFERROR(__xludf.DUMMYFUNCTION("""COMPUTED_VALUE"""),410000.0) -> 410000 | M4: =text(I4,"Rp #,##0") -> Rp 410.000 | N4: =text(J4,"Rp #,##0") -> Rp 0 | O4: =text(K4,"Rp #,##0") -> Rp 0 | P4: =text(L4,"Rp #,##0") -> Rp 410.000 | Q4: =$M$1&" = "&M4&" "&$N$1&" = "&N4&" "&$O$1&" = "&O4&" "&$P$1&" = "&P4&" ______________________"&R4&" ID : "&C4 -> Syahriyah = Rp 410.000 Jariyah = Rp 0 Daftar Ulang = Rp 0 Total = Rp 410.000 ______________________ ID : 2024070600
A5: =IF(B5="","",ROW(A5)-1) -> 4 | B5: =IFERROR(__xludf.DUMMYFUNCTION("""COMPUTED_VALUE"""),"ABIDAH OKTA SALSABILA") -> ABIDAH OKTA SALSABILA | C5: =IFERROR(__xludf.DUMMYFUNCTION("""COMPUTED_VALUE"""),2.024070146E9) -> 2024070146 | D5: =IFERROR(__xludf.DUMMYFUNCTION("""COMPUTED_VALUE"""),"C") -> C | E5: =IFERROR(__xludf.DUMMYFUNCTION("""COMPUTED_VALUE"""),"C-9") -> C-9 | F5: =IFERROR(__xludf.DUMMYFUNCTION("""COMPUTED_VALUE"""),3.0) -> 3 | G5: =IFERROR(__xludf.DUMMYFUNCTION("""COMPUTED_VALUE"""),"3 WUSTHO B PUTRI") -> 3 WUSTHO B PUTRI | H5: =IFERROR(__xludf.DUMMYFUNCTION("""COMPUTED_VALUE"""),"6285649525237") -> 6285649525237 | I5: =IFERROR(__xludf.DUMMYFUNCTION("""COMPUTED_VALUE"""),450000.0) -> 450000 | J5: =IFERROR(__xludf.DUMMYFUNCTION("""COMPUTED_VALUE"""),0.0) -> 0 | K5: =IFERROR(__xludf.DUMMYFUNCTION("""COMPUTED_VALUE"""),0.0) -> 0 | L5: =IFERROR(__xludf.DUMMYFUNCTION("""COMPUTED_VALUE"""),450000.0) -> 450000 | M5: =text(I5,"Rp #,##0") -> Rp 450.000 | N5: =text(J5,"Rp #,##0") -> Rp 0 | O5: =text(K5,"Rp #,##0") -> Rp 0 | P5: =text(L5,"Rp #,##0") -> Rp 450.000 | Q5: =$M$1&" = "&M5&" "&$N$1&" = "&N5&" "&$O$1&" = "&O5&" "&$P$1&" = "&P5&" ______________________"&R5&" ID : "&C5 -> Syahriyah = Rp 450.000 Jariyah = Rp 0 Daftar Ulang = Rp 0 Total = Rp 450.000 ______________________ ID : 2024070146
A6: =IF(B6="","",ROW(A6)-1) -> 5 | B6: =IFERROR(__xludf.DUMMYFUNCTION("""COMPUTED_VALUE"""),"AHMAD SUSETO ANGGA SUKMA") -> AHMAD SUSETO ANGGA SUKMA | C6: =IFERROR(__xludf.DUMMYFUNCTION("""COMPUTED_VALUE"""),2.024070601E9) -> 2024070601 | D6: =IFERROR(__xludf.DUMMYFUNCTION("""COMPUTED_VALUE"""),"A") -> A | E6: =IFERROR(__xludf.DUMMYFUNCTION("""COMPUTED_VALUE"""),"A-7") -> A-7 | F6: =IFERROR(__xludf.DUMMYFUNCTION("""COMPUTED_VALUE"""),3.0) -> 3 | G6: =IFERROR(__xludf.DUMMYFUNCTION("""COMPUTED_VALUE"""),"3 ULA B PUTRA") -> 3 ULA B PUTRA | H6: =IFERROR(__xludf.DUMMYFUNCTION("""COMPUTED_VALUE"""),"6281330117049") -> 6281330117049 | I6: =IFERROR(__xludf.DUMMYFUNCTION("""COMPUTED_VALUE"""),450000.0) -> 450000 | J6: =IFERROR(__xludf.DUMMYFUNCTION("""COMPUTED_VALUE"""),0.0) -> 0 | K6: =IFERROR(__xludf.DUMMYFUNCTION("""COMPUTED_VALUE"""),0.0) -> 0 | L6: =IFERROR(__xludf.DUMMYFUNCTION("""COMPUTED_VALUE"""),450000.0) -> 450000 | M6: =text(I6,"Rp #,##0") -> Rp 450.000 | N6: =text(J6,"Rp #,##0") -> Rp 0 | O6: =text(K6,"Rp #,##0") -> Rp 0 | P6: =text(L6,"Rp #,##0") -> Rp 450.000 | Q6: =$M$1&" = "&M6&" "&$N$1&" = "&N6&" "&$O$1&" = "&O6&" "&$P$1&" = "&P6&" ______________________"&R6&" ID : "&C6 -> Syahriyah = Rp 450.000 Jariyah = Rp 0 Daftar Ulang = Rp 0 Total = Rp 450.000 ______________________ ID : 2024070601
A7: =IF(B7="","",ROW(A7)-1) -> 6 | B7: =IFERROR(__xludf.DUMMYFUNCTION("""COMPUTED_VALUE"""),"ALFA FALAJ SALSABILA") -> ALFA FALAJ SALSABILA | C7: =IFERROR(__xludf.DUMMYFUNCTION("""COMPUTED_VALUE"""),2.024070611E9) -> 2024070611 | D7: =IFERROR(__xludf.DUMMYFUNCTION("""COMPUTED_VALUE"""),"C") -> C | E7: =IFERROR(__xludf.DUMMYFUNCTION("""COMPUTED_VALUE"""),"C-3") -> C-3 | F7: =IFERROR(__xludf.DUMMYFUNCTION("""COMPUTED_VALUE"""),3.0) -> 3 | G7: =IFERROR(__xludf.DUMMYFUNCTION("""COMPUTED_VALUE"""),"3 ULA C PUTRI") -> 3 ULA C PUTRI | H7: =IFERROR(__xludf.DUMMYFUNCTION("""COMPUTED_VALUE"""),"6285859539394") -> 6285859539394 | I7: =IFERROR(__xludf.DUMMYFUNCTION("""COMPUTED_VALUE"""),450000.0) -> 450000 | J7: =IFERROR(__xludf.DUMMYFUNCTION("""COMPUTED_VALUE"""),0.0) -> 0 | K7: =IFERROR(__xludf.DUMMYFUNCTION("""COMPUTED_VALUE"""),0.0) -> 0 | L7: =IFERROR(__xludf.DUMMYFUNCTION("""COMPUTED_VALUE"""),450000.0) -> 450000 | M7: =text(I7,"Rp #,##0") -> Rp 450.000 | N7: =text(J7,"Rp #,##0") -> Rp 0 | O7: =text(K7,"Rp #,##0") -> Rp 0 | P7: =text(L7,"Rp #,##0") -> Rp 450.000 | Q7: =$M$1&" = "&M7&" "&$N$1&" = "&N7&" "&$O$1&" = "&O7&" "&$P$1&" = "&P7&" ______________________"&R7&" ID : "&C7 -> Syahriyah = Rp 450.000 Jariyah = Rp 0 Daftar Ulang = Rp 0 Total = Rp 450.000 ______________________ ID : 2024070611
A8: =IF(B8="","",ROW(A8)-1) -> 7 | B8: =IFERROR(__xludf.DUMMYFUNCTION("""COMPUTED_VALUE"""),"AZZA IBNU ARJUN") -> AZZA IBNU ARJUN | C8: =IFERROR(__xludf.DUMMYFUNCTION("""COMPUTED_VALUE"""),2.024090771E9) -> 2024090771 | D8: =IFERROR(__xludf.DUMMYFUNCTION("""COMPUTED_VALUE"""),"A") -> A | E8: =IFERROR(__xludf.DUMMYFUNCTION("""COMPUTED_VALUE"""),"A-8") -> A-8 | F8: =IFERROR(__xludf.DUMMYFUNCTION("""COMPUTED_VALUE"""),3.0) -> 3 | G8: =IFERROR(__xludf.DUMMYFUNCTION("""COMPUTED_VALUE"""),"3 ULA A PUTRA") -> 3 ULA A PUTRA | H8: =IFERROR(__xludf.DUMMYFUNCTION("""COMPUTED_VALUE"""),"6282234721856") -> 6282234721856 | I8: =IFERROR(__xludf.DUMMYFUNCTION("""COMPUTED_VALUE"""),450000.0) -> 450000 | J8: =IFERROR(__xludf.DUMMYFUNCTION("""COMPUTED_VALUE"""),0.0) -> 0 | K8: =IFERROR(__xludf.DUMMYFUNCTION("""COMPUTED_VALUE"""),0.0) -> 0 | L8: =IFERROR(__xludf.DUMMYFUNCTION("""COMPUTED_VALUE"""),450000.0) -> 450000 | M8: =text(I8,"Rp #,##0") -> Rp 450.000 | N8: =text(J8,"Rp #,##0") -> Rp 0 | O8: =text(K8,"Rp #,##0") -> Rp 0 | P8: =text(L8,"Rp #,##0") -> Rp 450.000 | Q8: =$M$1&" = "&M8&" "&$N$1&" = "&N8&" "&$O$1&" = "&O8&" "&$P$1&" = "&P8&" ______________________"&R8&" ID : "&C8 -> Syahriyah = Rp 450.000 Jariyah = Rp 0 Daftar Ulang = Rp 0 Total = Rp 450.000 ______________________ ID : 2024090771
A9: =IF(B9="","",ROW(A9)-1) -> 8 | B9: =IFERROR(__xludf.DUMMYFUNCTION("""COMPUTED_VALUE"""),"BINTANG FARSYA HUSBANA") -> BINTANG FARSYA HUSBANA | C9: =IFERROR(__xludf.DUMMYFUNCTION("""COMPUTED_VALUE"""),2.024070646E9) -> 2024070646 | D9: =IFERROR(__xludf.DUMMYFUNCTION("""COMPUTED_VALUE"""),"A") -> A | E9: =IFERROR(__xludf.DUMMYFUNCTION("""COMPUTED_VALUE"""),"A-7") -> A-7 | F9: =IFERROR(__xludf.DUMMYFUNCTION("""COMPUTED_VALUE"""),3.0) -> 3 | G9: =IFERROR(__xludf.DUMMYFUNCTION("""COMPUTED_VALUE"""),"3 ULA A PUTRA") -> 3 ULA A PUTRA | H9: =IFERROR(__xludf.DUMMYFUNCTION("""COMPUTED_VALUE"""),"6285851833747") -> 6285851833747 | I9: =IFERROR(__xludf.DUMMYFUNCTION("""COMPUTED_VALUE"""),450000.0) -> 450000 | J9: =IFERROR(__xludf.DUMMYFUNCTION("""COMPUTED_VALUE"""),0.0) -> 0 | K9: =IFERROR(__xludf.DUMMYFUNCTION("""COMPUTED_VALUE"""),0.0) -> 0 | L9: =IFERROR(__xludf.DUMMYFUNCTION("""COMPUTED_VALUE"""),450000.0) -> 450000 | M9: =text(I9,"Rp #,##0") -> Rp 450.000 | N9: =text(J9,"Rp #,##0") -> Rp 0 | O9: =text(K9,"Rp #,##0") -> Rp 0 | P9: =text(L9,"Rp #,##0") -> Rp 450.000 | Q9: =$M$1&" = "&M9&" "&$N$1&" = "&N9&" "&$O$1&" = "&O9&" "&$P$1&" = "&P9&" ______________________"&R9&" ID : "&C9 -> Syahriyah = Rp 450.000 Jariyah = Rp 0 Daftar Ulang = Rp 0 Total = Rp 450.000 ______________________ ID : 2024070646
A10: =IF(B10="","",ROW(A10)-1) -> 9 | B10: =IFERROR(__xludf.DUMMYFUNCTION("""COMPUTED_VALUE"""),"DILLA AGUSTIAWATI PUTRI") -> DILLA AGUSTIAWATI PUTRI | C10: =IFERROR(__xludf.DUMMYFUNCTION("""COMPUTED_VALUE"""),2.024070532E9) -> 2024070532 | D10: =IFERROR(__xludf.DUMMYFUNCTION("""COMPUTED_VALUE"""),"C") -> C | E10: =IFERROR(__xludf.DUMMYFUNCTION("""COMPUTED_VALUE"""),"C-13") -> C-13 | F10: =IFERROR(__xludf.DUMMYFUNCTION("""COMPUTED_VALUE"""),3.0) -> 3 | G10: =IFERROR(__xludf.DUMMYFUNCTION("""COMPUTED_VALUE"""),"3 ULA C PUTRI") -> 3 ULA C PUTRI | H10: =IFERROR(__xludf.DUMMYFUNCTION("""COMPUTED_VALUE"""),"6285808407652") -> 6285808407652 | I10: =IFERROR(__xludf.DUMMYFUNCTION("""COMPUTED_VALUE"""),450000.0) -> 450000 | J10: =IFERROR(__xludf.DUMMYFUNCTION("""COMPUTED_VALUE"""),0.0) -> 0 | K10: =IFERROR(__xludf.DUMMYFUNCTION("""COMPUTED_VALUE"""),0.0) -> 0 | L10: =IFERROR(__xludf.DUMMYFUNCTION("""COMPUTED_VALUE"""),450000.0) -> 450000 | M10: =text(I10,"Rp #,##0") -> Rp 450.000 | N10: =text(J10,"Rp #,##0") -> Rp 0 | O10: =text(K10,"Rp #,##0") -> Rp 0 | P10: =text(L10,"Rp #,##0") -> Rp 450.000 | Q10: =$M$1&" = "&M10&" "&$N$1&" = "&N10&" "&$O$1&" = "&O10&" "&$P$1&" = "&P10&" ______________________"&R10&" ID : "&C10 -> Syahriyah = Rp 450.000 Jariyah = Rp 0 Daftar Ulang = Rp 0 Total = Rp 450.000 ______________________ ID : 2024070532
A11: =IF(B11="","",ROW(A11)-1) -> 10 | B11: =IFERROR(__xludf.DUMMYFUNCTION("""COMPUTED_VALUE"""),"FATMA NAJWA ZAHIRA") -> FATMA NAJWA ZAHIRA | C11: =IFERROR(__xludf.DUMMYFUNCTION("""COMPUTED_VALUE"""),2.024070497E9) -> 2024070497 | D11: =IFERROR(__xludf.DUMMYFUNCTION("""COMPUTED_VALUE"""),"C") -> C | E11: =IFERROR(__xludf.DUMMYFUNCTION("""COMPUTED_VALUE"""),"C-12") -> C-12 | F11: =IFERROR(__xludf.DUMMYFUNCTION("""COMPUTED_VALUE"""),3.0) -> 3 | G11: =IFERROR(__xludf.DUMMYFUNCTION("""COMPUTED_VALUE"""),"3 ULA B PUTRI") -> 3 ULA B PUTRI | H11: =IFERROR(__xludf.DUMMYFUNCTION("""COMPUTED_VALUE"""),"6282337956113") -> 6282337956113 | I11: =IFERROR(__xludf.DUMMYFUNCTION("""COMPUTED_VALUE"""),450000.0) -> 450000 | J11: =IFERROR(__xludf.DUMMYFUNCTION("""COMPUTED_VALUE"""),0.0) -> 0 | K11: =IFERROR(__xludf.DUMMYFUNCTION("""COMPUTED_VALUE"""),0.0) -> 0 | L11: =IFERROR(__xludf.DUMMYFUNCTION("""COMPUTED_VALUE"""),450000.0) -> 450000 | M11: =text(I11,"Rp #,##0") -> Rp 450.000 | N11: =text(J11,"Rp #,##0") -> Rp 0 | O11: =text(K11,"Rp #,##0") -> Rp 0 | P11: =text(L11,"Rp #,##0") -> Rp 450.000 | Q11: =$M$1&" = "&M11&" "&$N$1&" = "&N11&" "&$O$1&" = "&O11&" "&$P$1&" = "&P11&" ______________________"&R11&" ID : "&C11 -> Syahriyah = Rp 450.000 Jariyah = Rp 0 Daftar Ulang = Rp 0 Total = Rp 450.000 ______________________ ID : 2024070497
A12: =IF(B12="","",ROW(A12)-1) -> 11 | B12: =IFERROR(__xludf.DUMMYFUNCTION("""COMPUTED_VALUE"""),"LABIB AZAM") -> LABIB AZAM | C12: =IFERROR(__xludf.DUMMYFUNCTION("""COMPUTED_VALUE"""),2.024070756E9) -> 2024070756 | D12: =IFERROR(__xludf.DUMMYFUNCTION("""COMPUTED_VALUE"""),"A") -> A | E12: =IFERROR(__xludf.DUMMYFUNCTION("""COMPUTED_VALUE"""),"A-7") -> A-7 | F12: =IFERROR(__xludf.DUMMYFUNCTION("""COMPUTED_VALUE"""),3.0) -> 3 | G12: =IFERROR(__xludf.DUMMYFUNCTION("""COMPUTED_VALUE"""),"3 ULA A PUTRA") -> 3 ULA A PUTRA | H12: =IFERROR(__xludf.DUMMYFUNCTION("""COMPUTED_VALUE"""),"6282333086607") -> 6282333086607 | I12: =IFERROR(__xludf.DUMMYFUNCTION("""COMPUTED_VALUE"""),450000.0) -> 450000 | J12: =IFERROR(__xludf.DUMMYFUNCTION("""COMPUTED_VALUE"""),0.0) -> 0 | K12: =IFERROR(__xludf.DUMMYFUNCTION("""COMPUTED_VALUE"""),0.0) -> 0 | L12: =IFERROR(__xludf.DUMMYFUNCTION("""COMPUTED_VALUE"""),450000.0) -> 450000 | M12: =text(I12,"Rp #,##0") -> Rp 450.000 | N12: =text(J12,"Rp #,##0") -> Rp 0 | O12: =text(K12,"Rp #,##0") -> Rp 0 | P12: =text(L12,"Rp #,##0") -> Rp 450.000 | Q12: =$M$1&" = "&M12&" "&$N$1&" = "&N12&" "&$O$1&" = "&O12&" "&$P$1&" = "&P12&" ______________________"&R12&" ID : "&C12 -> Syahriyah = Rp 450.000 Jariyah = Rp 0 Daftar Ulang = Rp 0 Total = Rp 450.000 ______________________ ID : 2024070756
A13: =IF(B13="","",ROW(A13)-1) -> 12 | B13: =IFERROR(__xludf.DUMMYFUNCTION("""COMPUTED_VALUE"""),"M. SATRIA PUTRA AMILINA") -> M. SATRIA PUTRA AMILINA | C13: =IFERROR(__xludf.DUMMYFUNCTION("""COMPUTED_VALUE"""),2.024070092E9) -> 2024070092 | D13: =IFERROR(__xludf.DUMMYFUNCTION("""COMPUTED_VALUE"""),"A") -> A | E13: =IFERROR(__xludf.DUMMYFUNCTION("""COMPUTED_VALUE"""),"A-10") -> A-10 | F13: =IFERROR(__xludf.DUMMYFUNCTION("""COMPUTED_VALUE"""),3.0) -> 3 | G13: =IFERROR(__xludf.DUMMYFUNCTION("""COMPUTED_VALUE"""),"3 WUSTHO PUTRA") -> 3 WUSTHO PUTRA | H13: =IFERROR(__xludf.DUMMYFUNCTION("""COMPUTED_VALUE"""),"628568406710") -> 628568406710 | I13: =IFERROR(__xludf.DUMMYFUNCTION("""COMPUTED_VALUE"""),450000.0) -> 450000 | J13: =IFERROR(__xludf.DUMMYFUNCTION("""COMPUTED_VALUE"""),0.0) -> 0 | K13: =IFERROR(__xludf.DUMMYFUNCTION("""COMPUTED_VALUE"""),0.0) -> 0 | L13: =IFERROR(__xludf.DUMMYFUNCTION("""COMPUTED_VALUE"""),450000.0) -> 450000 | M13: =text(I13,"Rp #,##0") -> Rp 450.000 | N13: =text(J13,"Rp #,##0") -> Rp 0 | O13: =text(K13,"Rp #,##0") -> Rp 0 | P13: =text(L13,"Rp #,##0") -> Rp 450.000 | Q13: =$M$1&" = "&M13&" "&$N$1&" = "&N13&" "&$O$1&" = "&O13&" "&$P$1&" = "&P13&" ______________________"&R13&" ID : "&C13 -> Syahriyah = Rp 450.000 Jariyah = Rp 0 Daftar Ulang = Rp 0 Total = Rp 450.000 ______________________ ID : 2024070092
A14: =IF(B14="","",ROW(A14)-1) -> 13 | B14: =IFERROR(__xludf.DUMMYFUNCTION("""COMPUTED_VALUE"""),"MAHATMA SATYA GRAHA") -> MAHATMA SATYA GRAHA | C14: =IFERROR(__xludf.DUMMYFUNCTION("""COMPUTED_VALUE"""),2.024070407E9) -> 2024070407 | D14: =IFERROR(__xludf.DUMMYFUNCTION("""COMPUTED_VALUE"""),"A") -> A | E14: =IFERROR(__xludf.DUMMYFUNCTION("""COMPUTED_VALUE"""),"A-10") -> A-10 | F14: =IFERROR(__xludf.DUMMYFUNCTION("""COMPUTED_VALUE"""),3.0) -> 3 | G14: =IFERROR(__xludf.DUMMYFUNCTION("""COMPUTED_VALUE"""),"3 WUSTHO PUTRA") -> 3 WUSTHO PUTRA | H14: =IFERROR(__xludf.DUMMYFUNCTION("""COMPUTED_VALUE"""),"628557692330") -> 628557692330 | I14: =IFERROR(__xludf.DUMMYFUNCTION("""COMPUTED_VALUE"""),450000.0) -> 450000 | J14: =IFERROR(__xludf.DUMMYFUNCTION("""COMPUTED_VALUE"""),0.0) -> 0 | K14: =IFERROR(__xludf.DUMMYFUNCTION("""COMPUTED_VALUE"""),0.0) -> 0 | L14: =IFERROR(__xludf.DUMMYFUNCTION("""COMPUTED_VALUE"""),450000.0) -> 450000 | M14: =text(I14,"Rp #,##0") -> Rp 450.000 | N14: =text(J14,"Rp #,##0") -> Rp 0 | O14: =text(K14,"Rp #,##0") -> Rp 0 | P14: =text(L14,"Rp #,##0") -> Rp 450.000 | Q14: =$M$1&" = "&M14&" "&$N$1&" = "&N14&" "&$O$1&" = "&O14&" "&$P$1&" = "&P14&" ______________________"&R14&" ID : "&C14 -> Syahriyah = Rp 450.000 Jariyah = Rp 0 Daftar Ulang = Rp 0 Total = Rp 450.000 ______________________ ID : 2024070407
A15: =IF(B15="","",ROW(A15)-1) -> 14 | B15: =IFERROR(__xludf.DUMMYFUNCTION("""COMPUTED_VALUE"""),"MOCHAMMAD NEIZTAHUL HUDA") -> MOCHAMMAD NEIZTAHUL HUDA | C15: =IFERROR(__xludf.DUMMYFUNCTION("""COMPUTED_VALUE"""),2.024070626E9) -> 2024070626 | D15: =IFERROR(__xludf.DUMMYFUNCTION("""COMPUTED_VALUE"""),"A") -> A | E15: =IFERROR(__xludf.DUMMYFUNCTION("""COMPUTED_VALUE"""),"A-8") -> A-8 | F15: =IFERROR(__xludf.DUMMYFUNCTION("""COMPUTED_VALUE"""),3.0) -> 3 | G15: =IFERROR(__xludf.DUMMYFUNCTION("""COMPUTED_VALUE"""),"3 ULA B PUTRA") -> 3 ULA B PUTRA | H15: =IFERROR(__xludf.DUMMYFUNCTION("""COMPUTED_VALUE"""),"6282237520701") -> 6282237520701 | I15: =IFERROR(__xludf.DUMMYFUNCTION("""COMPUTED_VALUE"""),450000.0) -> 450000 | J15: =IFERROR(__xludf.DUMMYFUNCTION("""COMPUTED_VALUE"""),0.0) -> 0 | K15: =IFERROR(__xludf.DUMMYFUNCTION("""COMPUTED_VALUE"""),0.0) -> 0 | L15: =IFERROR(__xludf.DUMMYFUNCTION("""COMPUTED_VALUE"""),450000.0) -> 450000 | M15: =text(I15,"Rp #,##0") -> Rp 450.000 | N15: =text(J15,"Rp #,##0") -> Rp 0 | O15: =text(K15,"Rp #,##0") -> Rp 0 | P15: =text(L15,"Rp #,##0") -> Rp 450.000 | Q15: =$M$1&" = "&M15&" "&$N$1&" = "&N15&" "&$O$1&" = "&O15&" "&$P$1&" = "&P15&" ______________________"&R15&" ID : "&C15 -> Syahriyah = Rp 450.000 Jariyah = Rp 0 Daftar Ulang = Rp 0 Total = Rp 450.000 ______________________ ID : 2024070626
A16: =IF(B16="","",ROW(A16)-1) -> 15 | B16: =IFERROR(__xludf.DUMMYFUNCTION("""COMPUTED_VALUE"""),"MUHAMMAD ALAM FIRMANSYAH") -> MUHAMMAD ALAM FIRMANSYAH | C16: =IFERROR(__xludf.DUMMYFUNCTION("""COMPUTED_VALUE"""),2.024070506E9) -> 2024070506 | D16: =IFERROR(__xludf.DUMMYFUNCTION("""COMPUTED_VALUE"""),"A") -> A | E16: =IFERROR(__xludf.DUMMYFUNCTION("""COMPUTED_VALUE"""),"A-8") -> A-8 | F16: =IFERROR(__xludf.DUMMYFUNCTION("""COMPUTED_VALUE"""),3.0) -> 3 | G16: =IFERROR(__xludf.DUMMYFUNCTION("""COMPUTED_VALUE"""),"3 ULA A PUTRA") -> 3 ULA A PUTRA | H16: =IFERROR(__xludf.DUMMYFUNCTION("""COMPUTED_VALUE"""),"6282199817002") -> 6282199817002 | I16: =IFERROR(__xludf.DUMMYFUNCTION("""COMPUTED_VALUE"""),450000.0) -> 450000 | J16: =IFERROR(__xludf.DUMMYFUNCTION("""COMPUTED_VALUE"""),0.0) -> 0 | K16: =IFERROR(__xludf.DUMMYFUNCTION("""COMPUTED_VALUE"""),0.0) -> 0 | L16: =IFERROR(__xludf.DUMMYFUNCTION("""COMPUTED_VALUE"""),450000.0) -> 450000 | M16: =text(I16,"Rp #,##0") -> Rp 450.000 | N16: =text(J16,"Rp #,##0") -> Rp 0 | O16: =text(K16,"Rp #,##0") -> Rp 0 | P16: =text(L16,"Rp #,##0") -> Rp 450.000 | Q16: =$M$1&" = "&M16&" "&$N$1&" = "&N16&" "&$O$1&" = "&O16&" "&$P$1&" = "&P16&" ______________________"&R16&" ID : "&C16 -> Syahriyah = Rp 450.000 Jariyah = Rp 0 Daftar Ulang = Rp 0 Total = Rp 450.000 ______________________ ID : 2024070506
A17: =IF(B17="","",ROW(A17)-1) -> 16 | B17: =IFERROR(__xludf.DUMMYFUNCTION("""COMPUTED_VALUE"""),"MUHAMMAD SYA`DANA") -> MUHAMMAD SYA`DANA | C17: =IFERROR(__xludf.DUMMYFUNCTION("""COMPUTED_VALUE"""),2.024070715E9) -> 2024070715 | D17: =IFERROR(__xludf.DUMMYFUNCTION("""COMPUTED_VALUE"""),"A") -> A | E17: =IFERROR(__xludf.DUMMYFUNCTION("""COMPUTED_VALUE"""),"A-10") -> A-10 | F17: =IFERROR(__xludf.DUMMYFUNCTION("""COMPUTED_VALUE"""),3.0) -> 3 | G17: =IFERROR(__xludf.DUMMYFUNCTION("""COMPUTED_VALUE"""),"3 WUSTHO PUTRA") -> 3 WUSTHO PUTRA | H17: =IFERROR(__xludf.DUMMYFUNCTION("""COMPUTED_VALUE"""),"6281216068509") -> 6281216068509 | I17: =IFERROR(__xludf.DUMMYFUNCTION("""COMPUTED_VALUE"""),450000.0) -> 450000 | J17: =IFERROR(__xludf.DUMMYFUNCTION("""COMPUTED_VALUE"""),0.0) -> 0 | K17: =IFERROR(__xludf.DUMMYFUNCTION("""COMPUTED_VALUE"""),0.0) -> 0 | L17: =IFERROR(__xludf.DUMMYFUNCTION("""COMPUTED_VALUE"""),450000.0) -> 450000 | M17: =text(I17,"Rp #,##0") -> Rp 450.000 | N17: =text(J17,"Rp #,##0") -> Rp 0 | O17: =text(K17,"Rp #,##0") -> Rp 0 | P17: =text(L17,"Rp #,##0") -> Rp 450.000 | Q17: =$M$1&" = "&M17&" "&$N$1&" = "&N17&" "&$O$1&" = "&O17&" "&$P$1&" = "&P17&" ______________________"&R17&" ID : "&C17 -> Syahriyah = Rp 450.000 Jariyah = Rp 0 Daftar Ulang = Rp 0 Total = Rp 450.000 ______________________ ID : 2024070715
A18: =IF(B18="","",ROW(A18)-1) -> 17 | B18: =IFERROR(__xludf.DUMMYFUNCTION("""COMPUTED_VALUE"""),"AHMAD BAHRUL FITRONI") -> AHMAD BAHRUL FITRONI | C18: =IFERROR(__xludf.DUMMYFUNCTION("""COMPUTED_VALUE"""),2.024070534E9) -> 2024070534 | D18: =IFERROR(__xludf.DUMMYFUNCTION("""COMPUTED_VALUE"""),"A") -> A | E18: =IFERROR(__xludf.DUMMYFUNCTION("""COMPUTED_VALUE"""),"A-8") -> A-8 | F18: =IFERROR(__xludf.DUMMYFUNCTION("""COMPUTED_VALUE"""),3.0) -> 3 | G18: =IFERROR(__xludf.DUMMYFUNCTION("""COMPUTED_VALUE"""),"3 ULA B PUTRA") -> 3 ULA B PUTRA | H18: =IFERROR(__xludf.DUMMYFUNCTION("""COMPUTED_VALUE"""),"6285812677937") -> 6285812677937 | I18: =IFERROR(__xludf.DUMMYFUNCTION("""COMPUTED_VALUE"""),0.0) -> 0 | J18: =IFERROR(__xludf.DUMMYFUNCTION("""COMPUTED_VALUE"""),500000.0) -> 500000 | K18: =IFERROR(__xludf.DUMMYFUNCTION("""COMPUTED_VALUE"""),0.0) -> 0 | L18: =IFERROR(__xludf.DUMMYFUNCTION("""COMPUTED_VALUE"""),500000.0) -> 500000 | M18: =text(I18,"Rp #,##0") -> Rp 0 | N18: =text(J18,"Rp #,##0") -> Rp 500.000 | O18: =text(K18,"Rp #,##0") -> Rp 0 | P18: =text(L18,"Rp #,##0") -> Rp 500.000 | Q18: =$M$1&" = "&M18&" "&$N$1&" = "&N18&" "&$O$1&" = "&O18&" "&$P$1&" = "&P18&" ______________________"&R18&" ID : "&C18 -> Syahriyah = Rp 0 Jariyah = Rp 500.000 Daftar Ulang = Rp 0 Total = Rp 500.000 ______________________ ID : 2024070534
A19: =IF(B19="","",ROW(A19)-1) -> 18 | B19: =IFERROR(__xludf.DUMMYFUNCTION("""COMPUTED_VALUE"""),"AIDZILA DHEA ANANTA") -> AIDZILA DHEA ANANTA | C19: =IFERROR(__xludf.DUMMYFUNCTION("""COMPUTED_VALUE"""),2.024070495E9) -> 2024070495 | D19: =IFERROR(__xludf.DUMMYFUNCTION("""COMPUTED_VALUE"""),"C") -> C | E19: =IFERROR(__xludf.DUMMYFUNCTION("""COMPUTED_VALUE"""),"C-12") -> C-12 | F19: =IFERROR(__xludf.DUMMYFUNCTION("""COMPUTED_VALUE"""),3.0) -> 3 | G19: =IFERROR(__xludf.DUMMYFUNCTION("""COMPUTED_VALUE"""),"3 ULA C PUTRI") -> 3 ULA C PUTRI | H19: =IFERROR(__xludf.DUMMYFUNCTION("""COMPUTED_VALUE"""),"6281559586998") -> 6281559586998 | I19: =IFERROR(__xludf.DUMMYFUNCTION("""COMPUTED_VALUE"""),0.0) -> 0 | J19: =IFERROR(__xludf.DUMMYFUNCTION("""COMPUTED_VALUE"""),500000.0) -> 500000 | K19: =IFERROR(__xludf.DUMMYFUNCTION("""COMPUTED_VALUE"""),0.0) -> 0 | L19: =IFERROR(__xludf.DUMMYFUNCTION("""COMPUTED_VALUE"""),500000.0) -> 500000 | M19: =text(I19,"Rp #,##0") -> Rp 0 | N19: =text(J19,"Rp #,##0") -> Rp 500.000 | O19: =text(K19,"Rp #,##0") -> Rp 0 | P19: =text(L19,"Rp #,##0") -> Rp 500.000 | Q19: =$M$1&" = "&M19&" "&$N$1&" = "&N19&" "&$O$1&" = "&O19&" "&$P$1&" = "&P19&" ______________________"&R19&" ID : "&C19 -> Syahriyah = Rp 0 Jariyah = Rp 500.000 Daftar Ulang = Rp 0 Total = Rp 500.000 ______________________ ID : 2024070495
A20: =IF(B20="","",ROW(A20)-1) -> 19 | B20: =IFERROR(__xludf.DUMMYFUNCTION("""COMPUTED_VALUE"""),"ATHIIYAH AULIYA`UL MUSHOFAROH") -> ATHIIYAH AULIYA`UL MUSHOFAROH | C20: =IFERROR(__xludf.DUMMYFUNCTION("""COMPUTED_VALUE"""),2.024070631E9) -> 2024070631 | D20: =IFERROR(__xludf.DUMMYFUNCTION("""COMPUTED_VALUE"""),"C") -> C | E20: =IFERROR(__xludf.DUMMYFUNCTION("""COMPUTED_VALUE"""),"C-3") -> C-3 | F20: =IFERROR(__xludf.DUMMYFUNCTION("""COMPUTED_VALUE"""),3.0) -> 3 | H20: =IFERROR(__xludf.DUMMYFUNCTION("""COMPUTED_VALUE"""),"6285731317533") -> 6285731317533 | I20: =IFERROR(__xludf.DUMMYFUNCTION("""COMPUTED_VALUE"""),0.0) -> 0 | J20: =IFERROR(__xludf.DUMMYFUNCTION("""COMPUTED_VALUE"""),500000.0) -> 500000 | K20: =IFERROR(__xludf.DUMMYFUNCTION("""COMPUTED_VALUE"""),0.0) -> 0 | L20: =IFERROR(__xludf.DUMMYFUNCTION("""COMPUTED_VALUE"""),500000.0) -> 500000 | M20: =text(I20,"Rp #,##0") -> Rp 0 | N20: =text(J20,"Rp #,##0") -> Rp 500.000 | O20: =text(K20,"Rp #,##0") -> Rp 0 | P20: =text(L20,"Rp #,##0") -> Rp 500.000 | Q20: =$M$1&" = "&M20&" "&$N$1&" = "&N20&" "&$O$1&" = "&O20&" "&$P$1&" = "&P20&" ______________________"&R20&" ID : "&C20 -> Syahriyah = Rp 0 Jariyah = Rp 500.000 Daftar Ulang = Rp 0 Total = Rp 500.000 ______________________ ID : 2024070631
A21: =IF(B21="","",ROW(A21)-1) -> 20 | B21: =IFERROR(__xludf.DUMMYFUNCTION("""COMPUTED_VALUE"""),"ATINA AZKAL FUADAH") -> ATINA AZKAL FUADAH | C21: =IFERROR(__xludf.DUMMYFUNCTION("""COMPUTED_VALUE"""),2.024070474E9) -> 2024070474 | D21: =IFERROR(__xludf.DUMMYFUNCTION("""COMPUTED_VALUE"""),"E") -> E | E21: =IFERROR(__xludf.DUMMYFUNCTION("""COMPUTED_VALUE"""),"E-3") -> E-3 | F21: =IFERROR(__xludf.DUMMYFUNCTION("""COMPUTED_VALUE"""),3.0) -> 3 | G21: =IFERROR(__xludf.DUMMYFUNCTION("""COMPUTED_VALUE"""),"3 ULA B PUTRI") -> 3 ULA B PUTRI | H21: =IFERROR(__xludf.DUMMYFUNCTION("""COMPUTED_VALUE"""),"6281554492983") -> 6281554492983 | I21: =IFERROR(__xludf.DUMMYFUNCTION("""COMPUTED_VALUE"""),500000.0) -> 500000 | J21: =IFERROR(__xludf.DUMMYFUNCTION("""COMPUTED_VALUE"""),0.0) -> 0 | K21: =IFERROR(__xludf.DUMMYFUNCTION("""COMPUTED_VALUE"""),0.0) -> 0 | L21: =IFERROR(__xludf.DUMMYFUNCTION("""COMPUTED_VALUE"""),500000.0) -> 500000 | M21: =text(I21,"Rp #,##0") -> Rp 500.000 | N21: =text(J21,"Rp #,##0") -> Rp 0 | O21: =text(K21,"Rp #,##0") -> Rp 0 | P21: =text(L21,"Rp #,##0") -> Rp 500.000 | Q21: =$M$1&" = "&M21&" "&$N$1&" = "&N21&" "&$O$1&" = "&O21&" "&$P$1&" = "&P21&" ______________________"&R21&" ID : "&C21 -> Syahriyah = Rp 500.000 Jariyah = Rp 0 Daftar Ulang = Rp 0 Total = Rp 500.000 ______________________ ID : 2024070474
A22: =IF(B22="","",ROW(A22)-1) -> 21 | B22: =IFERROR(__xludf.DUMMYFUNCTION("""COMPUTED_VALUE"""),"AZZAM ABDILLAH SAPTA") -> AZZAM ABDILLAH SAPTA | C22: =IFERROR(__xludf.DUMMYFUNCTION("""COMPUTED_VALUE"""),2.02407059E9) -> 2024070590 | D22: =IFERROR(__xludf.DUMMYFUNCTION("""COMPUTED_VALUE"""),"A") -> A | E22: =IFERROR(__xludf.DUMMYFUNCTION("""COMPUTED_VALUE"""),"A-8") -> A-8 | F22: =IFERROR(__xludf.DUMMYFUNCTION("""COMPUTED_VALUE"""),3.0) -> 3 | G22: =IFERROR(__xludf.DUMMYFUNCTION("""COMPUTED_VALUE"""),"3 ULA B PUTRA") -> 3 ULA B PUTRA | H22: =IFERROR(__xludf.DUMMYFUNCTION("""COMPUTED_VALUE"""),"6282143068892") -> 6282143068892 | I22: =IFERROR(__xludf.DUMMYFUNCTION("""COMPUTED_VALUE"""),0.0) -> 0 | J22: =IFERROR(__xludf.DUMMYFUNCTION("""COMPUTED_VALUE"""),500000.0) -> 500000 | K22: =IFERROR(__xludf.DUMMYFUNCTION("""COMPUTED_VALUE"""),0.0) -> 0 | L22: =IFERROR(__xludf.DUMMYFUNCTION("""COMPUTED_VALUE"""),500000.0) -> 500000 | M22: =text(I22,"Rp #,##0") -> Rp 0 | N22: =text(J22,"Rp #,##0") -> Rp 500.000 | O22: =text(K22,"Rp #,##0") -> Rp 0 | P22: =text(L22,"Rp #,##0") -> Rp 500.000 | Q22: =$M$1&" = "&M22&" "&$N$1&" = "&N22&" "&$O$1&" = "&O22&" "&$P$1&" = "&P22&" ______________________"&R22&" ID : "&C22 -> Syahriyah = Rp 0 Jariyah = Rp 500.000 Daftar Ulang = Rp 0 Total = Rp 500.000 ______________________ ID : 2024070590
A23: =IF(B23="","",ROW(A23)-1) -> 22 | B23: =IFERROR(__xludf.DUMMYFUNCTION("""COMPUTED_VALUE"""),"BAGAS KHOIRUL AZAM") -> BAGAS KHOIRUL AZAM | C23: =IFERROR(__xludf.DUMMYFUNCTION("""COMPUTED_VALUE"""),2.024070452E9) -> 2024070452 | D23: =IFERROR(__xludf.DUMMYFUNCTION("""COMPUTED_VALUE"""),"A") -> A | E23: =IFERROR(__xludf.DUMMYFUNCTION("""COMPUTED_VALUE"""),"A-8") -> A-8 | F23: =IFERROR(__xludf.DUMMYFUNCTION("""COMPUTED_VALUE"""),3.0) -> 3 | G23: =IFERROR(__xludf.DUMMYFUNCTION("""COMPUTED_VALUE"""),"3 ULA A PUTRA") -> 3 ULA A PUTRA | H23: =IFERROR(__xludf.DUMMYFUNCTION("""COMPUTED_VALUE"""),"6285738565150") -> 6285738565150 | I23: =IFERROR(__xludf.DUMMYFUNCTION("""COMPUTED_VALUE"""),0.0) -> 0 | J23: =IFERROR(__xludf.DUMMYFUNCTION("""COMPUTED_VALUE"""),500000.0) -> 500000 | K23: =IFERROR(__xludf.DUMMYFUNCTION("""COMPUTED_VALUE"""),0.0) -> 0 | L23: =IFERROR(__xludf.DUMMYFUNCTION("""COMPUTED_VALUE"""),500000.0) -> 500000 | M23: =text(I23,"Rp #,##0") -> Rp 0 | N23: =text(J23,"Rp #,##0") -> Rp 500.000 | O23: =text(K23,"Rp #,##0") -> Rp 0 | P23: =text(L23,"Rp #,##0") -> Rp 500.000 | Q23: =$M$1&" = "&M23&" "&$N$1&" = "&N23&" "&$O$1&" = "&O23&" "&$P$1&" = "&P23&" ______________________"&R23&" ID : "&C23 -> Syahriyah = Rp 0 Jariyah = Rp 500.000 Daftar Ulang = Rp 0 Total = Rp 500.000 ______________________ ID : 2024070452
A24: =IF(B24="","",ROW(A24)-1) -> 23 | B24: =IFERROR(__xludf.DUMMYFUNCTION("""COMPUTED_VALUE"""),"BATRISYIA ALFILZAH") -> BATRISYIA ALFILZAH | C24: =IFERROR(__xludf.DUMMYFUNCTION("""COMPUTED_VALUE"""),2.024070634E9) -> 2024070634 | D24: =IFERROR(__xludf.DUMMYFUNCTION("""COMPUTED_VALUE"""),"E") -> E | E24: =IFERROR(__xludf.DUMMYFUNCTION("""COMPUTED_VALUE"""),"E-2") -> E-2 | F24: =IFERROR(__xludf.DUMMYFUNCTION("""COMPUTED_VALUE"""),3.0) -> 3 | G24: =IFERROR(__xludf.DUMMYFUNCTION("""COMPUTED_VALUE"""),"3 ULA A PUTRI") -> 3 ULA A PUTRI | H24: =IFERROR(__xludf.DUMMYFUNCTION("""COMPUTED_VALUE"""),"62895801050384") -> 62895801050384 | I24: =IFERROR(__xludf.DUMMYFUNCTION("""COMPUTED_VALUE"""),500000.0) -> 500000 | J24: =IFERROR(__xludf.DUMMYFUNCTION("""COMPUTED_VALUE"""),0.0) -> 0 | K24: =IFERROR(__xludf.DUMMYFUNCTION("""COMPUTED_VALUE"""),0.0) -> 0 | L24: =IFERROR(__xludf.DUMMYFUNCTION("""COMPUTED_VALUE"""),500000.0) -> 500000 | M24: =text(I24,"Rp #,##0") -> Rp 500.000 | N24: =text(J24,"Rp #,##0") -> Rp 0 | O24: =text(K24,"Rp #,##0") -> Rp 0 | P24: =text(L24,"Rp #,##0") -> Rp 500.000 | Q24: =$M$1&" = "&M24&" "&$N$1&" = "&N24&" "&$O$1&" = "&O24&" "&$P$1&" = "&P24&" ______________________"&R24&" ID : "&C24 -> Syahriyah = Rp 500.000 Jariyah = Rp 0 Daftar Ulang = Rp 0 Total = Rp 500.000 ______________________ ID : 2024070634
A25: =IF(B25="","",ROW(A25)-1) -> 24 | B25: =IFERROR(__xludf.DUMMYFUNCTION("""COMPUTED_VALUE"""),"DEWI LAILA ANISAH SHOFIYAH") -> DEWI LAILA ANISAH SHOFIYAH | C25: =IFERROR(__xludf.DUMMYFUNCTION("""COMPUTED_VALUE"""),2.024070373E9) -> 2024070373 | D25: =IFERROR(__xludf.DUMMYFUNCTION("""COMPUTED_VALUE"""),"C") -> C | E25: =IFERROR(__xludf.DUMMYFUNCTION("""COMPUTED_VALUE"""),"C-9") -> C-9 | F25: =IFERROR(__xludf.DUMMYFUNCTION("""COMPUTED_VALUE"""),3.0) -> 3 | G25: =IFERROR(__xludf.DUMMYFUNCTION("""COMPUTED_VALUE"""),"3 WUSTHO A PUTRI") -> 3 WUSTHO A PUTRI | H25: =IFERROR(__xludf.DUMMYFUNCTION("""COMPUTED_VALUE"""),"6285748023154") -> 6285748023154 | I25: =IFERROR(__xludf.DUMMYFUNCTION("""COMPUTED_VALUE"""),0.0) -> 0 | J25: =IFERROR(__xludf.DUMMYFUNCTION("""COMPUTED_VALUE"""),500000.0) -> 500000 | K25: =IFERROR(__xludf.DUMMYFUNCTION("""COMPUTED_VALUE"""),0.0) -> 0 | L25: =IFERROR(__xludf.DUMMYFUNCTION("""COMPUTED_VALUE"""),500000.0) -> 500000 | M25: =text(I25,"Rp #,##0") -> Rp 0 | N25: =text(J25,"Rp #,##0") -> Rp 500.000 | O25: =text(K25,"Rp #,##0") -> Rp 0 | P25: =text(L25,"Rp #,##0") -> Rp 500.000 | Q25: =$M$1&" = "&M25&" "&$N$1&" = "&N25&" "&$O$1&" = "&O25&" "&$P$1&" = "&P25&" ______________________"&R25&" ID : "&C25 -> Syahriyah = Rp 0 Jariyah = Rp 500.000 Daftar Ulang = Rp 0 Total = Rp 500.000 ______________________ ID : 2024070373
A26: =IF(B26="","",ROW(A26)-1) -> 25 | B26: =IFERROR(__xludf.DUMMYFUNCTION("""COMPUTED_VALUE"""),"DINI WAHYU NINGTYAS") -> DINI WAHYU NINGTYAS | C26: =IFERROR(__xludf.DUMMYFUNCTION("""COMPUTED_VALUE"""),2.024070688E9) -> 2024070688 | D26: =IFERROR(__xludf.DUMMYFUNCTION("""COMPUTED_VALUE"""),"B") -> B | E26: =IFERROR(__xludf.DUMMYFUNCTION("""COMPUTED_VALUE"""),"B-4") -> B-4 | F26: =IFERROR(__xludf.DUMMYFUNCTION("""COMPUTED_VALUE"""),3.0) -> 3 | G26: =IFERROR(__xludf.DUMMYFUNCTION("""COMPUTED_VALUE"""),"3 WUSTHO C PUTRI") -> 3 WUSTHO C PUTRI | H26: =IFERROR(__xludf.DUMMYFUNCTION("""COMPUTED_VALUE"""),"6281255133458") -> 6281255133458 | I26: =IFERROR(__xludf.DUMMYFUNCTION("""COMPUTED_VALUE"""),0.0) -> 0 | J26: =IFERROR(__xludf.DUMMYFUNCTION("""COMPUTED_VALUE"""),500000.0) -> 500000 | K26: =IFERROR(__xludf.DUMMYFUNCTION("""COMPUTED_VALUE"""),0.0) -> 0 | L26: =IFERROR(__xludf.DUMMYFUNCTION("""COMPUTED_VALUE"""),500000.0) -> 500000 | M26: =text(I26,"Rp #,##0") -> Rp 0 | N26: =text(J26,"Rp #,##0") -> Rp 500.000 | O26: =text(K26,"Rp #,##0") -> Rp 0 | P26: =text(L26,"Rp #,##0") -> Rp 500.000 | Q26: =$M$1&" = "&M26&" "&$N$1&" = "&N26&" "&$O$1&" = "&O26&" "&$P$1&" = "&P26&" ______________________"&R26&" ID : "&C26 -> Syahriyah = Rp 0 Jariyah = Rp 500.000 Daftar Ulang = Rp 0 Total = Rp 500.000 ______________________ ID : 2024070688
A27: =IF(B27="","",ROW(A27)-1) -> 26 | B27: =IFERROR(__xludf.DUMMYFUNCTION("""COMPUTED_VALUE"""),"DIVA APRILIA SHOLIKHA") -> DIVA APRILIA SHOLIKHA | C27: =IFERROR(__xludf.DUMMYFUNCTION("""COMPUTED_VALUE"""),2.024070223E9) -> 2024070223 | D27: =IFERROR(__xludf.DUMMYFUNCTION("""COMPUTED_VALUE"""),"C") -> C | E27: =IFERROR(__xludf.DUMMYFUNCTION("""COMPUTED_VALUE"""),"C-8") -> C-8 | F27: =IFERROR(__xludf.DUMMYFUNCTION("""COMPUTED_VALUE"""),3.0) -> 3 | G27: =IFERROR(__xludf.DUMMYFUNCTION("""COMPUTED_VALUE"""),"3 WUSTHO A PUTRI") -> 3 WUSTHO A PUTRI | H27: =IFERROR(__xludf.DUMMYFUNCTION("""COMPUTED_VALUE"""),"6281553483950") -> 6281553483950 | I27: =IFERROR(__xludf.DUMMYFUNCTION("""COMPUTED_VALUE"""),0.0) -> 0 | J27: =IFERROR(__xludf.DUMMYFUNCTION("""COMPUTED_VALUE"""),500000.0) -> 500000 | K27: =IFERROR(__xludf.DUMMYFUNCTION("""COMPUTED_VALUE"""),0.0) -> 0 | L27: =IFERROR(__xludf.DUMMYFUNCTION("""COMPUTED_VALUE"""),500000.0) -> 500000 | M27: =text(I27,"Rp #,##0") -> Rp 0 | N27: =text(J27,"Rp #,##0") -> Rp 500.000 | O27: =text(K27,"Rp #,##0") -> Rp 0 | P27: =text(L27,"Rp #,##0") -> Rp 500.000 | Q27: =$M$1&" = "&M27&" "&$N$1&" = "&N27&" "&$O$1&" = "&O27&" "&$P$1&" = "&P27&" ______________________"&R27&" ID : "&C27 -> Syahriyah = Rp 0 Jariyah = Rp 500.000 Daftar Ulang = Rp 0 Total = Rp 500.000 ______________________ ID : 2024070223
A28: =IF(B28="","",ROW(A28)-1) -> 27 | B28: =IFERROR(__xludf.DUMMYFUNCTION("""COMPUTED_VALUE"""),"ELSA LAILATUN NIHAYAH") -> ELSA LAILATUN NIHAYAH | C28: =IFERROR(__xludf.DUMMYFUNCTION("""COMPUTED_VALUE"""),2.024070112E9) -> 2024070112 | D28: =IFERROR(__xludf.DUMMYFUNCTION("""COMPUTED_VALUE"""),"C") -> C | E28: =IFERROR(__xludf.DUMMYFUNCTION("""COMPUTED_VALUE"""),"C-9") -> C-9 | F28: =IFERROR(__xludf.DUMMYFUNCTION("""COMPUTED_VALUE"""),3.0) -> 3 | G28: =IFERROR(__xludf.DUMMYFUNCTION("""COMPUTED_VALUE"""),"3 WUSTHO B PUTRI") -> 3 WUSTHO B PUTRI | H28: =IFERROR(__xludf.DUMMYFUNCTION("""COMPUTED_VALUE"""),"6287794103025") -> 6287794103025 | I28: =IFERROR(__xludf.DUMMYFUNCTION("""COMPUTED_VALUE"""),0.0) -> 0 | J28: =IFERROR(__xludf.DUMMYFUNCTION("""COMPUTED_VALUE"""),500000.0) -> 500000 | K28: =IFERROR(__xludf.DUMMYFUNCTION("""COMPUTED_VALUE"""),0.0) -> 0 | L28: =IFERROR(__xludf.DUMMYFUNCTION("""COMPUTED_VALUE"""),500000.0) -> 500000 | M28: =text(I28,"Rp #,##0") -> Rp 0 | N28: =text(J28,"Rp #,##0") -> Rp 500.000 | O28: =text(K28,"Rp #,##0") -> Rp 0 | P28: =text(L28,"Rp #,##0") -> Rp 500.000 | Q28: =$M$1&" = "&M28&" "&$N$1&" = "&N28&" "&$O$1&" = "&O28&" "&$P$1&" = "&P28&" ______________________"&R28&" ID : "&C28 -> Syahriyah = Rp 0 Jariyah = Rp 500.000 Daftar Ulang = Rp 0 Total = Rp 500.000 ______________________ ID : 2024070112
A29: =IF(B29="","",ROW(A29)-1) -> 28 | B29: =IFERROR(__xludf.DUMMYFUNCTION("""COMPUTED_VALUE"""),"ERIN MAULIDIAH") -> ERIN MAULIDIAH | C29: =IFERROR(__xludf.DUMMYFUNCTION("""COMPUTED_VALUE"""),2.024070475E9) -> 2024070475 | D29: =IFERROR(__xludf.DUMMYFUNCTION("""COMPUTED_VALUE"""),"E") -> E | E29: =IFERROR(__xludf.DUMMYFUNCTION("""COMPUTED_VALUE"""),"E-3") -> E-3 | F29: =IFERROR(__xludf.DUMMYFUNCTION("""COMPUTED_VALUE"""),3.0) -> 3 | G29: =IFERROR(__xludf.DUMMYFUNCTION("""COMPUTED_VALUE"""),"3 ULA B PUTRI") -> 3 ULA B PUTRI | H29: =IFERROR(__xludf.DUMMYFUNCTION("""COMPUTED_VALUE"""),"6282233810314") -> 6282233810314 | I29: =IFERROR(__xludf.DUMMYFUNCTION("""COMPUTED_VALUE"""),0.0) -> 0 | J29: =IFERROR(__xludf.DUMMYFUNCTION("""COMPUTED_VALUE"""),500000.0) -> 500000 | K29: =IFERROR(__xludf.DUMMYFUNCTION("""COMPUTED_VALUE"""),0.0) -> 0 | L29: =IFERROR(__xludf.DUMMYFUNCTION("""COMPUTED_VALUE"""),500000.0) -> 500000 | M29: =text(I29,"Rp #,##0") -> Rp 0 | N29: =text(J29,"Rp #,##0") -> Rp 500.000 | O29: =text(K29,"Rp #,##0") -> Rp 0 | P29: =text(L29,"Rp #,##0") -> Rp 500.000 | Q29: =$M$1&" = "&M29&" "&$N$1&" = "&N29&" "&$O$1&" = "&O29&" "&$P$1&" = "&P29&" ______________________"&R29&" ID : "&C29 -> Syahriyah = Rp 0 Jariyah = Rp 500.000 Daftar Ulang = Rp 0 Total = Rp 500.000 ______________________ ID : 2024070475
A30: =IF(B30="","",ROW(A30)-1) -> 29 | B30: =IFERROR(__xludf.DUMMYFUNCTION("""COMPUTED_VALUE"""),"FAIQOTUR RIFDAH AL ABIDAH") -> FAIQOTUR RIFDAH AL ABIDAH | C30: =IFERROR(__xludf.DUMMYFUNCTION("""COMPUTED_VALUE"""),2.024070487E9) -> 2024070487 | D30: =IFERROR(__xludf.DUMMYFUNCTION("""COMPUTED_VALUE"""),"E") -> E | E30: =IFERROR(__xludf.DUMMYFUNCTION("""COMPUTED_VALUE"""),"E-2") -> E-2 | F30: =IFERROR(__xludf.DUMMYFUNCTION("""COMPUTED_VALUE"""),3.0) -> 3 | G30: =IFERROR(__xludf.DUMMYFUNCTION("""COMPUTED_VALUE"""),"3 ULA B PUTRI") -> 3 ULA B PUTRI | H30: =IFERROR(__xludf.DUMMYFUNCTION("""COMPUTED_VALUE"""),"6285791612653") -> 6285791612653 | I30: =IFERROR(__xludf.DUMMYFUNCTION("""COMPUTED_VALUE"""),0.0) -> 0 | J30: =IFERROR(__xludf.DUMMYFUNCTION("""COMPUTED_VALUE"""),500000.0) -> 500000 | K30: =IFERROR(__xludf.DUMMYFUNCTION("""COMPUTED_VALUE"""),0.0) -> 0 | L30: =IFERROR(__xludf.DUMMYFUNCTION("""COMPUTED_VALUE"""),500000.0) -> 500000 | M30: =text(I30,"Rp #,##0") -> Rp 0 | N30: =text(J30,"Rp #,##0") -> Rp 500.000 | O30: =text(K30,"Rp #,##0") -> Rp 0 | P30: =text(L30,"Rp #,##0") -> Rp 500.000 | Q30: =$M$1&" = "&M30&" "&$N$1&" = "&N30&" "&$O$1&" = "&O30&" "&$P$1&" = "&P30&" ______________________"&R30&" ID : "&C30 -> Syahriyah = Rp 0 Jariyah = Rp 500.000 Daftar Ulang = Rp 0 Total = Rp 500.000 ______________________ ID : 2024070487
A31: =IF(B31="","",ROW(A31)-1) -> 30 | B31: =IFERROR(__xludf.DUMMYFUNCTION("""COMPUTED_VALUE"""),"FAIRUZZABADI WAHYU MAHFUL") -> FAIRUZZABADI WAHYU MAHFUL | C31: =IFERROR(__xludf.DUMMYFUNCTION("""COMPUTED_VALUE"""),2.024070458E9) -> 2024070458 | D31: =IFERROR(__xludf.DUMMYFUNCTION("""COMPUTED_VALUE"""),"A") -> A | E31: =IFERROR(__xludf.DUMMYFUNCTION("""COMPUTED_VALUE"""),"A-7") -> A-7 | F31: =IFERROR(__xludf.DUMMYFUNCTION("""COMPUTED_VALUE"""),3.0) -> 3 | G31: =IFERROR(__xludf.DUMMYFUNCTION("""COMPUTED_VALUE"""),"3 ULA A PUTRA") -> 3 ULA A PUTRA | H31: =IFERROR(__xludf.DUMMYFUNCTION("""COMPUTED_VALUE"""),"6285730482785") -> 6285730482785 | I31: =IFERROR(__xludf.DUMMYFUNCTION("""COMPUTED_VALUE"""),0.0) -> 0 | J31: =IFERROR(__xludf.DUMMYFUNCTION("""COMPUTED_VALUE"""),500000.0) -> 500000 | K31: =IFERROR(__xludf.DUMMYFUNCTION("""COMPUTED_VALUE"""),0.0) -> 0 | L31: =IFERROR(__xludf.DUMMYFUNCTION("""COMPUTED_VALUE"""),500000.0) -> 500000 | M31: =text(I31,"Rp #,##0") -> Rp 0 | N31: =text(J31,"Rp #,##0") -> Rp 500.000 | O31: =text(K31,"Rp #,##0") -> Rp 0 | P31: =text(L31,"Rp #,##0") -> Rp 500.000 | Q31: =$M$1&" = "&M31&" "&$N$1&" = "&N31&" "&$O$1&" = "&O31&" "&$P$1&" = "&P31&" ______________________"&R31&" ID : "&C31 -> Syahriyah = Rp 0 Jariyah = Rp 500.000 Daftar Ulang = Rp 0 Total = Rp 500.000 ______________________ ID : 2024070458
A32: =IF(B32="","",ROW(A32)-1) -> 31 | B32: =IFERROR(__xludf.DUMMYFUNCTION("""COMPUTED_VALUE"""),"FARAH OKTARIAN SYAHPUTRI") -> FARAH OKTARIAN SYAHPUTRI | C32: =IFERROR(__xludf.DUMMYFUNCTION("""COMPUTED_VALUE"""),2.024070466E9) -> 2024070466 | D32: =IFERROR(__xludf.DUMMYFUNCTION("""COMPUTED_VALUE"""),"E") -> E | E32: =IFERROR(__xludf.DUMMYFUNCTION("""COMPUTED_VALUE"""),"E-9") -> E-9 | F32: =IFERROR(__xludf.DUMMYFUNCTION("""COMPUTED_VALUE"""),3.0) -> 3 | G32: =IFERROR(__xludf.DUMMYFUNCTION("""COMPUTED_VALUE"""),"3 ULA C PUTRI") -> 3 ULA C PUTRI | H32: =IFERROR(__xludf.DUMMYFUNCTION("""COMPUTED_VALUE"""),"6281332772930") -> 6281332772930 | I32: =IFERROR(__xludf.DUMMYFUNCTION("""COMPUTED_VALUE"""),0.0) -> 0 | J32: =IFERROR(__xludf.DUMMYFUNCTION("""COMPUTED_VALUE"""),500000.0) -> 500000 | K32: =IFERROR(__xludf.DUMMYFUNCTION("""COMPUTED_VALUE"""),0.0) -> 0 | L32: =IFERROR(__xludf.DUMMYFUNCTION("""COMPUTED_VALUE"""),500000.0) -> 500000 | M32: =text(I32,"Rp #,##0") -> Rp 0 | N32: =text(J32,"Rp #,##0") -> Rp 500.000 | O32: =text(K32,"Rp #,##0") -> Rp 0 | P32: =text(L32,"Rp #,##0") -> Rp 500.000 | Q32: =$M$1&" = "&M32&" "&$N$1&" = "&N32&" "&$O$1&" = "&O32&" "&$P$1&" = "&P32&" ______________________"&R32&" ID : "&C32 -> Syahriyah = Rp 0 Jariyah = Rp 500.000 Daftar Ulang = Rp 0 Total = Rp 500.000 ______________________ ID : 2024070466
A33: =IF(B33="","",ROW(A33)-1) -> 32 | B33: =IFERROR(__xludf.DUMMYFUNCTION("""COMPUTED_VALUE"""),"FARIKHA AULIA SALSABILLAH") -> FARIKHA AULIA SALSABILLAH | C33: =IFERROR(__xludf.DUMMYFUNCTION("""COMPUTED_VALUE"""),2.024070074E9) -> 2024070074 | D33: =IFERROR(__xludf.DUMMYFUNCTION("""COMPUTED_VALUE"""),"C") -> C | E33: =IFERROR(__xludf.DUMMYFUNCTION("""COMPUTED_VALUE"""),"C-4") -> C-4 | F33: =IFERROR(__xludf.DUMMYFUNCTION("""COMPUTED_VALUE"""),3.0) -> 3 | G33: =IFERROR(__xludf.DUMMYFUNCTION("""COMPUTED_VALUE"""),"3 WUSTHO B PUTRI") -> 3 WUSTHO B PUTRI | H33: =IFERROR(__xludf.DUMMYFUNCTION("""COMPUTED_VALUE"""),"6285645468404") -> 6285645468404 | I33: =IFERROR(__xludf.DUMMYFUNCTION("""COMPUTED_VALUE"""),0.0) -> 0 | J33: =IFERROR(__xludf.DUMMYFUNCTION("""COMPUTED_VALUE"""),500000.0) -> 500000 | K33: =IFERROR(__xludf.DUMMYFUNCTION("""COMPUTED_VALUE"""),0.0) -> 0 | L33: =IFERROR(__xludf.DUMMYFUNCTION("""COMPUTED_VALUE"""),500000.0) -> 500000 | M33: =text(I33,"Rp #,##0") -> Rp 0 | N33: =text(J33,"Rp #,##0") -> Rp 500.000 | O33: =text(K33,"Rp #,##0") -> Rp 0 | P33: =text(L33,"Rp #,##0") -> Rp 500.000 | Q33: =$M$1&" = "&M33&" "&$N$1&" = "&N33&" "&$O$1&" = "&O33&" "&$P$1&" = "&P33&" ______________________"&R33&" ID : "&C33 -> Syahriyah = Rp 0 Jariyah = Rp 500.000 Daftar Ulang = Rp 0 Total = Rp 500.000 ______________________ ID : 2024070074
A34: =IF(B34="","",ROW(A34)-1) -> 33 | B34: =IFERROR(__xludf.DUMMYFUNCTION("""COMPUTED_VALUE"""),"FATIMAH AZ-ZAHRAH") -> FATIMAH AZ-ZAHRAH | C34: =IFERROR(__xludf.DUMMYFUNCTION("""COMPUTED_VALUE"""),2.024070507E9) -> 2024070507 | D34: =IFERROR(__xludf.DUMMYFUNCTION("""COMPUTED_VALUE"""),"B") -> B | E34: =IFERROR(__xludf.DUMMYFUNCTION("""COMPUTED_VALUE"""),"B-9") -> B-9 | F34: =IFERROR(__xludf.DUMMYFUNCTION("""COMPUTED_VALUE"""),3.0) -> 3 | G34: =IFERROR(__xludf.DUMMYFUNCTION("""COMPUTED_VALUE"""),"3 ULA B PUTRI") -> 3 ULA B PUTRI | H34: =IFERROR(__xludf.DUMMYFUNCTION("""COMPUTED_VALUE"""),"6285706056735") -> 6285706056735 | I34: =IFERROR(__xludf.DUMMYFUNCTION("""COMPUTED_VALUE"""),0.0) -> 0 | J34: =IFERROR(__xludf.DUMMYFUNCTION("""COMPUTED_VALUE"""),500000.0) -> 500000 | K34: =IFERROR(__xludf.DUMMYFUNCTION("""COMPUTED_VALUE"""),0.0) -> 0 | L34: =IFERROR(__xludf.DUMMYFUNCTION("""COMPUTED_VALUE"""),500000.0) -> 500000 | M34: =text(I34,"Rp #,##0") -> Rp 0 | N34: =text(J34,"Rp #,##0") -> Rp 500.000 | O34: =text(K34,"Rp #,##0") -> Rp 0 | P34: =text(L34,"Rp #,##0") -> Rp 500.000 | Q34: =$M$1&" = "&M34&" "&$N$1&" = "&N34&" "&$O$1&" = "&O34&" "&$P$1&" = "&P34&" ______________________"&R34&" ID : "&C34 -> Syahriyah = Rp 0 Jariyah = Rp 500.000 Daftar Ulang = Rp 0 Total = Rp 500.000 ______________________ ID : 2024070507
A35: =IF(B35="","",ROW(A35)-1) -> 34 | B35: =IFERROR(__xludf.DUMMYFUNCTION("""COMPUTED_VALUE"""),"GALANG SAPUTRA") -> GALANG SAPUTRA | C35: =IFERROR(__xludf.DUMMYFUNCTION("""COMPUTED_VALUE"""),2.02407073E9) -> 2024070730 | D35: =IFERROR(__xludf.DUMMYFUNCTION("""COMPUTED_VALUE"""),"A") -> A | E35: =IFERROR(__xludf.DUMMYFUNCTION("""COMPUTED_VALUE"""),"A-8") -> A-8 | F35: =IFERROR(__xludf.DUMMYFUNCTION("""COMPUTED_VALUE"""),3.0) -> 3 | G35: =IFERROR(__xludf.DUMMYFUNCTION("""COMPUTED_VALUE"""),"3 ULA A PUTRA") -> 3 ULA A PUTRA | H35: =IFERROR(__xludf.DUMMYFUNCTION("""COMPUTED_VALUE"""),"6285756513128") -> 6285756513128 | I35: =IFERROR(__xludf.DUMMYFUNCTION("""COMPUTED_VALUE"""),0.0) -> 0 | J35: =IFERROR(__xludf.DUMMYFUNCTION("""COMPUTED_VALUE"""),500000.0) -> 500000 | K35: =IFERROR(__xludf.DUMMYFUNCTION("""COMPUTED_VALUE"""),0.0) -> 0 | L35: =IFERROR(__xludf.DUMMYFUNCTION("""COMPUTED_VALUE"""),500000.0) -> 500000 | M35: =text(I35,"Rp #,##0") -> Rp 0 | N35: =text(J35,"Rp #,##0") -> Rp 500.000 | O35: =text(K35,"Rp #,##0") -> Rp 0 | P35: =text(L35,"Rp #,##0") -> Rp 500.000 | Q35: =$M$1&" = "&M35&" "&$N$1&" = "&N35&" "&$O$1&" = "&O35&" "&$P$1&" = "&P35&" ______________________"&R35&" ID : "&C35 -> Syahriyah = Rp 0 Jariyah = Rp 500.000 Daftar Ulang = Rp 0 Total = Rp 500.000 ______________________ ID : 2024070730
A36: =IF(B36="","",ROW(A36)-1) -> 35 | B36: =IFERROR(__xludf.DUMMYFUNCTION("""COMPUTED_VALUE"""),"GHITA RAINA AZZAHRA PRIYANTO") -> GHITA RAINA AZZAHRA PRIYANTO | C36: =IFERROR(__xludf.DUMMYFUNCTION("""COMPUTED_VALUE"""),2.024070636E9) -> 2024070636 | D36: =IFERROR(__xludf.DUMMYFUNCTION("""COMPUTED_VALUE"""),"C") -> C | E36: =IFERROR(__xludf.DUMMYFUNCTION("""COMPUTED_VALUE"""),"C-12") -> C-12 | F36: =IFERROR(__xludf.DUMMYFUNCTION("""COMPUTED_VALUE"""),3.0) -> 3 | G36: =IFERROR(__xludf.DUMMYFUNCTION("""COMPUTED_VALUE"""),"3 ULA C PUTRI") -> 3 ULA C PUTRI | H36: =IFERROR(__xludf.DUMMYFUNCTION("""COMPUTED_VALUE"""),"6281260170147") -> 6281260170147 | I36: =IFERROR(__xludf.DUMMYFUNCTION("""COMPUTED_VALUE"""),0.0) -> 0 | J36: =IFERROR(__xludf.DUMMYFUNCTION("""COMPUTED_VALUE"""),500000.0) -> 500000 | K36: =IFERROR(__xludf.DUMMYFUNCTION("""COMPUTED_VALUE"""),0.0) -> 0 | L36: =IFERROR(__xludf.DUMMYFUNCTION("""COMPUTED_VALUE"""),500000.0) -> 500000 | M36: =text(I36,"Rp #,##0") -> Rp 0 | N36: =text(J36,"Rp #,##0") -> Rp 500.000 | O36: =text(K36,"Rp #,##0") -> Rp 0 | P36: =text(L36,"Rp #,##0") -> Rp 500.000 | Q36: =$M$1&" = "&M36&" "&$N$1&" = "&N36&" "&$O$1&" = "&O36&" "&$P$1&" = "&P36&" ______________________"&R36&" ID : "&C36 -> Syahriyah = Rp 0 Jariyah = Rp 500.000 Daftar Ulang = Rp 0 Total = Rp 500.000 ______________________ ID : 2024070636
A37: =IF(B37="","",ROW(A37)-1) -> 36 | B37: =IFERROR(__xludf.DUMMYFUNCTION("""COMPUTED_VALUE"""),"HAMDAN ALIEF") -> HAMDAN ALIEF | C37: =IFERROR(__xludf.DUMMYFUNCTION("""COMPUTED_VALUE"""),2.024070663E9) -> 2024070663 | D37: =IFERROR(__xludf.DUMMYFUNCTION("""COMPUTED_VALUE"""),"A") -> A | E37: =IFERROR(__xludf.DUMMYFUNCTION("""COMPUTED_VALUE"""),"A-7") -> A-7 | F37: =IFERROR(__xludf.DUMMYFUNCTION("""COMPUTED_VALUE"""),3.0) -> 3 | G37: =IFERROR(__xludf.DUMMYFUNCTION("""COMPUTED_VALUE"""),"3 ULA A PUTRA") -> 3 ULA A PUTRA | H37: =IFERROR(__xludf.DUMMYFUNCTION("""COMPUTED_VALUE"""),"6281216694589") -> 6281216694589 | I37: =IFERROR(__xludf.DUMMYFUNCTION("""COMPUTED_VALUE"""),0.0) -> 0 | J37: =IFERROR(__xludf.DUMMYFUNCTION("""COMPUTED_VALUE"""),500000.0) -> 500000 | K37: =IFERROR(__xludf.DUMMYFUNCTION("""COMPUTED_VALUE"""),0.0) -> 0 | L37: =IFERROR(__xludf.DUMMYFUNCTION("""COMPUTED_VALUE"""),500000.0) -> 500000 | M37: =text(I37,"Rp #,##0") -> Rp 0 | N37: =text(J37,"Rp #,##0") -> Rp 500.000 | O37: =text(K37,"Rp #,##0") -> Rp 0 | P37: =text(L37,"Rp #,##0") -> Rp 500.000 | Q37: =$M$1&" = "&M37&" "&$N$1&" = "&N37&" "&$O$1&" = "&O37&" "&$P$1&" = "&P37&" ______________________"&R37&" ID : "&C37 -> Syahriyah = Rp 0 Jariyah = Rp 500.000 Daftar Ulang = Rp 0 Total = Rp 500.000 ______________________ ID : 2024070663
A38: =IF(B38="","",ROW(A38)-1) -> 37 | B38: =IFERROR(__xludf.DUMMYFUNCTION("""COMPUTED_VALUE"""),"HILDA AFRILLIA SALSA FUNNY") -> HILDA AFRILLIA SALSA FUNNY | C38: =IFERROR(__xludf.DUMMYFUNCTION("""COMPUTED_VALUE"""),2.024070609E9) -> 2024070609 | D38: =IFERROR(__xludf.DUMMYFUNCTION("""COMPUTED_VALUE"""),"C") -> C | E38: =IFERROR(__xludf.DUMMYFUNCTION("""COMPUTED_VALUE"""),"C-12") -> C-12 | F38: =IFERROR(__xludf.DUMMYFUNCTION("""COMPUTED_VALUE"""),3.0) -> 3 | G38: =IFERROR(__xludf.DUMMYFUNCTION("""COMPUTED_VALUE"""),"3 ULA C PUTRI") -> 3 ULA C PUTRI | H38: =IFERROR(__xludf.DUMMYFUNCTION("""COMPUTED_VALUE"""),"628570216013") -> 628570216013 | I38: =IFERROR(__xludf.DUMMYFUNCTION("""COMPUTED_VALUE"""),0.0) -> 0 | J38: =IFERROR(__xludf.DUMMYFUNCTION("""COMPUTED_VALUE"""),500000.0) -> 500000 | K38: =IFERROR(__xludf.DUMMYFUNCTION("""COMPUTED_VALUE"""),0.0) -> 0 | L38: =IFERROR(__xludf.DUMMYFUNCTION("""COMPUTED_VALUE"""),500000.0) -> 500000 | M38: =text(I38,"Rp #,##0") -> Rp 0 | N38: =text(J38,"Rp #,##0") -> Rp 500.000 | O38: =text(K38,"Rp #,##0") -> Rp 0 | P38: =text(L38,"Rp #,##0") -> Rp 500.000 | Q38: =$M$1&" = "&M38&" "&$N$1&" = "&N38&" "&$O$1&" = "&O38&" "&$P$1&" = "&P38&" ______________________"&R38&" ID : "&C38 -> Syahriyah = Rp 0 Jariyah = Rp 500.000 Daftar Ulang = Rp 0 Total = Rp 500.000 ______________________ ID : 2024070609
A39: =IF(B39="","",ROW(A39)-1) -> 38 | B39: =IFERROR(__xludf.DUMMYFUNCTION("""COMPUTED_VALUE"""),"KEYSHA BRILLYAN FEBIANA") -> KEYSHA BRILLYAN FEBIANA | C39: =IFERROR(__xludf.DUMMYFUNCTION("""COMPUTED_VALUE"""),2.024070513E9) -> 2024070513 | D39: =IFERROR(__xludf.DUMMYFUNCTION("""COMPUTED_VALUE"""),"E") -> E | E39: =IFERROR(__xludf.DUMMYFUNCTION("""COMPUTED_VALUE"""),"E-3") -> E-3 | F39: =IFERROR(__xludf.DUMMYFUNCTION("""COMPUTED_VALUE"""),3.0) -> 3 | G39: =IFERROR(__xludf.DUMMYFUNCTION("""COMPUTED_VALUE"""),"3 ULA C PUTRI") -> 3 ULA C PUTRI | H39: =IFERROR(__xludf.DUMMYFUNCTION("""COMPUTED_VALUE"""),"628564039966") -> 628564039966 | I39: =IFERROR(__xludf.DUMMYFUNCTION("""COMPUTED_VALUE"""),0.0) -> 0 | J39: =IFERROR(__xludf.DUMMYFUNCTION("""COMPUTED_VALUE"""),500000.0) -> 500000 | K39: =IFERROR(__xludf.DUMMYFUNCTION("""COMPUTED_VALUE"""),0.0) -> 0 | L39: =IFERROR(__xludf.DUMMYFUNCTION("""COMPUTED_VALUE"""),500000.0) -> 500000 | M39: =text(I39,"Rp #,##0") -> Rp 0 | N39: =text(J39,"Rp #,##0") -> Rp 500.000 | O39: =text(K39,"Rp #,##0") -> Rp 0 | P39: =text(L39,"Rp #,##0") -> Rp 500.000 | Q39: =$M$1&" = "&M39&" "&$N$1&" = "&N39&" "&$O$1&" = "&O39&" "&$P$1&" = "&P39&" ______________________"&R39&" ID : "&C39 -> Syahriyah = Rp 0 Jariyah = Rp 500.000 Daftar Ulang = Rp 0 Total = Rp 500.000 ______________________ ID : 2024070513
A40: =IF(B40="","",ROW(A40)-1) -> 39 | B40: =IFERROR(__xludf.DUMMYFUNCTION("""COMPUTED_VALUE"""),"LALUNA NAYRA KAMILA") -> LALUNA NAYRA KAMILA | C40: =IFERROR(__xludf.DUMMYFUNCTION("""COMPUTED_VALUE"""),2.025070425E9) -> 2025070425 | D40: =IFERROR(__xludf.DUMMYFUNCTION("""COMPUTED_VALUE"""),"D") -> D | E40: =IFERROR(__xludf.DUMMYFUNCTION("""COMPUTED_VALUE"""),"D-6") -> D-6 | F40: =IFERROR(__xludf.DUMMYFUNCTION("""COMPUTED_VALUE"""),3.0) -> 3 | G40: =IFERROR(__xludf.DUMMYFUNCTION("""COMPUTED_VALUE"""),"3 WUSTHO C PUTRI") -> 3 WUSTHO C PUTRI | H40: =IFERROR(__xludf.DUMMYFUNCTION("""COMPUTED_VALUE"""),"6281331012600") -> 6281331012600 | I40: =IFERROR(__xludf.DUMMYFUNCTION("""COMPUTED_VALUE"""),0.0) -> 0 | J40: =IFERROR(__xludf.DUMMYFUNCTION("""COMPUTED_VALUE"""),500000.0) -> 500000 | K40: =IFERROR(__xludf.DUMMYFUNCTION("""COMPUTED_VALUE"""),0.0) -> 0 | L40: =IFERROR(__xludf.DUMMYFUNCTION("""COMPUTED_VALUE"""),500000.0) -> 500000 | M40: =text(I40,"Rp #,##0") -> Rp 0 | N40: =text(J40,"Rp #,##0") -> Rp 500.000 | O40: =text(K40,"Rp #,##0") -> Rp 0 | P40: =text(L40,"Rp #,##0") -> Rp 500.000 | Q40: =$M$1&" = "&M40&" "&$N$1&" = "&N40&" "&$O$1&" = "&O40&" "&$P$1&" = "&P40&" ______________________"&R40&" ID : "&C40 -> Syahriyah = Rp 0 Jariyah = Rp 500.000 Daftar Ulang = Rp 0 Total = Rp 500.000 ______________________ ID : 2025070425
A41: =IF(B41="","",ROW(A41)-1) -> 40 | B41: =IFERROR(__xludf.DUMMYFUNCTION("""COMPUTED_VALUE"""),"M. SYAHRUL BAHRI ALSYAFIK") -> M. SYAHRUL BAHRI ALSYAFIK | C41: =IFERROR(__xludf.DUMMYFUNCTION("""COMPUTED_VALUE"""),2.024070628E9) -> 2024070628 | D41: =IFERROR(__xludf.DUMMYFUNCTION("""COMPUTED_VALUE"""),"A") -> A | E41: =IFERROR(__xludf.DUMMYFUNCTION("""COMPUTED_VALUE"""),"A-8") -> A-8 | F41: =IFERROR(__xludf.DUMMYFUNCTION("""COMPUTED_VALUE"""),3.0) -> 3 | G41: =IFERROR(__xludf.DUMMYFUNCTION("""COMPUTED_VALUE"""),"3 ULA B PUTRA") -> 3 ULA B PUTRA | H41: =IFERROR(__xludf.DUMMYFUNCTION("""COMPUTED_VALUE"""),"6285704248674") -> 6285704248674 | I41: =IFERROR(__xludf.DUMMYFUNCTION("""COMPUTED_VALUE"""),0.0) -> 0 | J41: =IFERROR(__xludf.DUMMYFUNCTION("""COMPUTED_VALUE"""),500000.0) -> 500000 | K41: =IFERROR(__xludf.DUMMYFUNCTION("""COMPUTED_VALUE"""),0.0) -> 0 | L41: =IFERROR(__xludf.DUMMYFUNCTION("""COMPUTED_VALUE"""),500000.0) -> 500000 | M41: =text(I41,"Rp #,##0") -> Rp 0 | N41: =text(J41,"Rp #,##0") -> Rp 500.000 | O41: =text(K41,"Rp #,##0") -> Rp 0 | P41: =text(L41,"Rp #,##0") -> Rp 500.000 | Q41: =$M$1&" = "&M41&" "&$N$1&" = "&N41&" "&$O$1&" = "&O41&" "&$P$1&" = "&P41&" ______________________"&R41&" ID : "&C41 -> Syahriyah = Rp 0 Jariyah = Rp 500.000 Daftar Ulang = Rp 0 Total = Rp 500.000 ______________________ ID : 2024070628
A42: =IF(B42="","",ROW(A42)-1) -> 41 | B42: =IFERROR(__xludf.DUMMYFUNCTION("""COMPUTED_VALUE"""),"MALICHAH KAMILA ARIANI") -> MALICHAH KAMILA ARIANI | C42: =IFERROR(__xludf.DUMMYFUNCTION("""COMPUTED_VALUE"""),2.024070331E9) -> 2024070331 | D42: =IFERROR(__xludf.DUMMYFUNCTION("""COMPUTED_VALUE"""),"C") -> C | E42: =IFERROR(__xludf.DUMMYFUNCTION("""COMPUTED_VALUE"""),"C-9") -> C-9 | F42: =IFERROR(__xludf.DUMMYFUNCTION("""COMPUTED_VALUE"""),3.0) -> 3 | H42: =IFERROR(__xludf.DUMMYFUNCTION("""COMPUTED_VALUE"""),"6285859618682") -> 6285859618682 | I42: =IFERROR(__xludf.DUMMYFUNCTION("""COMPUTED_VALUE"""),0.0) -> 0 | J42: =IFERROR(__xludf.DUMMYFUNCTION("""COMPUTED_VALUE"""),500000.0) -> 500000 | K42: =IFERROR(__xludf.DUMMYFUNCTION("""COMPUTED_VALUE"""),0.0) -> 0 | L42: =IFERROR(__xludf.DUMMYFUNCTION("""COMPUTED_VALUE"""),500000.0) -> 500000 | M42: =text(I42,"Rp #,##0") -> Rp 0 | N42: =text(J42,"Rp #,##0") -> Rp 500.000 | O42: =text(K42,"Rp #,##0") -> Rp 0 | P42: =text(L42,"Rp #,##0") -> Rp 500.000 | Q42: =$M$1&" = "&M42&" "&$N$1&" = "&N42&" "&$O$1&" = "&O42&" "&$P$1&" = "&P42&" ______________________"&R42&" ID : "&C42 -> Syahriyah = Rp 0 Jariyah = Rp 500.000 Daftar Ulang = Rp 0 Total = Rp 500.000 ______________________ ID : 2024070331
A43: =IF(B43="","",ROW(A43)-1) -> 42 | B43: =IFERROR(__xludf.DUMMYFUNCTION("""COMPUTED_VALUE"""),"MUHAMMAD ALFIN JAMIL") -> MUHAMMAD ALFIN JAMIL | C43: =IFERROR(__xludf.DUMMYFUNCTION("""COMPUTED_VALUE"""),2.024070503E9) -> 2024070503 | D43: =IFERROR(__xludf.DUMMYFUNCTION("""COMPUTED_VALUE"""),"A") -> A | E43: =IFERROR(__xludf.DUMMYFUNCTION("""COMPUTED_VALUE"""),"A-7") -> A-7 | F43: =IFERROR(__xludf.DUMMYFUNCTION("""COMPUTED_VALUE"""),3.0) -> 3 | G43: =IFERROR(__xludf.DUMMYFUNCTION("""COMPUTED_VALUE"""),"3 ULA A PUTRA") -> 3 ULA A PUTRA | H43: =IFERROR(__xludf.DUMMYFUNCTION("""COMPUTED_VALUE"""),"6281230455748") -> 6281230455748 | I43: =IFERROR(__xludf.DUMMYFUNCTION("""COMPUTED_VALUE"""),0.0) -> 0 | J43: =IFERROR(__xludf.DUMMYFUNCTION("""COMPUTED_VALUE"""),500000.0) -> 500000 | K43: =IFERROR(__xludf.DUMMYFUNCTION("""COMPUTED_VALUE"""),0.0) -> 0 | L43: =IFERROR(__xludf.DUMMYFUNCTION("""COMPUTED_VALUE"""),500000.0) -> 500000 | M43: =text(I43,"Rp #,##0") -> Rp 0 | N43: =text(J43,"Rp #,##0") -> Rp 500.000 | O43: =text(K43,"Rp #,##0") -> Rp 0 | P43: =text(L43,"Rp #,##0") -> Rp 500.000 | Q43: =$M$1&" = "&M43&" "&$N$1&" = "&N43&" "&$O$1&" = "&O43&" "&$P$1&" = "&P43&" ______________________"&R43&" ID : "&C43 -> Syahriyah = Rp 0 Jariyah = Rp 500.000 Daftar Ulang = Rp 0 Total = Rp 500.000 ______________________ ID : 2024070503
A44: =IF(B44="","",ROW(A44)-1) -> 43 | B44: =IFERROR(__xludf.DUMMYFUNCTION("""COMPUTED_VALUE"""),"MUHAMMAD FADLY HANANIA RABBANI") -> MUHAMMAD FADLY HANANIA RABBANI | C44: =IFERROR(__xludf.DUMMYFUNCTION("""COMPUTED_VALUE"""),2.024070457E9) -> 2024070457 | D44: =IFERROR(__xludf.DUMMYFUNCTION("""COMPUTED_VALUE"""),"A") -> A | E44: =IFERROR(__xludf.DUMMYFUNCTION("""COMPUTED_VALUE"""),"A-8") -> A-8 | F44: =IFERROR(__xludf.DUMMYFUNCTION("""COMPUTED_VALUE"""),3.0) -> 3 | G44: =IFERROR(__xludf.DUMMYFUNCTION("""COMPUTED_VALUE"""),"3 ULA A PUTRA") -> 3 ULA A PUTRA | H44: =IFERROR(__xludf.DUMMYFUNCTION("""COMPUTED_VALUE"""),"6289533798465") -> 6289533798465 | I44: =IFERROR(__xludf.DUMMYFUNCTION("""COMPUTED_VALUE"""),0.0) -> 0 | J44: =IFERROR(__xludf.DUMMYFUNCTION("""COMPUTED_VALUE"""),500000.0) -> 500000 | K44: =IFERROR(__xludf.DUMMYFUNCTION("""COMPUTED_VALUE"""),0.0) -> 0 | L44: =IFERROR(__xludf.DUMMYFUNCTION("""COMPUTED_VALUE"""),500000.0) -> 500000 | M44: =text(I44,"Rp #,##0") -> Rp 0 | N44: =text(J44,"Rp #,##0") -> Rp 500.000 | O44: =text(K44,"Rp #,##0") -> Rp 0 | P44: =text(L44,"Rp #,##0") -> Rp 500.000 | Q44: =$M$1&" = "&M44&" "&$N$1&" = "&N44&" "&$O$1&" = "&O44&" "&$P$1&" = "&P44&" ______________________"&R44&" ID : "&C44 -> Syahriyah = Rp 0 Jariyah = Rp 500.000 Daftar Ulang = Rp 0 Total = Rp 500.000 ______________________ ID : 2024070457
A45: =IF(B45="","",ROW(A45)-1) -> 44 | B45: =IFERROR(__xludf.DUMMYFUNCTION("""COMPUTED_VALUE"""),"MUHAMMAD HANIF AFIYAN") -> MUHAMMAD HANIF AFIYAN | C45: =IFERROR(__xludf.DUMMYFUNCTION("""COMPUTED_VALUE"""),2.024070486E9) -> 2024070486 | D45: =IFERROR(__xludf.DUMMYFUNCTION("""COMPUTED_VALUE"""),"A") -> A | E45: =IFERROR(__xludf.DUMMYFUNCTION("""COMPUTED_VALUE"""),"A-7") -> A-7 | F45: =IFERROR(__xludf.DUMMYFUNCTION("""COMPUTED_VALUE"""),3.0) -> 3 | G45: =IFERROR(__xludf.DUMMYFUNCTION("""COMPUTED_VALUE"""),"3 ULA A PUTRA") -> 3 ULA A PUTRA | H45: =IFERROR(__xludf.DUMMYFUNCTION("""COMPUTED_VALUE"""),"6285748905402") -> 6285748905402 | I45: =IFERROR(__xludf.DUMMYFUNCTION("""COMPUTED_VALUE"""),0.0) -> 0 | J45: =IFERROR(__xludf.DUMMYFUNCTION("""COMPUTED_VALUE"""),500000.0) -> 500000 | K45: =IFERROR(__xludf.DUMMYFUNCTION("""COMPUTED_VALUE"""),0.0) -> 0 | L45: =IFERROR(__xludf.DUMMYFUNCTION("""COMPUTED_VALUE"""),500000.0) -> 500000 | M45: =text(I45,"Rp #,##0") -> Rp 0 | N45: =text(J45,"Rp #,##0") -> Rp 500.000 | O45: =text(K45,"Rp #,##0") -> Rp 0 | P45: =text(L45,"Rp #,##0") -> Rp 500.000 | Q45: =$M$1&" = "&M45&" "&$N$1&" = "&N45&" "&$O$1&" = "&O45&" "&$P$1&" = "&P45&" ______________________"&R45&" ID : "&C45 -> Syahriyah = Rp 0 Jariyah = Rp 500.000 Daftar Ulang = Rp 0 Total = Rp 500.000 ______________________ ID : 2024070486
A46: =IF(B46="","",ROW(A46)-1) -> 45 | B46: =IFERROR(__xludf.DUMMYFUNCTION("""COMPUTED_VALUE"""),"MUHAMMAD RISKI MISHBAHUL MUNIR") -> MUHAMMAD RISKI MISHBAHUL MUNIR | C46: =IFERROR(__xludf.DUMMYFUNCTION("""COMPUTED_VALUE"""),2.024070535E9) -> 2024070535 | D46: =IFERROR(__xludf.DUMMYFUNCTION("""COMPUTED_VALUE"""),"A") -> A | E46: =IFERROR(__xludf.DUMMYFUNCTION("""COMPUTED_VALUE"""),"A-8") -> A-8 | F46: =IFERROR(__xludf.DUMMYFUNCTION("""COMPUTED_VALUE"""),3.0) -> 3 | G46: =IFERROR(__xludf.DUMMYFUNCTION("""COMPUTED_VALUE"""),"3 ULA B PUTRA") -> 3 ULA B PUTRA | H46: =IFERROR(__xludf.DUMMYFUNCTION("""COMPUTED_VALUE"""),"6285648380596") -> 6285648380596 | I46: =IFERROR(__xludf.DUMMYFUNCTION("""COMPUTED_VALUE"""),0.0) -> 0 | J46: =IFERROR(__xludf.DUMMYFUNCTION("""COMPUTED_VALUE"""),500000.0) -> 500000 | K46: =IFERROR(__xludf.DUMMYFUNCTION("""COMPUTED_VALUE"""),0.0) -> 0 | L46: =IFERROR(__xludf.DUMMYFUNCTION("""COMPUTED_VALUE"""),500000.0) -> 500000 | M46: =text(I46,"Rp #,##0") -> Rp 0 | N46: =text(J46,"Rp #,##0") -> Rp 500.000 | O46: =text(K46,"Rp #,##0") -> Rp 0 | P46: =text(L46,"Rp #,##0") -> Rp 500.000 | Q46: =$M$1&" = "&M46&" "&$N$1&" = "&N46&" "&$O$1&" = "&O46&" "&$P$1&" = "&P46&" ______________________"&R46&" ID : "&C46 -> Syahriyah = Rp 0 Jariyah = Rp 500.000 Daftar Ulang = Rp 0 Total = Rp 500.000 ______________________ ID : 2024070535
A47: =IF(B47="","",ROW(A47)-1) -> 46 | B47: =IFERROR(__xludf.DUMMYFUNCTION("""COMPUTED_VALUE"""),"NADIYATAN NAQI`") -> NADIYATAN NAQI` | C47: =IFERROR(__xludf.DUMMYFUNCTION("""COMPUTED_VALUE"""),2.024070017E9) -> 2024070017 | D47: =IFERROR(__xludf.DUMMYFUNCTION("""COMPUTED_VALUE"""),"C") -> C | E47: =IFERROR(__xludf.DUMMYFUNCTION("""COMPUTED_VALUE"""),"C-2") -> C-2 | F47: =IFERROR(__xludf.DUMMYFUNCTION("""COMPUTED_VALUE"""),3.0) -> 3 | H47: =IFERROR(__xludf.DUMMYFUNCTION("""COMPUTED_VALUE"""),"6281331944544") -> 6281331944544 | I47: =IFERROR(__xludf.DUMMYFUNCTION("""COMPUTED_VALUE"""),0.0) -> 0 | J47: =IFERROR(__xludf.DUMMYFUNCTION("""COMPUTED_VALUE"""),500000.0) -> 500000 | K47: =IFERROR(__xludf.DUMMYFUNCTION("""COMPUTED_VALUE"""),0.0) -> 0 | L47: =IFERROR(__xludf.DUMMYFUNCTION("""COMPUTED_VALUE"""),500000.0) -> 500000 | M47: =text(I47,"Rp #,##0") -> Rp 0 | N47: =text(J47,"Rp #,##0") -> Rp 500.000 | O47: =text(K47,"Rp #,##0") -> Rp 0 | P47: =text(L47,"Rp #,##0") -> Rp 500.000 | Q47: =$M$1&" = "&M47&" "&$N$1&" = "&N47&" "&$O$1&" = "&O47&" "&$P$1&" = "&P47&" ______________________"&R47&" ID : "&C47 -> Syahriyah = Rp 0 Jariyah = Rp 500.000 Daftar Ulang = Rp 0 Total = Rp 500.000 ______________________ ID : 2024070017
A48: =IF(B48="","",ROW(A48)-1) -> 47 | B48: =IFERROR(__xludf.DUMMYFUNCTION("""COMPUTED_VALUE"""),"NAILA MALIHA PUTRI") -> NAILA MALIHA PUTRI | C48: =IFERROR(__xludf.DUMMYFUNCTION("""COMPUTED_VALUE"""),2.024070161E9) -> 2024070161 | D48: =IFERROR(__xludf.DUMMYFUNCTION("""COMPUTED_VALUE"""),"B") -> B | E48: =IFERROR(__xludf.DUMMYFUNCTION("""COMPUTED_VALUE"""),"B-5") -> B-5 | F48: =IFERROR(__xludf.DUMMYFUNCTION("""COMPUTED_VALUE"""),3.0) -> 3 | G48: =IFERROR(__xludf.DUMMYFUNCTION("""COMPUTED_VALUE"""),"3 WUSTHO C PUTRI") -> 3 WUSTHO C PUTRI | H48: =IFERROR(__xludf.DUMMYFUNCTION("""COMPUTED_VALUE"""),"6285804308769") -> 6285804308769 | I48: =IFERROR(__xludf.DUMMYFUNCTION("""COMPUTED_VALUE"""),0.0) -> 0 | J48: =IFERROR(__xludf.DUMMYFUNCTION("""COMPUTED_VALUE"""),500000.0) -> 500000 | K48: =IFERROR(__xludf.DUMMYFUNCTION("""COMPUTED_VALUE"""),0.0) -> 0 | L48: =IFERROR(__xludf.DUMMYFUNCTION("""COMPUTED_VALUE"""),500000.0) -> 500000 | M48: =text(I48,"Rp #,##0") -> Rp 0 | N48: =text(J48,"Rp #,##0") -> Rp 500.000 | O48: =text(K48,"Rp #,##0") -> Rp 0 | P48: =text(L48,"Rp #,##0") -> Rp 500.000 | Q48: =$M$1&" = "&M48&" "&$N$1&" = "&N48&" "&$O$1&" = "&O48&" "&$P$1&" = "&P48&" ______________________"&R48&" ID : "&C48 -> Syahriyah = Rp 0 Jariyah = Rp 500.000 Daftar Ulang = Rp 0 Total = Rp 500.000 ______________________ ID : 2024070161
A49: =IF(B49="","",ROW(A49)-1) -> 48 | B49: =IFERROR(__xludf.DUMMYFUNCTION("""COMPUTED_VALUE"""),"NAILATUN NUR LAILATUL QUDSIYAH") -> NAILATUN NUR LAILATUL QUDSIYAH | C49: =IFERROR(__xludf.DUMMYFUNCTION("""COMPUTED_VALUE"""),2.024070726E9) -> 2024070726 | D49: =IFERROR(__xludf.DUMMYFUNCTION("""COMPUTED_VALUE"""),"B") -> B | E49: =IFERROR(__xludf.DUMMYFUNCTION("""COMPUTED_VALUE"""),"B-10") -> B-10 | F49: =IFERROR(__xludf.DUMMYFUNCTION("""COMPUTED_VALUE"""),3.0) -> 3 | G49: =IFERROR(__xludf.DUMMYFUNCTION("""COMPUTED_VALUE"""),"3 ULA A PUTRI") -> 3 ULA A PUTRI | H49: =IFERROR(__xludf.DUMMYFUNCTION("""COMPUTED_VALUE"""),"6285785360969") -> 6285785360969 | I49: =IFERROR(__xludf.DUMMYFUNCTION("""COMPUTED_VALUE"""),0.0) -> 0 | J49: =IFERROR(__xludf.DUMMYFUNCTION("""COMPUTED_VALUE"""),500000.0) -> 500000 | K49: =IFERROR(__xludf.DUMMYFUNCTION("""COMPUTED_VALUE"""),0.0) -> 0 | L49: =IFERROR(__xludf.DUMMYFUNCTION("""COMPUTED_VALUE"""),500000.0) -> 500000 | M49: =text(I49,"Rp #,##0") -> Rp 0 | N49: =text(J49,"Rp #,##0") -> Rp 500.000 | O49: =text(K49,"Rp #,##0") -> Rp 0 | P49: =text(L49,"Rp #,##0") -> Rp 500.000 | Q49: =$M$1&" = "&M49&" "&$N$1&" = "&N49&" "&$O$1&" = "&O49&" "&$P$1&" = "&P49&" ______________________"&R49&" ID : "&C49 -> Syahriyah = Rp 0 Jariyah = Rp 500.000 Daftar Ulang = Rp 0 Total = Rp 500.000 ______________________ ID : 2024070726
