Workbook

Sheet import1
A1: =IFERROR(__xludf.DUMMYFUNCTION("IMPORTRANGE(""1r--qa2i5jCx8YeQ_mLlUrqLRTQh7y-fik2wTdRKBimk/edit?gid=214218921#gid=214218921"",""KELAS I!A2:BF750"")"),"NO") -> NO | B1: =IFERROR(__xludf.DUMMYFUNCTION("""COMPUTED_VALUE"""),"NAMA") -> NAMA | C1: =IFERROR(__xludf.DUMMYFUNCTION("""COMPUTED_VALUE"""),"NIS") -> NIS | D1: =IFERROR(__xludf.DUMMYFUNCTION("""COMPUTED_VALUE"""),"AYAH") -> AYAH | E1: =IFERROR(__xludf.DUMMYFUNCTION("""COMPUTED_VALUE"""),"IBU") -> IBU | F1: =IFERROR(__xludf.DUMMYFUNCTION("""COMPUTED_VALUE"""),"ALAMAT") -> ALAMAT | G1: =IFERROR(__xludf.DUMMYFUNCTION("""COMPUTED_VALUE"""),"SEKOLAH") -> SEKOLAH | H1: =IFERROR(__xludf.DUMMYFUNCTION("""COMPUTED_VALUE"""),"ASRAMA") -> ASRAMA | I1: =IFERROR(__xludf.DUMMYFUNCTION("""COMPUTED_VALUE"""),"KAMAR") -> KAMAR | J1: =IFERROR(__xludf.DUMMYFUNCTION("""COMPUTED_VALUE"""),"TINGKAT") -> TINGKAT | K1: =IFERROR(__xludf.DUMMYFUNCTION("""COMPUTED_VALUE"""),"MADRASIAH") -> MADRASIAH | L1: =IFERROR(__xludf.DUMMYFUNCTION("""COMPUTED_VALUE"""),"HP") -> HP | M1: =IFERROR(__xludf.DUMMYFUNCTION("""COMPUTED_VALUE"""),"JARIYAH I") -> JARIYAH I | N1: =IFERROR(__xludf.DUMMYFUNCTION("""COMPUTED_VALUE"""),"DANA KEGIATAN") -> DANA KEGIATAN | O1: =IFERROR(__xludf.DUMMYFUNCTION("""COMPUTED_VALUE"""),7.0) -> 7 | P1: =IFERROR(__xludf.DUMMYFUNCTION("""COMPUTED_VALUE"""),8.0) -> 8 | Q1: =IFERROR(__xludf.DUMMYFUNCTION("""COMPUTED_VALUE"""),9.0) -> 9 | R1: =IFERROR(__xludf.DUMMYFUNCTION("""COMPUTED_VALUE"""),10.0) -> 10 | S1: =IFERROR(__xludf.DUMMYFUNCTION("""COMPUTED_VALUE"""),11.0) -> 11 | T1: =IFERROR(__xludf.DUMMYFUNCTION("""COMPUTED_VALUE"""),12.0) -> 12 | U1: =IFERROR(__xludf.DUMMYFUNCTION("""COMPUTED_VALUE"""),1.0) -> 1 | V1: =IFERROR(__xludf.DUMMYFUNCTION("""COMPUTED_VALUE"""),2.0) -> 2 | W1: =IFERROR(__xludf.DUMMYFUNCTION("""COMPUTED_VALUE"""),3.0) -> 3 | X1: =IFERROR(__xludf.DUMMYFUNCTION("""COMPUTED_VALUE"""),4.0) -> 4 | Y1: =IFERROR(__xludf.DUMMYFUNCTION("""COMPUTED_VALUE"""),5.0) -> 5 | Z1: =IFERROR(__xludf.DUMMYFUNCTION("""COMPUTED_VALUE"""),6.0) -> 6 | AA1: =IFERROR(__xludf.DUMMYFUNCTION("""COMPUTED_VALUE"""),"DAFTAR ULANG KELAS II") -> DAFTAR ULANG KELAS II | AB1: =IFERROR(__xludf.DUMMYFUNCTION("""COMPUTED_VALUE"""),"JARIYAH II") -> JARIYAH II | AC1: =IFERROR(__xludf.DUMMYFUNCTION("""COMPUTED_VALUE"""),7.0) -> 7 | AD1: =IFERROR(__xludf.DUMMYFUNCTION("""COMPUTED_VALUE"""),8.0) -> 8 | AE1: =IFERROR(__xludf.DUMMYFUNCTION("""COMPUTED_VALUE"""),9.0) -> 9 | AF1: =IFERROR(__xludf.DUMMYFUNCTION("""COMPUTED_VALUE"""),10.0) -> 10 | AG1: =IFERROR(__xludf.DUMMYFUNCTION("""COMPUTED_VALUE"""),11.0) -> 11 | AH1: =IFERROR(__xludf.DUMMYFUNCTION("""COMPUTED_VALUE"""),12.0) -> 12 | AI1: =IFERROR(__xludf.DUMMYFUNCTION("""COMPUTED_VALUE"""),1.0) -> 1 | AJ1: =IFERROR(__xludf.DUMMYFUNCTION("""COMPUTED_VALUE"""),2.0) -> 2 | AK1: =IFERROR(__xludf.DUMMYFUNCTION("""COMPUTED_VALUE"""),3.0) -> 3 | AL1: =IFERROR(__xludf.DUMMYFUNCTION("""COMPUTED_VALUE"""),4.0) -> 4 | AM1: =IFERROR(__xludf.DUMMYFUNCTION("""COMPUTED_VALUE"""),5.0) -> 5 | AN1: =IFERROR(__xludf.DUMMYFUNCTION("""COMPUTED_VALUE"""),6.0) -> 6 | AO1: =IFERROR(__xludf.DUMMYFUNCTION("""COMPUTED_VALUE"""),"DAFTAR ULANG KELAS III") -> DAFTAR ULANG KELAS III | AP1: =IFERROR(__xludf.DUMMYFUNCTION("""COMPUTED_VALUE"""),"JARIYAH III") -> JARIYAH III | AQ1: =IFERROR(__xludf.DUMMYFUNCTION("""COMPUTED_VALUE"""),7.0) -> 7 | AR1: =IFERROR(__xludf.DUMMYFUNCTION("""COMPUTED_VALUE"""),8.0) -> 8 | AS1: =IFERROR(__xludf.DUMMYFUNCTION("""COMPUTED_VALUE"""),9.0) -> 9 | AT1: =IFERROR(__xludf.DUMMYFUNCTION("""COMPUTED_VALUE"""),10.0) -> 10 | AU1: =IFERROR(__xludf.DUMMYFUNCTION("""COMPUTED_VALUE"""),11.0) -> 11 | AV1: =IFERROR(__xludf.DUMMYFUNCTION("""COMPUTED_VALUE"""),12.0) -> 12 | AW1: =IFERROR(__xludf.DUMMYFUNCTION("""COMPUTED_VALUE"""),1.0) -> 1 | AX1: =IFERROR(__xludf.DUMMYFUNCTION("""COMPUTED_VALUE"""),2.0) -> 2 | AY1: =IFERROR(__xludf.DUMMYFUNCTION("""COMPUTED_VALUE"""),3.0) -> 3 | AZ1: =IFERROR(__xludf.DUMMYFUNCTION("""COMPUTED_VALUE"""),4.0) -> 4 | BA1: =IFERROR(__xludf.DUMMYFUNCTION("""COMPUTED_VALUE"""),5.0) -> 5 | BB1: =IFERROR(__xludf.DUMMYFUNCTION("""COMPUTED_VALUE"""),6.0) -> 6 | BC1: =IFERROR(__xludf.DUMMYFUNCTION("""COMPUTED_VALUE"""),"JUMLAH SYAHRIYAH") -> JUMLAH SYAHRIYAH | BD1: =IFERROR(__xludf.DUMMYFUNCTION("""COMPUTED_VALUE"""),"JUMLAH JARIYAH") -> JUMLAH JARIYAH | BE1: =IFERROR(__xludf.DUMMYFUNCTION("""COMPUTED_VALUE"""),"JUMLAH DAFTAR ULANG") -> JUMLAH DAFTAR ULANG | BF1: =IFERROR(__xludf.DUMMYFUNCTION("""COMPUTED_VALUE"""),"JUMLAH TOTAL TUNGGAKAN") -> JUMLAH TOTAL TUNGGAKAN
A2: =IFERROR(__xludf.DUMMYFUNCTION("""COMPUTED_VALUE"""),"") | BC2: =IFERROR(__xludf.DUMMYFUNCTION("""COMPUTED_VALUE"""),0.0) -> 0 | BD2: =IFERROR(__xludf.DUMMYFUNCTION("""COMPUTED_VALUE"""),0.0) -> 0 | BE2: =IFERROR(__xludf.DUMMYFUNCTION("""COMPUTED_VALUE"""),0.0) -> 0 | BF2: =IFERROR(__xludf.DUMMYFUNCTION("""COMPUTED_VALUE"""),0.0) -> 0
A3: =IFERROR(__xludf.DUMMYFUNCTION("""COMPUTED_VALUE"""),"") | BC3: =IFERROR(__xludf.DUMMYFUNCTION("""COMPUTED_VALUE"""),0.0) -> 0 | BD3: =IFERROR(__xludf.DUMMYFUNCTION("""COMPUTED_VALUE"""),0.0) -> 0 | BE3: =IFERROR(__xludf.DUMMYFUNCTION("""COMPUTED_VALUE"""),0.0) -> 0 | BF3: =IFERROR(__xludf.DUMMYFUNCTION("""COMPUTED_VALUE"""),0.0) -> 0
A4: =IFERROR(__xludf.DUMMYFUNCTION("""COMPUTED_VALUE"""),"") | BC4: =IFERROR(__xludf.DUMMYFUNCTION("""COMPUTED_VALUE"""),0.0) -> 0 | BD4: =IFERROR(__xludf.DUMMYFUNCTION("""COMPUTED_VALUE"""),0.0) -> 0 | BE4: =IFERROR(__xludf.DUMMYFUNCTION("""COMPUTED_VALUE"""),0.0) -> 0 | BF4: =IFERROR(__xludf.DUMMYFUNCTION("""COMPUTED_VALUE"""),0.0) -> 0
A5: =IFERROR(__xludf.DUMMYFUNCTION("""COMPUTED_VALUE"""),"") | BC5: =IFERROR(__xludf.DUMMYFUNCTION("""COMPUTED_VALUE"""),0.0) -> 0 | BD5: =IFERROR(__xludf.DUMMYFUNCTION("""COMPUTED_VALUE"""),0.0) -> 0 | BE5: =IFERROR(__xludf.DUMMYFUNCTION("""COMPUTED_VALUE"""),0.0) -> 0 | BF5: =IFERROR(__xludf.DUMMYFUNCTION("""COMPUTED_VALUE"""),0.0) -> 0
A6: =IFERROR(__xludf.DUMMYFUNCTION("""COMPUTED_VALUE"""),"") | BC6: =IFERROR(__xludf.DUMMYFUNCTION("""COMPUTED_VALUE"""),0.0) -> 0 | BD6: =IFERROR(__xludf.DUMMYFUNCTION("""COMPUTED_VALUE"""),0.0) -> 0 | BE6: =IFERROR(__xludf.DUMMYFUNCTION("""COMPUTED_VALUE"""),0.0) -> 0 | BF6: =IFERROR(__xludf.DUMMYFUNCTION("""COMPUTED_VALUE"""),0.0) -> 0
A7: =IFERROR(__xludf.DUMMYFUNCTION("""COMPUTED_VALUE"""),"") | BC7: =IFERROR(__xludf.DUMMYFUNCTION("""COMPUTED_VALUE"""),0.0) -> 0 | BD7: =IFERROR(__xludf.DUMMYFUNCTION("""COMPUTED_VALUE"""),0.0) -> 0 | BE7: =IFERROR(__xludf.DUMMYFUNCTION("""COMPUTED_VALUE"""),0.0) -> 0 | BF7: =IFERROR(__xludf.DUMMYFUNCTION("""COMPUTED_VALUE"""),0.0) -> 0
A8: =IFERROR(__xludf.DUMMYFUNCTION("""COMPUTED_VALUE"""),"") | BC8: =IFERROR(__xludf.DUMMYFUNCTION("""COMPUTED_VALUE"""),0.0) -> 0 | BD8: =IFERROR(__xludf.DUMMYFUNCTION("""COMPUTED_VALUE"""),0.0) -> 0 | BE8: =IFERROR(__xludf.DUMMYFUNCTION("""COMPUTED_VALUE"""),0.0) -> 0 | BF8: =IFERROR(__xludf.DUMMYFUNCTION("""COMPUTED_VALUE"""),0.0) -> 0
A9: =IFERROR(__xludf.DUMMYFUNCTION("""COMPUTED_VALUE"""),"") | BC9: =IFERROR(__xludf.DUMMYFUNCTION("""COMPUTED_VALUE"""),0.0) -> 0 | BD9: =IFERROR(__xludf.DUMMYFUNCTION("""COMPUTED_VALUE"""),0.0) -> 0 | BE9: =IFERROR(__xludf.DUMMYFUNCTION("""COMPUTED_VALUE"""),0.0) -> 0 | BF9: =IFERROR(__xludf.DUMMYFUNCTION("""COMPUTED_VALUE"""),0.0) -> 0
A10: =IFERROR(__xludf.DUMMYFUNCTION("""COMPUTED_VALUE"""),"") | BC10: =IFERROR(__xludf.DUMMYFUNCTION("""COMPUTED_VALUE"""),0.0) -> 0 | BD10: =IFERROR(__xludf.DUMMYFUNCTION("""COMPUTED_VALUE"""),0.0) -> 0 | BE10: =IFERROR(__xludf.DUMMYFUNCTION("""COMPUTED_VALUE"""),0.0) -> 0 | BF10: =IFERROR(__xludf.DUMMYFUNCTION("""COMPUTED_VALUE"""),0.0) -> 0
A11: =IFERROR(__xludf.DUMMYFUNCTION("""COMPUTED_VALUE"""),"") | BC11: =IFERROR(__xludf.DUMMYFUNCTION("""COMPUTED_VALUE"""),0.0) -> 0 | BD11: =IFERROR(__xludf.DUMMYFUNCTION("""COMPUTED_VALUE"""),0.0) -> 0 | BE11: =IFERROR(__xludf.DUMMYFUNCTION("""COMPUTED_VALUE"""),0.0) -> 0 | BF11: =IFERROR(__xludf.DUMMYFUNCTION("""COMPUTED_VALUE"""),0.0) -> 0
A12: =IFERROR(__xludf.DUMMYFUNCTION("""COMPUTED_VALUE"""),"") | BC12: =IFERROR(__xludf.DUMMYFUNCTION("""COMPUTED_VALUE"""),0.0) -> 0 | BD12: =IFERROR(__xludf.DUMMYFUNCTION("""COMPUTED_VALUE"""),0.0) -> 0 | BE12: =IFERROR(__xludf.DUMMYFUNCTION("""COMPUTED_VALUE"""),0.0) -> 0 | BF12: =IFERROR(__xludf.DUMMYFUNCTION("""COMPUTED_VALUE"""),0.0) -> 0
A13: =IFERROR(__xludf.DUMMYFUNCTION("""COMPUTED_VALUE"""),"") | BC13: =IFERROR(__xludf.DUMMYFUNCTION("""COMPUTED_VALUE"""),0.0) -> 0 | BD13: =IFERROR(__xludf.DUMMYFUNCTION("""COMPUTED_VALUE"""),0.0) -> 0 | BE13: =IFERROR(__xludf.DUMMYFUNCTION("""COMPUTED_VALUE"""),0.0) -> 0 | BF13: =IFERROR(__xludf.DUMMYFUNCTION("""COMPUTED_VALUE"""),0.0) -> 0
... A370: =IFERROR(__xludf.DUMMYFUNCTION("""COMPUTED_VALUE"""),"") | BC370: =IFERROR(__xludf.DUMMYFUNCTION("""COMPUTED_VALUE"""),0.0) -> 0 | BD370: =IFERROR(__xludf.DUMMYFUNCTION("""COMPUTED_VALUE"""),0.0) -> 0 | BE370: =IFERROR(__xludf.DUMMYFUNCTION("""COMPUTED_VALUE"""),0.0) -> 0 | BF370: =IFERROR(__xludf.DUMMYFUNCTION("""COMPUTED_VALUE"""),0.0) -> 0
A371: =IFERROR(__xludf.DUMMYFUNCTION("""COMPUTED_VALUE"""),"")
A372: =IFERROR(__xludf.DUMMYFUNCTION("""COMPUTED_VALUE"""),"")
A373: =IFERROR(__xludf.DUMMYFUNCTION("""COMPUTED_VALUE"""),"")
A374: =IFERROR(__xludf.DUMMYFUNCTION("""COMPUTED_VALUE"""),"")
A375: =IFERROR(__xludf.DUMMYFUNCTION("""COMPUTED_VALUE"""),"")
A376: =IFERROR(__xludf.DUMMYFUNCTION("""COMPUTED_VALUE"""),"")
A377: =IFERROR(__xludf.DUMMYFUNCTION("""COMPUTED_VALUE"""),"")
A378: =IFERROR(__xludf.DUMMYFUNCTION("""COMPUTED_VALUE"""),"")
A379: =IFERROR(__xludf.DUMMYFUNCTION("""COMPUTED_VALUE"""),"")
A380: =IFERROR(__xludf.DUMMYFUNCTION("""COMPUTED_VALUE"""),"")
A381: =IFERROR(__xludf.DUMMYFUNCTION("""COMPUTED_VALUE"""),"")
A382: =IFERROR(__xludf.DUMMYFUNCTION("""COMPUTED_VALUE"""),"")
... A711: =IFERROR(__xludf.DUMMYFUNCTION("""COMPUTED_VALUE"""),"")
B757: 1 | C757: 2 | D757: 3 | E757: 4 | F757: 5 | G757: 6 | H757: 7 | I757: 8 | J757: 9 | K757: 10 | L757: 11 | M757: 12 | N757: 13 | O757: 14 | P757: 15 | Q757: 16 | R757: 17 | S757: 18 | T757: 19 | U757: 20 | V757: 21 | W757: 22 | X757: 23 | Y757: 24 | Z757: 25 | AA757: 26 | AB757: 27 | AC757: 28 | AD757: 29 | AE757: 30 | AF757: 31 | AG757: 32 | AH757: 33 | AI757: 34 | AJ757: 35 | AK757: 36 | AL757: 37 | AM757: 38 | AN757: 39 | AO757: 40 | AP757: 41 | AQ757: 42 | AR757: 43 | AS757: 44 | AT757: 45 | AU757: 46 | AV757: 47 | AW757: 48 | AX757: 49 | AY757: 50 | AZ757: 51 | BA757: 52 | BB757: 53 | BC757: 54 | BD757: 55 | BE757: 56

Sheet import2
A1: =IFERROR(__xludf.DUMMYFUNCTION("IMPORTRANGE(""1r--qa2i5jCx8YeQ_mLlUrqLRTQh7y-fik2wTdRKBimk/edit?gid=675166745#gid=675166745"",""KELAS II!A2:BF750"")"),"NO") -> NO | B1: =IFERROR(__xludf.DUMMYFUNCTION("""COMPUTED_VALUE"""),"NAMA") -> NAMA | C1: =IFERROR(__xludf.DUMMYFUNCTION("""COMPUTED_VALUE"""),"NIS") -> NIS | D1: =IFERROR(__xludf.DUMMYFUNCTION("""COMPUTED_VALUE"""),"AYAH") -> AYAH | E1: =IFERROR(__xludf.DUMMYFUNCTION("""COMPUTED_VALUE"""),"IBU") -> IBU | F1: =IFERROR(__xludf.DUMMYFUNCTION("""COMPUTED_VALUE"""),"ALAMAT") -> ALAMAT | G1: =IFERROR(__xludf.DUMMYFUNCTION("""COMPUTED_VALUE"""),"SEKOLAH") -> SEKOLAH | H1: =IFERROR(__xludf.DUMMYFUNCTION("""COMPUTED_VALUE"""),"ASRAMA") -> ASRAMA | I1: =IFERROR(__xludf.DUMMYFUNCTION("""COMPUTED_VALUE"""),"KAMAR") -> KAMAR | J1: =IFERROR(__xludf.DUMMYFUNCTION("""COMPUTED_VALUE"""),"TINGKAT") -> TINGKAT | K1: =IFERROR(__xludf.DUMMYFUNCTION("""COMPUTED_VALUE"""),"MADRASIAH") -> MADRASIAH | L1: =IFERROR(__xludf.DUMMYFUNCTION("""COMPUTED_VALUE"""),"HP") -> HP | M1: =IFERROR(__xludf.DUMMYFUNCTION("""COMPUTED_VALUE"""),"JARIYAH I") -> JARIYAH I | N1: =IFERROR(__xludf.DUMMYFUNCTION("""COMPUTED_VALUE"""),"DANA KEGIATAN") -> DANA KEGIATAN | O1: =IFERROR(__xludf.DUMMYFUNCTION("""COMPUTED_VALUE"""),7.0) -> 7 | P1: =IFERROR(__xludf.DUMMYFUNCTION("""COMPUTED_VALUE"""),8.0) -> 8 | Q1: =IFERROR(__xludf.DUMMYFUNCTION("""COMPUTED_VALUE"""),9.0) -> 9 | R1: =IFERROR(__xludf.DUMMYFUNCTION("""COMPUTED_VALUE"""),10.0) -> 10 | S1: =IFERROR(__xludf.DUMMYFUNCTION("""COMPUTED_VALUE"""),11.0) -> 11 | T1: =IFERROR(__xludf.DUMMYFUNCTION("""COMPUTED_VALUE"""),12.0) -> 12 | U1: =IFERROR(__xludf.DUMMYFUNCTION("""COMPUTED_VALUE"""),1.0) -> 1 | V1: =IFERROR(__xludf.DUMMYFUNCTION("""COMPUTED_VALUE"""),2.0) -> 2 | W1: =IFERROR(__xludf.DUMMYFUNCTION("""COMPUTED_VALUE"""),3.0) -> 3 | X1: =IFERROR(__xludf.DUMMYFUNCTION("""COMPUTED_VALUE"""),4.0) -> 4 | Y1: =IFERROR(__xludf.DUMMYFUNCTION("""COMPUTED_VALUE"""),5.0) -> 5 | Z1: =IFERROR(__xludf.DUMMYFUNCTION("""COMPUTED_VALUE"""),6.0) -> 6 | AA1: =IFERROR(__xludf.DUMMYFUNCTION("""COMPUTED_VALUE"""),"DAFTAR ULANG KELAS II") -> DAFTAR ULANG KELAS II | AB1: =IFERROR(__xludf.DUMMYFUNCTION("""COMPUTED_VALUE"""),"JARIYAH II") -> JARIYAH II | AC1: =IFERROR(__xludf.DUMMYFUNCTION("""COMPUTED_VALUE"""),7.0) -> 7 | AD1: =IFERROR(__xludf.DUMMYFUNCTION("""COMPUTED_VALUE"""),8.0) -> 8 | AE1: =IFERROR(__xludf.DUMMYFUNCTION("""COMPUTED_VALUE"""),9.0) -> 9 | AF1: =IFERROR(__xludf.DUMMYFUNCTION("""COMPUTED_VALUE"""),10.0) -> 10 | AG1: =IFERROR(__xludf.DUMMYFUNCTION("""COMPUTED_VALUE"""),11.0) -> 11 | AH1: =IFERROR(__xludf.DUMMYFUNCTION("""COMPUTED_VALUE"""),12.0) -> 12 | AI1: =IFERROR(__xludf.DUMMYFUNCTION("""COMPUTED_VALUE"""),1.0) -> 1 | AJ1: =IFERROR(__xludf.DUMMYFUNCTION("""COMPUTED_VALUE"""),2.0) -> 2 | AK1: =IFERROR(__xludf.DUMMYFUNCTION("""COMPUTED_VALUE"""),3.0) -> 3 | AL1: =IFERROR(__xludf.DUMMYFUNCTION("""COMPUTED_VALUE"""),4.0) -> 4 | AM1: =IFERROR(__xludf.DUMMYFUNCTION("""COMPUTED_VALUE"""),5.0) -> 5 | AN1: =IFERROR(__xludf.DUMMYFUNCTION("""COMPUTED_VALUE"""),6.0) -> 6 | AO1: =IFERROR(__xludf.DUMMYFUNCTION("""COMPUTED_VALUE"""),"DAFTAR ULANG KELAS III") -> DAFTAR ULANG KELAS III | AP1: =IFERROR(__xludf.DUMMYFUNCTION("""COMPUTED_VALUE"""),"JARIYAH III") -> JARIYAH III | AQ1: =IFERROR(__xludf.DUMMYFUNCTION("""COMPUTED_VALUE"""),7.0) -> 7 | AR1: =IFERROR(__xludf.DUMMYFUNCTION("""COMPUTED_VALUE"""),8.0) -> 8 | AS1: =IFERROR(__xludf.DUMMYFUNCTION("""COMPUTED_VALUE"""),9.0) -> 9 | AT1: =IFERROR(__xludf.DUMMYFUNCTION("""COMPUTED_VALUE"""),10.0) -> 10 | AU1: =IFERROR(__xludf.DUMMYFUNCTION("""COMPUTED_VALUE"""),11.0) -> 11 | AV1: =IFERROR(__xludf.DUMMYFUNCTION("""COMPUTED_VALUE"""),12.0) -> 12 | AW1: =IFERROR(__xludf.DUMMYFUNCTION("""COMPUTED_VALUE"""),1.0) -> 1 | AX1: =IFERROR(__xludf.DUMMYFUNCTION("""COMPUTED_VALUE"""),2.0) -> 2 | AY1: =IFERROR(__xludf.DUMMYFUNCTION("""COMPUTED_VALUE"""),3.0) -> 3 | AZ1: =IFERROR(__xludf.DUMMYFUNCTION("""COMPUTED_VALUE"""),4.0) -> 4 | BA1: =IFERROR(__xludf.DUMMYFUNCTION("""COMPUTED_VALUE"""),5.0) -> 5 | BB1: =IFERROR(__xludf.DUMMYFUNCTION("""COMPUTED_VALUE"""),6.0) -> 6 | BC1: =IFERROR(__xludf.DUMMYFUNCTION("""COMPUTED_VALUE"""),"JUMLAH SYAHRIYAH") -> JUMLAH SYAHRIYAH | BD1: =IFERROR(__xludf.DUMMYFUNCTION("""COMPUTED_VALUE"""),"JUMLAH JARIYAH") -> JUMLAH JARIYAH | BE1: =IFERROR(__xludf.DUMMYFUNCTION("""COMPUTED_VALUE"""),"JUMLAH DAFTAR ULANG") -> JUMLAH DAFTAR ULANG | BF1: =IFERROR(__xludf.DUMMYFUNCTION("""COMPUTED_VALUE"""),"JUMLAH TOTAL TUNGGAKAN") -> JUMLAH TOTAL TUNGGAKAN
A2: =IFERROR(__xludf.DUMMYFUNCTION("""COMPUTED_VALUE"""),1.0) -> 1 | B2: =IFERROR(__xludf.DUMMYFUNCTION("""COMPUTED_VALUE"""),"ABD. RO`UF WISNU WARDANA") -> ABD. RO`UF WISNU WARDANA | C2: =IFERROR(__xludf.DUMMYFUNCTION("""COMPUTED_VALUE"""),2.025070115E9) -> 2025070115 | D2: =IFERROR(__xludf.DUMMYFUNCTION("""COMPUTED_VALUE"""),"ABDUL MUKHIT") -> ABDUL MUKHIT | E2: =IFERROR(__xludf.DUMMYFUNCTION("""COMPUTED_VALUE"""),"NUR LAYLI ROHMAWATI") -> NUR LAYLI ROHMAWATI | F2: =IFERROR(__xludf.DUMMYFUNCTION("""COMPUTED_VALUE"""),"KLATING TAKERANKLATING RT 005 RW 001 TIKUNG LAMONGAN") -> KLATING TAKERANKLATING RT 005 RW 001 TIKUNG LAMONGAN | G2: =IFERROR(__xludf.DUMMYFUNCTION("""COMPUTED_VALUE"""),"MA-XI.13") -> MA-XI.13 | H2: =IFERROR(__xludf.DUMMYFUNCTION("""COMPUTED_VALUE"""),"A") -> A | I2: =IFERROR(__xludf.DUMMYFUNCTION("""COMPUTED_VALUE"""),"A-4") -> A-4 | J2: =IFERROR(__xludf.DUMMYFUNCTION("""COMPUTED_VALUE"""),2.0) -> 2 | K2: =IFERROR(__xludf.DUMMYFUNCTION("""COMPUTED_VALUE"""),"2 MAK PUTRA") -> 2 MAK PUTRA | L2: =IFERROR(__xludf.DUMMYFUNCTION("""COMPUTED_VALUE"""),"6285707284833") -> 6285707284833 | AB2: =IFERROR(__xludf.DUMMYFUNCTION("""COMPUTED_VALUE"""),500000.0) -> 500000 | AP2: =IFERROR(__xludf.DUMMYFUNCTION("""COMPUTED_VALUE"""),500000.0) -> 500000 | BC2: =IFERROR(__xludf.DUMMYFUNCTION("""COMPUTED_VALUE"""),0.0) -> 0 | BD2: =IFERROR(__xludf.DUMMYFUNCTION("""COMPUTED_VALUE"""),1000000.0) -> 1000000 | BE2: =IFERROR(__xludf.DUMMYFUNCTION("""COMPUTED_VALUE"""),0.0) -> 0 | BF2: =IFERROR(__xludf.DUMMYFUNCTION("""COMPUTED_VALUE"""),1000000.0) -> 1000000
A3: =IFERROR(__xludf.DUMMYFUNCTION("""COMPUTED_VALUE"""),2.0) -> 2 | B3: =IFERROR(__xludf.DUMMYFUNCTION("""COMPUTED_VALUE"""),"ABDUL AZIZ") -> ABDUL AZIZ | C3: =IFERROR(__xludf.DUMMYFUNCTION("""COMPUTED_VALUE"""),2.025070596E9) -> 2025070596 | D3: =IFERROR(__xludf.DUMMYFUNCTION("""COMPUTED_VALUE"""),"ABDUL ROHIM") -> ABDUL ROHIM | E3: =IFERROR(__xludf.DUMMYFUNCTION("""COMPUTED_VALUE"""),"MAHWIYAH") -> MAHWIYAH | F3: =IFERROR(__xludf.DUMMYFUNCTION("""COMPUTED_VALUE"""),"KALIREJO RT 003 RW 002 DUKUN GRESIK") -> KALIREJO RT 003 RW 002 DUKUN GRESIK | G3: =IFERROR(__xludf.DUMMYFUNCTION("""COMPUTED_VALUE"""),"MTS-8 C") -> MTS-8 C | H3: =IFERROR(__xludf.DUMMYFUNCTION("""COMPUTED_VALUE"""),"A") -> A | I3: =IFERROR(__xludf.DUMMYFUNCTION("""COMPUTED_VALUE"""),"A-1") -> A-1 | J3: =IFERROR(__xludf.DUMMYFUNCTION("""COMPUTED_VALUE"""),2.0) -> 2 | K3: =IFERROR(__xludf.DUMMYFUNCTION("""COMPUTED_VALUE"""),"2 ULA A PUTRA") -> 2 ULA A PUTRA | L3: =IFERROR(__xludf.DUMMYFUNCTION("""COMPUTED_VALUE"""),"6285784330109") -> 6285784330109 | AP3: =IFERROR(__xludf.DUMMYFUNCTION("""COMPUTED_VALUE"""),500000.0) -> 500000 | BC3: =IFERROR(__xludf.DUMMYFUNCTION("""COMPUTED_VALUE"""),0.0) -> 0 | BD3: =IFERROR(__xludf.DUMMYFUNCTION("""COMPUTED_VALUE"""),500000.0) -> 500000 | BE3: =IFERROR(__xludf.DUMMYFUNCTION("""COMPUTED_VALUE"""),0.0) -> 0 | BF3: =IFERROR(__xludf.DUMMYFUNCTION("""COMPUTED_VALUE"""),500000.0) -> 500000
A4: =IFERROR(__xludf.DUMMYFUNCTION("""COMPUTED_VALUE"""),3.0) -> 3 | B4: =IFERROR(__xludf.DUMMYFUNCTION("""COMPUTED_VALUE"""),"ABDUL MALIK ARIF DAULAY") -> ABDUL MALIK ARIF DAULAY | C4: =IFERROR(__xludf.DUMMYFUNCTION("""COMPUTED_VALUE"""),2.025070299E9) -> 2025070299 | D4: =IFERROR(__xludf.DUMMYFUNCTION("""COMPUTED_VALUE"""),"HARI MAULIADI DAULAY") -> HARI MAULIADI DAULAY | E4: =IFERROR(__xludf.DUMMYFUNCTION("""COMPUTED_VALUE"""),"SITI NURAFIYAH") -> SITI NURAFIYAH | F4: =IFERROR(__xludf.DUMMYFUNCTION("""COMPUTED_VALUE"""),"GENDONG RT 002 RW 004 LAREN LAMONGAN") -> GENDONG RT 002 RW 004 LAREN LAMONGAN | G4: =IFERROR(__xludf.DUMMYFUNCTION("""COMPUTED_VALUE"""),"MA-XI.13") -> MA-XI.13 | H4: =IFERROR(__xludf.DUMMYFUNCTION("""COMPUTED_VALUE"""),"A") -> A | I4: =IFERROR(__xludf.DUMMYFUNCTION("""COMPUTED_VALUE"""),"A-2") -> A-2 | J4: =IFERROR(__xludf.DUMMYFUNCTION("""COMPUTED_VALUE"""),2.0) -> 2 | K4: =IFERROR(__xludf.DUMMYFUNCTION("""COMPUTED_VALUE"""),"2 MAK PUTRA") -> 2 MAK PUTRA | L4: =IFERROR(__xludf.DUMMYFUNCTION("""COMPUTED_VALUE"""),"6285646321062") -> 6285646321062 | AP4: =IFERROR(__xludf.DUMMYFUNCTION("""COMPUTED_VALUE"""),500000.0) -> 500000 | BC4: =IFERROR(__xludf.DUMMYFUNCTION("""COMPUTED_VALUE"""),0.0) -> 0 | BD4: =IFERROR(__xludf.DUMMYFUNCTION("""COMPUTED_VALUE"""),500000.0) -> 500000 | BE4: =IFERROR(__xludf.DUMMYFUNCTION("""COMPUTED_VALUE"""),0.0) -> 0 | BF4: =IFERROR(__xludf.DUMMYFUNCTION("""COMPUTED_VALUE"""),500000.0) -> 500000
A5: =IFERROR(__xludf.DUMMYFUNCTION("""COMPUTED_VALUE"""),4.0) -> 4 | B5: =IFERROR(__xludf.DUMMYFUNCTION("""COMPUTED_VALUE"""),"ABDUL MUIZ SALAM") -> ABDUL MUIZ SALAM | C5: =IFERROR(__xludf.DUMMYFUNCTION("""COMPUTED_VALUE"""),2.025070224E9) -> 2025070224 | D5: =IFERROR(__xludf.DUMMYFUNCTION("""COMPUTED_VALUE"""),"SUHARTOYO") -> SUHARTOYO | E5: =IFERROR(__xludf.DUMMYFUNCTION("""COMPUTED_VALUE"""),"KASMUNTIK") -> KASMUNTIK | F5: =IFERROR(__xludf.DUMMYFUNCTION("""COMPUTED_VALUE"""),"KEPATIHAN SUKOREJO RT 007 RW 002 TURI LAMONGAN") -> KEPATIHAN SUKOREJO RT 007 RW 002 TURI LAMONGAN | G5: =IFERROR(__xludf.DUMMYFUNCTION("""COMPUTED_VALUE"""),"MA-XI.13") -> MA-XI.13 | H5: =IFERROR(__xludf.DUMMYFUNCTION("""COMPUTED_VALUE"""),"A") -> A | I5: =IFERROR(__xludf.DUMMYFUNCTION("""COMPUTED_VALUE"""),"A-4") -> A-4 | J5: =IFERROR(__xludf.DUMMYFUNCTION("""COMPUTED_VALUE"""),2.0) -> 2 | K5: =IFERROR(__xludf.DUMMYFUNCTION("""COMPUTED_VALUE"""),"2 MAK PUTRA") -> 2 MAK PUTRA | L5: =IFERROR(__xludf.DUMMYFUNCTION("""COMPUTED_VALUE"""),"6285731779996") -> 6285731779996 | AB5: =IFERROR(__xludf.DUMMYFUNCTION("""COMPUTED_VALUE"""),500000.0) -> 500000 | AP5: =IFERROR(__xludf.DUMMYFUNCTION("""COMPUTED_VALUE"""),500000.0) -> 500000 | BC5: =IFERROR(__xludf.DUMMYFUNCTION("""COMPUTED_VALUE"""),0.0) -> 0 | BD5: =IFERROR(__xludf.DUMMYFUNCTION("""COMPUTED_VALUE"""),1000000.0) -> 1000000 | BE5: =IFERROR(__xludf.DUMMYFUNCTION("""COMPUTED_VALUE"""),0.0) -> 0 | BF5: =IFERROR(__xludf.DUMMYFUNCTION("""COMPUTED_VALUE"""),1000000.0) -> 1000000
A6: =IFERROR(__xludf.DUMMYFUNCTION("""COMPUTED_VALUE"""),5.0) -> 5 | B6: =IFERROR(__xludf.DUMMYFUNCTION("""COMPUTED_VALUE"""),"ABDUL QODIR AL JAILANI") -> ABDUL QODIR AL JAILANI | C6: =IFERROR(__xludf.DUMMYFUNCTION("""COMPUTED_VALUE"""),2.025070418E9) -> 2025070418 | D6: =IFERROR(__xludf.DUMMYFUNCTION("""COMPUTED_VALUE"""),"SHOLEHODDIN") -> SHOLEHODDIN | E6: =IFERROR(__xludf.DUMMYFUNCTION("""COMPUTED_VALUE"""),"MUNIROH") -> MUNIROH | F6: =IFERROR(__xludf.DUMMYFUNCTION("""COMPUTED_VALUE"""),"BERLANTONG PANDIYANGAN RT 000 RW 000 ROBATAL SAMPANG") -> BERLANTONG PANDIYANGAN RT 000 RW 000 ROBATAL SAMPANG | G6: =IFERROR(__xludf.DUMMYFUNCTION("""COMPUTED_VALUE"""),"MA-XI.13") -> MA-XI.13 | H6: =IFERROR(__xludf.DUMMYFUNCTION("""COMPUTED_VALUE"""),"A") -> A | I6: =IFERROR(__xludf.DUMMYFUNCTION("""COMPUTED_VALUE"""),"A-2") -> A-2 | J6: =IFERROR(__xludf.DUMMYFUNCTION("""COMPUTED_VALUE"""),2.0) -> 2 | K6: =IFERROR(__xludf.DUMMYFUNCTION("""COMPUTED_VALUE"""),"2 MAK PUTRA") -> 2 MAK PUTRA | L6: =IFERROR(__xludf.DUMMYFUNCTION("""COMPUTED_VALUE"""),"6282334141174") -> 6282334141174 | N6: =IFERROR(__xludf.DUMMYFUNCTION("""COMPUTED_VALUE""")," ") | Z6: =IFERROR(__xludf.DUMMYFUNCTION("""COMPUTED_VALUE"""),450000.0) -> 450000 | BC6: =IFERROR(__xludf.DUMMYFUNCTION("""COMPUTED_VALUE"""),450000.0) -> 450000 | BD6: =IFERROR(__xludf.DUMMYFUNCTION("""COMPUTED_VALUE"""),0.0) -> 0 | BE6: =IFERROR(__xludf.DUMMYFUNCTION("""COMPUTED_VALUE"""),0.0) -> 0 | BF6: =IFERROR(__xludf.DUMMYFUNCTION("""COMPUTED_VALUE"""),450000.0) -> 450000
A7: =IFERROR(__xludf.DUMMYFUNCTION("""COMPUTED_VALUE"""),6.0) -> 6 | B7: =IFERROR(__xludf.DUMMYFUNCTION("""COMPUTED_VALUE"""),"ABI DZAR AL GHIFARI") -> ABI DZAR AL GHIFARI | C7: =IFERROR(__xludf.DUMMYFUNCTION("""COMPUTED_VALUE"""),2.025070493E9) -> 2025070493 | D7: =IFERROR(__xludf.DUMMYFUNCTION("""COMPUTED_VALUE"""),"MOH. ROHMAN") -> MOH. ROHMAN | E7: =IFERROR(__xludf.DUMMYFUNCTION("""COMPUTED_VALUE"""),"SITI WAHYUNI") -> SITI WAHYUNI | F7: =IFERROR(__xludf.DUMMYFUNCTION("""COMPUTED_VALUE"""),"GLUMO JELAKCATUR RT 001 RW 005 KALITENGAH LAMONGAN") -> GLUMO JELAKCATUR RT 001 RW 005 KALITENGAH LAMONGAN | G7: =IFERROR(__xludf.DUMMYFUNCTION("""COMPUTED_VALUE"""),"SMP-VIII C") -> SMP-VIII C | H7: =IFERROR(__xludf.DUMMYFUNCTION("""COMPUTED_VALUE"""),"A") -> A | I7: =IFERROR(__xludf.DUMMYFUNCTION("""COMPUTED_VALUE"""),"A-1") -> A-1 | J7: =IFERROR(__xludf.DUMMYFUNCTION("""COMPUTED_VALUE"""),2.0) -> 2 | K7: =IFERROR(__xludf.DUMMYFUNCTION("""COMPUTED_VALUE"""),"2 ULA A PUTRA") -> 2 ULA A PUTRA | L7: =IFERROR(__xludf.DUMMYFUNCTION("""COMPUTED_VALUE"""),"6285855722817") -> 6285855722817 | M7: =IFERROR(__xludf.DUMMYFUNCTION("""COMPUTED_VALUE"""),600000.0) -> 600000 | Q7: =IFERROR(__xludf.DUMMYFUNCTION("""COMPUTED_VALUE"""),450000.0) -> 450000 | R7: =IFERROR(__xludf.DUMMYFUNCTION("""COMPUTED_VALUE"""),450000.0) -> 450000 | S7: =IFERROR(__xludf.DUMMYFUNCTION("""COMPUTED_VALUE"""),450000.0) -> 450000 | T7: =IFERROR(__xludf.DUMMYFUNCTION("""COMPUTED_VALUE"""),450000.0) -> 450000 | U7: =IFERROR(__xludf.DUMMYFUNCTION("""COMPUTED_VALUE"""),450000.0) -> 450000 | V7: =IFERROR(__xludf.DUMMYFUNCTION("""COMPUTED_VALUE"""),450000.0) -> 450000 | W7: =IFERROR(__xludf.DUMMYFUNCTION("""COMPUTED_VALUE"""),450000.0) -> 450000 | X7: =IFERROR(__xludf.DUMMYFUNCTION("""COMPUTED_VALUE"""),450000.0) -> 450000 | ... Z7: =IFERROR(__xludf.DUMMYFUNCTION("""COMPUTED_VALUE"""),450000.0) -> 450000 | AB7: =IFERROR(__xludf.DUMMYFUNCTION("""COMPUTED_VALUE"""),500000.0) -> 500000 | AP7: =IFERROR(__xludf.DUMMYFUNCTION("""COMPUTED_VALUE"""),500000.0) -> 500000 | BC7: =IFERROR(__xludf.DUMMYFUNCTION("""COMPUTED_VALUE"""),4500000.0) -> 4500000 | BD7: =IFERROR(__xludf.DUMMYFUNCTION("""COMPUTED_VALUE"""),1600000.0) -> 1600000 | BE7: =IFERROR(__xludf.DUMMYFUNCTION("""COMPUTED_VALUE"""),0.0) -> 0 | BF7: =IFERROR(__xludf.DUMMYFUNCTION("""COMPUTED_VALUE"""),6100000.0) -> 6100000
A8: =IFERROR(__xludf.DUMMYFUNCTION("""COMPUTED_VALUE"""),7.0) -> 7 | B8: =IFERROR(__xludf.DUMMYFUNCTION("""COMPUTED_VALUE"""),"ACHMAD MIFTAHUL AN-NURIL HUDA") -> ACHMAD MIFTAHUL AN-NURIL HUDA | C8: =IFERROR(__xludf.DUMMYFUNCTION("""COMPUTED_VALUE"""),2.025070328E9) -> 2025070328 | D8: =IFERROR(__xludf.DUMMYFUNCTION("""COMPUTED_VALUE"""),"MUHAMMAD ROQIB") -> MUHAMMAD ROQIB | E8: =IFERROR(__xludf.DUMMYFUNCTION("""COMPUTED_VALUE"""),"QOMAI EFTIKA") -> QOMAI EFTIKA | F8: =IFERROR(__xludf.DUMMYFUNCTION("""COMPUTED_VALUE"""),"SUKOLILO RT 002 RW 003 SUKODADI LAMONGAN") -> SUKOLILO RT 002 RW 003 SUKODADI LAMONGAN | G8: =IFERROR(__xludf.DUMMYFUNCTION("""COMPUTED_VALUE"""),"MA-XI.13") -> MA-XI.13 | H8: =IFERROR(__xludf.DUMMYFUNCTION("""COMPUTED_VALUE"""),"A") -> A | I8: =IFERROR(__xludf.DUMMYFUNCTION("""COMPUTED_VALUE"""),"A-2") -> A-2 | J8: =IFERROR(__xludf.DUMMYFUNCTION("""COMPUTED_VALUE"""),2.0) -> 2 | K8: =IFERROR(__xludf.DUMMYFUNCTION("""COMPUTED_VALUE"""),"2 MAK PUTRA") -> 2 MAK PUTRA | L8: =IFERROR(__xludf.DUMMYFUNCTION("""COMPUTED_VALUE"""),"62895420477717") -> 62895420477717 | N8: =IFERROR(__xludf.DUMMYFUNCTION("""COMPUTED_VALUE"""),200000.0) -> 200000 | X8: =IFERROR(__xludf.DUMMYFUNCTION("""COMPUTED_VALUE"""),450000.0) -> 450000 | Y8: =IFERROR(__xludf.DUMMYFUNCTION("""COMPUTED_VALUE"""),450000.0) -> 450000 | Z8: =IFERROR(__xludf.DUMMYFUNCTION("""COMPUTED_VALUE"""),450000.0) -> 450000 | BC8: =IFERROR(__xludf.DUMMYFUNCTION("""COMPUTED_VALUE"""),1350000.0) -> 1350000 | BD8: =IFERROR(__xludf.DUMMYFUNCTION("""COMPUTED_VALUE"""),0.0) -> 0 | BE8: =IFERROR(__xludf.DUMMYFUNCTION("""COMPUTED_VALUE"""),0.0) -> 0 | BF8: =IFERROR(__xludf.DUMMYFUNCTION("""COMPUTED_VALUE"""),1350000.0) -> 1350000
A9: =IFERROR(__xludf.DUMMYFUNCTION("""COMPUTED_VALUE"""),8.0) -> 8 | B9: =IFERROR(__xludf.DUMMYFUNCTION("""COMPUTED_VALUE"""),"ACHMAD SIDDIQ") -> ACHMAD SIDDIQ | C9: =IFERROR(__xludf.DUMMYFUNCTION("""COMPUTED_VALUE"""),2.025070306E9) -> 2025070306 | D9: =IFERROR(__xludf.DUMMYFUNCTION("""COMPUTED_VALUE"""),"ZAENAL MUSTOFA") -> ZAENAL MUSTOFA | E9: =IFERROR(__xludf.DUMMYFUNCTION("""COMPUTED_VALUE"""),"KUSENAH") -> KUSENAH | F9: =IFERROR(__xludf.DUMMYFUNCTION("""COMPUTED_VALUE"""),"BANYUBANG RT 011 RW 003 SOLOKURO LAMONGAN") -> BANYUBANG RT 011 RW 003 SOLOKURO LAMONGAN | G9: =IFERROR(__xludf.DUMMYFUNCTION("""COMPUTED_VALUE"""),"MA-XI.13") -> MA-XI.13 | H9: =IFERROR(__xludf.DUMMYFUNCTION("""COMPUTED_VALUE"""),"A") -> A | I9: =IFERROR(__xludf.DUMMYFUNCTION("""COMPUTED_VALUE"""),"A-4") -> A-4 | J9: =IFERROR(__xludf.DUMMYFUNCTION("""COMPUTED_VALUE"""),2.0) -> 2 | K9: =IFERROR(__xludf.DUMMYFUNCTION("""COMPUTED_VALUE"""),"2 MAK PUTRA") -> 2 MAK PUTRA | L9: =IFERROR(__xludf.DUMMYFUNCTION("""COMPUTED_VALUE"""),"6282214993212") -> 6282214993212 | AB9: =IFERROR(__xludf.DUMMYFUNCTION("""COMPUTED_VALUE"""),500000.0) -> 500000 | AP9: =IFERROR(__xludf.DUMMYFUNCTION("""COMPUTED_VALUE"""),500000.0) -> 500000 | BC9: =IFERROR(__xludf.DUMMYFUNCTION("""COMPUTED_VALUE"""),0.0) -> 0 | BD9: =IFERROR(__xludf.DUMMYFUNCTION("""COMPUTED_VALUE"""),1000000.0) -> 1000000 | BE9: =IFERROR(__xludf.DUMMYFUNCTION("""COMPUTED_VALUE"""),0.0) -> 0 | BF9: =IFERROR(__xludf.DUMMYFUNCTION("""COMPUTED_VALUE"""),1000000.0) -> 1000000
A10: =IFERROR(__xludf.DUMMYFUNCTION("""COMPUTED_VALUE"""),9.0) -> 9 | B10: =IFERROR(__xludf.DUMMYFUNCTION("""COMPUTED_VALUE"""),"ACHMAD SYAHRUL DZAKIE AL KAUTSAR") -> ACHMAD SYAHRUL DZAKIE AL KAUTSAR | C10: =IFERROR(__xludf.DUMMYFUNCTION("""COMPUTED_VALUE"""),2.025070523E9) -> 2025070523 | D10: =IFERROR(__xludf.DUMMYFUNCTION("""COMPUTED_VALUE"""),"MOH. SYAIFUL ANSHOR") -> MOH. SYAIFUL ANSHOR | E10: =IFERROR(__xludf.DUMMYFUNCTION("""COMPUTED_VALUE"""),"SHOLIHATUL MUFIDAH") -> SHOLIHATUL MUFIDAH | F10: =IFERROR(__xludf.DUMMYFUNCTION("""COMPUTED_VALUE"""),"JL AMBARAWA PETUNG RT 010 RW 004 PANCENG BABAT") -> JL AMBARAWA PETUNG RT 010 RW 004 PANCENG BABAT | G10: =IFERROR(__xludf.DUMMYFUNCTION("""COMPUTED_VALUE"""),"MTS-8 F") -> MTS-8 F | H10: =IFERROR(__xludf.DUMMYFUNCTION("""COMPUTED_VALUE"""),"A") -> A | I10: =IFERROR(__xludf.DUMMYFUNCTION("""COMPUTED_VALUE"""),"A-3") -> A-3 | J10: =IFERROR(__xludf.DUMMYFUNCTION("""COMPUTED_VALUE"""),2.0) -> 2 | K10: =IFERROR(__xludf.DUMMYFUNCTION("""COMPUTED_VALUE"""),"2 ULA A PUTRA") -> 2 ULA A PUTRA | L10: =IFERROR(__xludf.DUMMYFUNCTION("""COMPUTED_VALUE"""),"62881027793394") -> 62881027793394 | AB10: =IFERROR(__xludf.DUMMYFUNCTION("""COMPUTED_VALUE"""),500000.0) -> 500000 | AP10: =IFERROR(__xludf.DUMMYFUNCTION("""COMPUTED_VALUE"""),500000.0) -> 500000 | BC10: =IFERROR(__xludf.DUMMYFUNCTION("""COMPUTED_VALUE"""),0.0) -> 0 | BD10: =IFERROR(__xludf.DUMMYFUNCTION("""COMPUTED_VALUE"""),1000000.0) -> 1000000 | BE10: =IFERROR(__xludf.DUMMYFUNCTION("""COMPUTED_VALUE"""),0.0) -> 0 | BF10: =IFERROR(__xludf.DUMMYFUNCTION("""COMPUTED_VALUE"""),1000000.0) -> 1000000
A11: =IFERROR(__xludf.DUMMYFUNCTION("""COMPUTED_VALUE"""),10.0) -> 10 | B11: =IFERROR(__xludf.DUMMYFUNCTION("""COMPUTED_VALUE"""),"ADHIAN SAKANI ZADDA") -> ADHIAN SAKANI ZADDA | C11: =IFERROR(__xludf.DUMMYFUNCTION("""COMPUTED_VALUE"""),2.025070582E9) -> 2025070582 | D11: =IFERROR(__xludf.DUMMYFUNCTION("""COMPUTED_VALUE"""),"KUSNUL SAKIN") -> KUSNUL SAKIN | E11: =IFERROR(__xludf.DUMMYFUNCTION("""COMPUTED_VALUE"""),"MARKUTIK") -> MARKUTIK | F11: =IFERROR(__xludf.DUMMYFUNCTION("""COMPUTED_VALUE"""),"SUGIHAN RT 012 RW 002 SOLOKURO LAMONGAN") -> SUGIHAN RT 012 RW 002 SOLOKURO LAMONGAN | G11: =IFERROR(__xludf.DUMMYFUNCTION("""COMPUTED_VALUE"""),"MTS-8 G") -> MTS-8 G | H11: =IFERROR(__xludf.DUMMYFUNCTION("""COMPUTED_VALUE"""),"A") -> A | I11: =IFERROR(__xludf.DUMMYFUNCTION("""COMPUTED_VALUE"""),"A-3") -> A-3 | J11: =IFERROR(__xludf.DUMMYFUNCTION("""COMPUTED_VALUE"""),2.0) -> 2 | K11: =IFERROR(__xludf.DUMMYFUNCTION("""COMPUTED_VALUE"""),"2 ULA A PUTRA") -> 2 ULA A PUTRA | L11: =IFERROR(__xludf.DUMMYFUNCTION("""COMPUTED_VALUE"""),"628563276002") -> 628563276002 | AB11: =IFERROR(__xludf.DUMMYFUNCTION("""COMPUTED_VALUE"""),500000.0) -> 500000 | AP11: =IFERROR(__xludf.DUMMYFUNCTION("""COMPUTED_VALUE"""),500000.0) -> 500000 | BC11: =IFERROR(__xludf.DUMMYFUNCTION("""COMPUTED_VALUE"""),0.0) -> 0 | BD11: =IFERROR(__xludf.DUMMYFUNCTION("""COMPUTED_VALUE"""),1000000.0) -> 1000000 | BE11: =IFERROR(__xludf.DUMMYFUNCTION("""COMPUTED_VALUE"""),0.0) -> 0 | BF11: =IFERROR(__xludf.DUMMYFUNCTION("""COMPUTED_VALUE"""),1000000.0) -> 1000000
A12: =IFERROR(__xludf.DUMMYFUNCTION("""COMPUTED_VALUE"""),11.0) -> 11 | B12: =IFERROR(__xludf.DUMMYFUNCTION("""COMPUTED_VALUE"""),"ADI FAJAR MUAYYAD") -> ADI FAJAR MUAYYAD | C12: =IFERROR(__xludf.DUMMYFUNCTION("""COMPUTED_VALUE"""),2.025070642E9) -> 2025070642 | D12: =IFERROR(__xludf.DUMMYFUNCTION("""COMPUTED_VALUE"""),"SRIMAT") -> SRIMAT | E12: =IFERROR(__xludf.DUMMYFUNCTION("""COMPUTED_VALUE"""),"UMMUL HASANAH") -> UMMUL HASANAH | F12: =IFERROR(__xludf.DUMMYFUNCTION("""COMPUTED_VALUE"""),"KARANGTAWAR RT 002 RW 001 LAREN LAMONGAN") -> KARANGTAWAR RT 002 RW 001 LAREN LAMONGAN | G12: =IFERROR(__xludf.DUMMYFUNCTION("""COMPUTED_VALUE"""),"MTS-8 B") -> MTS-8 B | H12: =IFERROR(__xludf.DUMMYFUNCTION("""COMPUTED_VALUE"""),"A") -> A | I12: =IFERROR(__xludf.DUMMYFUNCTION("""COMPUTED_VALUE"""),"A-1") -> A-1 | J12: =IFERROR(__xludf.DUMMYFUNCTION("""COMPUTED_VALUE"""),2.0) -> 2 | K12: =IFERROR(__xludf.DUMMYFUNCTION("""COMPUTED_VALUE"""),"2 ULA A PUTRA") -> 2 ULA A PUTRA | L12: =IFERROR(__xludf.DUMMYFUNCTION("""COMPUTED_VALUE"""),"6285739097145") -> 6285739097145 | BC12: =IFERROR(__xludf.DUMMYFUNCTION("""COMPUTED_VALUE"""),0.0) -> 0 | BD12: =IFERROR(__xludf.DUMMYFUNCTION("""COMPUTED_VALUE"""),0.0) -> 0 | BE12: =IFERROR(__xludf.DUMMYFUNCTION("""COMPUTED_VALUE"""),0.0) -> 0 | BF12: =IFERROR(__xludf.DUMMYFUNCTION("""COMPUTED_VALUE"""),0.0) -> 0
A13: =IFERROR(__xludf.DUMMYFUNCTION("""COMPUTED_VALUE"""),12.0) -> 12 | B13: =IFERROR(__xludf.DUMMYFUNCTION("""COMPUTED_VALUE"""),"ADITYA FERYANSYAH") -> ADITYA FERYANSYAH | C13: =IFERROR(__xludf.DUMMYFUNCTION("""COMPUTED_VALUE"""),2.02507046E9) -> 2025070460 | D13: =IFERROR(__xludf.DUMMYFUNCTION("""COMPUTED_VALUE"""),"ZAENAL ARIFIN W") -> ZAENAL ARIFIN W | E13: =IFERROR(__xludf.DUMMYFUNCTION("""COMPUTED_VALUE"""),"ASLAMIYAH") -> ASLAMIYAH | F13: =IFERROR(__xludf.DUMMYFUNCTION("""COMPUTED_VALUE"""),"JL. DEMAK JAYA GG 8 NO 9 TEMBOK DUKUH RT 012 RW 010 BUBUTAN SURABAYA") -> JL. DEMAK JAYA GG 8 NO 9 TEMBOK DUKUH RT 012 RW 010 BUBUTAN SURABAYA | G13: =IFERROR(__xludf.DUMMYFUNCTION("""COMPUTED_VALUE"""),"SMK-XI TSM") -> SMK-XI TSM | H13: =IFERROR(__xludf.DUMMYFUNCTION("""COMPUTED_VALUE"""),"A") -> A | I13: =IFERROR(__xludf.DUMMYFUNCTION("""COMPUTED_VALUE"""),"A-4") -> A-4 | J13: =IFERROR(__xludf.DUMMYFUNCTION("""COMPUTED_VALUE"""),2.0) -> 2 | K13: =IFERROR(__xludf.DUMMYFUNCTION("""COMPUTED_VALUE"""),"2 WUSTHO A PUTRA") -> 2 WUSTHO A PUTRA | L13: =IFERROR(__xludf.DUMMYFUNCTION("""COMPUTED_VALUE"""),"6283857988668") -> 6283857988668 | AB13: =IFERROR(__xludf.DUMMYFUNCTION("""COMPUTED_VALUE"""),500000.0) -> 500000 | AP13: =IFERROR(__xludf.DUMMYFUNCTION("""COMPUTED_VALUE"""),500000.0) -> 500000 | BC13: =IFERROR(__xludf.DUMMYFUNCTION("""COMPUTED_VALUE"""),0.0) -> 0 | BD13: =IFERROR(__xludf.DUMMYFUNCTION("""COMPUTED_VALUE"""),1000000.0) -> 1000000 | BE13: =IFERROR(__xludf.DUMMYFUNCTION("""COMPUTED_VALUE"""),0.0) -> 0 | BF13: =IFERROR(__xludf.DUMMYFUNCTION("""COMPUTED_VALUE"""),1000000.0) -> 1000000
A14: =IFERROR(__xludf.DUMMYFUNCTION("""COMPUTED_VALUE"""),13.0) -> 13 | B14: =IFERROR(__xludf.DUMMYFUNCTION("""COMPUTED_VALUE"""),"ADJIE PANGESTU NURZAINI") -> ADJIE PANGESTU NURZAINI | C14: =IFERROR(__xludf.DUMMYFUNCTION("""COMPUTED_VALUE"""),2.02507061E9) -> 2025070610 | D14: =IFERROR(__xludf.DUMMYFUNCTION("""COMPUTED_VALUE"""),"AHKMAD ZAINUDDIN") -> AHKMAD ZAINUDDIN | E14: =IFERROR(__xludf.DUMMYFUNCTION("""COMPUTED_VALUE"""),"YUNI HARIATI NINGSIH") -> YUNI HARIATI NINGSIH | F14: =IFERROR(__xludf.DUMMYFUNCTION("""COMPUTED_VALUE"""),"GERMAN RT 002 RW 004 SUGIO LAMONGAN") -> GERMAN RT 002 RW 004 SUGIO LAMONGAN | G14: =IFERROR(__xludf.DUMMYFUNCTION("""COMPUTED_VALUE"""),"MTS-8 C") -> MTS-8 C | H14: =IFERROR(__xludf.DUMMYFUNCTION("""COMPUTED_VALUE"""),"A") -> A | I14: =IFERROR(__xludf.DUMMYFUNCTION("""COMPUTED_VALUE"""),"A-1") -> A-1 | J14: =IFERROR(__xludf.DUMMYFUNCTION("""COMPUTED_VALUE"""),2.0) -> 2 | K14: =IFERROR(__xludf.DUMMYFUNCTION("""COMPUTED_VALUE"""),"2 ULA A PUTRA") -> 2 ULA A PUTRA | L14: =IFERROR(__xludf.DUMMYFUNCTION("""COMPUTED_VALUE"""),"6282132209162") -> 6282132209162 | Y14: =IFERROR(__xludf.DUMMYFUNCTION("""COMPUTED_VALUE"""),450000.0) -> 450000 | Z14: =IFERROR(__xludf.DUMMYFUNCTION("""COMPUTED_VALUE"""),450000.0) -> 450000 | AP14: =IFERROR(__xludf.DUMMYFUNCTION("""COMPUTED_VALUE"""),500000.0) -> 500000 | BC14: =IFERROR(__xludf.DUMMYFUNCTION("""COMPUTED_VALUE"""),900000.0) -> 900000 | BD14: =IFERROR(__xludf.DUMMYFUNCTION("""COMPUTED_VALUE"""),500000.0) -> 500000 | BE14: =IFERROR(__xludf.DUMMYFUNCTION("""COMPUTED_VALUE"""),0.0) -> 0 | BF14: =IFERROR(__xludf.DUMMYFUNCTION("""COMPUTED_VALUE"""),1400000.0) -> 1400000
A15: =IFERROR(__xludf.DUMMYFUNCTION("""COMPUTED_VALUE"""),14.0) -> 14 | B15: =IFERROR(__xludf.DUMMYFUNCTION("""COMPUTED_VALUE"""),"AFDHOL MUSYAFA") -> AFDHOL MUSYAFA | C15: =IFERROR(__xludf.DUMMYFUNCTION("""COMPUTED_VALUE"""),2.025070436E9) -> 2025070436 | D15: =IFERROR(__xludf.DUMMYFUNCTION("""COMPUTED_VALUE"""),"IRWAN") -> IRWAN | E15: =IFERROR(__xludf.DUMMYFUNCTION("""COMPUTED_VALUE"""),"MAISAROH") -> MAISAROH | F15: =IFERROR(__xludf.DUMMYFUNCTION("""COMPUTED_VALUE"""),"JL. KAPAL SELAM LOK TUAN RT 018 RW 000 BONTANG UTARA BONTANG") -> JL. KAPAL SELAM LOK TUAN RT 018 RW 000 BONTANG UTARA BONTANG | G15: =IFERROR(__xludf.DUMMYFUNCTION("""COMPUTED_VALUE"""),"SMK-XI TKJ 1") -> SMK-XI TKJ 1 | H15: =IFERROR(__xludf.DUMMYFUNCTION("""COMPUTED_VALUE"""),"A") -> A | I15: =IFERROR(__xludf.DUMMYFUNCTION("""COMPUTED_VALUE"""),"A-9") -> A-9 | J15: =IFERROR(__xludf.DUMMYFUNCTION("""COMPUTED_VALUE"""),2.0) -> 2 | K15: =IFERROR(__xludf.DUMMYFUNCTION("""COMPUTED_VALUE"""),"2 WUSTHO A PUTRA") -> 2 WUSTHO A PUTRA | L15: =IFERROR(__xludf.DUMMYFUNCTION("""COMPUTED_VALUE"""),"6282240716916") -> 6282240716916 | BC15: =IFERROR(__xludf.DUMMYFUNCTION("""COMPUTED_VALUE"""),0.0) -> 0 | BD15: =IFERROR(__xludf.DUMMYFUNCTION("""COMPUTED_VALUE"""),0.0) -> 0 | BE15: =IFERROR(__xludf.DUMMYFUNCTION("""COMPUTED_VALUE"""),0.0) -> 0 | BF15: =IFERROR(__xludf.DUMMYFUNCTION("""COMPUTED_VALUE"""),0.0) -> 0
A16: =IFERROR(__xludf.DUMMYFUNCTION("""COMPUTED_VALUE"""),15.0) -> 15 | B16: =IFERROR(__xludf.DUMMYFUNCTION("""COMPUTED_VALUE"""),"AHMAD AUFAR SHOLAHAN HIRZI") -> AHMAD AUFAR SHOLAHAN HIRZI | C16: =IFERROR(__xludf.DUMMYFUNCTION("""COMPUTED_VALUE"""),2.025070632E9) -> 2025070632 | D16: =IFERROR(__xludf.DUMMYFUNCTION("""COMPUTED_VALUE"""),"MOHAMAD NURUL IHSAN") -> MOHAMAD NURUL IHSAN | E16: =IFERROR(__xludf.DUMMYFUNCTION("""COMPUTED_VALUE"""),"SHOFIYATUN") -> SHOFIYATUN | F16: =IFERROR(__xludf.DUMMYFUNCTION("""COMPUTED_VALUE"""),"PUCANGRO RT 004 RW 001 KALITENGAH LAMONGAN") -> PUCANGRO RT 004 RW 001 KALITENGAH LAMONGAN | G16: =IFERROR(__xludf.DUMMYFUNCTION("""COMPUTED_VALUE"""),"MTS-8 C") -> MTS-8 C | H16: =IFERROR(__xludf.DUMMYFUNCTION("""COMPUTED_VALUE"""),"A") -> A | I16: =IFERROR(__xludf.DUMMYFUNCTION("""COMPUTED_VALUE"""),"A-3") -> A-3 | J16: =IFERROR(__xludf.DUMMYFUNCTION("""COMPUTED_VALUE"""),2.0) -> 2 | K16: =IFERROR(__xludf.DUMMYFUNCTION("""COMPUTED_VALUE"""),"2 ULA A PUTRA") -> 2 ULA A PUTRA | L16: =IFERROR(__xludf.DUMMYFUNCTION("""COMPUTED_VALUE"""),"6285707398701") -> 6285707398701 | AB16: =IFERROR(__xludf.DUMMYFUNCTION("""COMPUTED_VALUE"""),500000.0) -> 500000 | AP16: =IFERROR(__xludf.DUMMYFUNCTION("""COMPUTED_VALUE"""),500000.0) -> 500000 | BC16: =IFERROR(__xludf.DUMMYFUNCTION("""COMPUTED_VALUE"""),0.0) -> 0 | BD16: =IFERROR(__xludf.DUMMYFUNCTION("""COMPUTED_VALUE"""),1000000.0) -> 1000000 | BE16: =IFERROR(__xludf.DUMMYFUNCTION("""COMPUTED_VALUE"""),0.0) -> 0 | BF16: =IFERROR(__xludf.DUMMYFUNCTION("""COMPUTED_VALUE"""),1000000.0) -> 1000000
A17: =IFERROR(__xludf.DUMMYFUNCTION("""COMPUTED_VALUE"""),16.0) -> 16 | B17: =IFERROR(__xludf.DUMMYFUNCTION("""COMPUTED_VALUE"""),"AHMAD AVICENNA AHZA") -> AHMAD AVICENNA AHZA | C17: =IFERROR(__xludf.DUMMYFUNCTION("""COMPUTED_VALUE"""),2.025070625E9) -> 2025070625 | D17: =IFERROR(__xludf.DUMMYFUNCTION("""COMPUTED_VALUE"""),"ILHAM") -> ILHAM | E17: =IFERROR(__xludf.DUMMYFUNCTION("""COMPUTED_VALUE"""),"ARKANI") -> ARKANI | F17: =IFERROR(__xludf.DUMMYFUNCTION("""COMPUTED_VALUE"""),"PADENGANPLOSO RT 005 RW 001 PUCUK LAMONGAN") -> PADENGANPLOSO RT 005 RW 001 PUCUK LAMONGAN | G17: =IFERROR(__xludf.DUMMYFUNCTION("""COMPUTED_VALUE"""),"MTS-8 E") -> MTS-8 E | H17: =IFERROR(__xludf.DUMMYFUNCTION("""COMPUTED_VALUE"""),"A") -> A | I17: =IFERROR(__xludf.DUMMYFUNCTION("""COMPUTED_VALUE"""),"A-3") -> A-3 | J17: =IFERROR(__xludf.DUMMYFUNCTION("""COMPUTED_VALUE"""),2.0) -> 2 | K17: =IFERROR(__xludf.DUMMYFUNCTION("""COMPUTED_VALUE"""),"2 ULA A PUTRA") -> 2 ULA A PUTRA | L17: =IFERROR(__xludf.DUMMYFUNCTION("""COMPUTED_VALUE"""),"6285231952815") -> 6285231952815 | AB17: =IFERROR(__xludf.DUMMYFUNCTION("""COMPUTED_VALUE"""),500000.0) -> 500000 | AP17: =IFERROR(__xludf.DUMMYFUNCTION("""COMPUTED_VALUE"""),500000.0) -> 500000 | BC17: =IFERROR(__xludf.DUMMYFUNCTION("""COMPUTED_VALUE"""),0.0) -> 0 | BD17: =IFERROR(__xludf.DUMMYFUNCTION("""COMPUTED_VALUE"""),1000000.0) -> 1000000 | BE17: =IFERROR(__xludf.DUMMYFUNCTION("""COMPUTED_VALUE"""),0.0) -> 0 | BF17: =IFERROR(__xludf.DUMMYFUNCTION("""COMPUTED_VALUE"""),1000000.0) -> 1000000
A18: =IFERROR(__xludf.DUMMYFUNCTION("""COMPUTED_VALUE"""),17.0) -> 17 | B18: =IFERROR(__xludf.DUMMYFUNCTION("""COMPUTED_VALUE"""),"AHMAD AZMUL ARIF") -> AHMAD AZMUL ARIF | C18: =IFERROR(__xludf.DUMMYFUNCTION("""COMPUTED_VALUE"""),2.025070136E9) -> 2025070136 | D18: =IFERROR(__xludf.DUMMYFUNCTION("""COMPUTED_VALUE"""),"HUSNUN NADLIF") -> HUSNUN NADLIF | E18: =IFERROR(__xludf.DUMMYFUNCTION("""COMPUTED_VALUE"""),"KHOLIDATUL MA`RIFAH") -> KHOLIDATUL MA`RIFAH | F18: =IFERROR(__xludf.DUMMYFUNCTION("""COMPUTED_VALUE"""),"BANGERAN GENENG BANGERAN RT 005 RW 003 DUKUN GRESIK") -> BANGERAN GENENG BANGERAN RT 005 RW 003 DUKUN GRESIK | G18: =IFERROR(__xludf.DUMMYFUNCTION("""COMPUTED_VALUE"""),"MA-XI.13") -> MA-XI.13 | H18: =IFERROR(__xludf.DUMMYFUNCTION("""COMPUTED_VALUE"""),"A") -> A | I18: =IFERROR(__xludf.DUMMYFUNCTION("""COMPUTED_VALUE"""),"A-4") -> A-4 | J18: =IFERROR(__xludf.DUMMYFUNCTION("""COMPUTED_VALUE"""),2.0) -> 2 | K18: =IFERROR(__xludf.DUMMYFUNCTION("""COMPUTED_VALUE"""),"2 WUSTHO A PUTRA") -> 2 WUSTHO A PUTRA | L18: =IFERROR(__xludf.DUMMYFUNCTION("""COMPUTED_VALUE"""),"6287862214524") -> 6287862214524 | AB18: =IFERROR(__xludf.DUMMYFUNCTION("""COMPUTED_VALUE"""),500000.0) -> 500000 | AP18: =IFERROR(__xludf.DUMMYFUNCTION("""COMPUTED_VALUE"""),500000.0) -> 500000 | BC18: =IFERROR(__xludf.DUMMYFUNCTION("""COMPUTED_VALUE"""),0.0) -> 0 | BD18: =IFERROR(__xludf.DUMMYFUNCTION("""COMPUTED_VALUE"""),1000000.0) -> 1000000 | BE18: =IFERROR(__xludf.DUMMYFUNCTION("""COMPUTED_VALUE"""),0.0) -> 0 | BF18: =IFERROR(__xludf.DUMMYFUNCTION("""COMPUTED_VALUE"""),1000000.0) -> 1000000
A19: =IFERROR(__xludf.DUMMYFUNCTION("""COMPUTED_VALUE"""),18.0) -> 18 | B19: =IFERROR(__xludf.DUMMYFUNCTION("""COMPUTED_VALUE"""),"AHMAD BAHTIAR AL BUSTHOMY") -> AHMAD BAHTIAR AL BUSTHOMY | C19: =IFERROR(__xludf.DUMMYFUNCTION("""COMPUTED_VALUE"""),2.025070592E9) -> 2025070592 | D19: =IFERROR(__xludf.DUMMYFUNCTION("""COMPUTED_VALUE"""),"MOCH.IWAN PRIBADI") -> MOCH.IWAN PRIBADI | E19: =IFERROR(__xludf.DUMMYFUNCTION("""COMPUTED_VALUE"""),"NURUS SAIDATUL FUADAH") -> NURUS SAIDATUL FUADAH | F19: =IFERROR(__xludf.DUMMYFUNCTION("""COMPUTED_VALUE"""),"BALONGPANGGANG RT 004 RW 002 BALONGPANGGANG GRESIK") -> BALONGPANGGANG RT 004 RW 002 BALONGPANGGANG GRESIK | G19: =IFERROR(__xludf.DUMMYFUNCTION("""COMPUTED_VALUE"""),"MTS-8 B") -> MTS-8 B | H19: =IFERROR(__xludf.DUMMYFUNCTION("""COMPUTED_VALUE"""),"A") -> A | I19: =IFERROR(__xludf.DUMMYFUNCTION("""COMPUTED_VALUE"""),"A-1") -> A-1 | J19: =IFERROR(__xludf.DUMMYFUNCTION("""COMPUTED_VALUE"""),2.0) -> 2 | K19: =IFERROR(__xludf.DUMMYFUNCTION("""COMPUTED_VALUE"""),"2 ULA A PUTRA") -> 2 ULA A PUTRA | L19: =IFERROR(__xludf.DUMMYFUNCTION("""COMPUTED_VALUE"""),"6282231132034") -> 6282231132034 | BC19: =IFERROR(__xludf.DUMMYFUNCTION("""COMPUTED_VALUE"""),0.0) -> 0 | BD19: =IFERROR(__xludf.DUMMYFUNCTION("""COMPUTED_VALUE"""),0.0) -> 0 | BE19: =IFERROR(__xludf.DUMMYFUNCTION("""COMPUTED_VALUE"""),0.0) -> 0 | BF19: =IFERROR(__xludf.DUMMYFUNCTION("""COMPUTED_VALUE"""),0.0) -> 0
A20: =IFERROR(__xludf.DUMMYFUNCTION("""COMPUTED_VALUE"""),19.0) -> 19 | B20: =IFERROR(__xludf.DUMMYFUNCTION("""COMPUTED_VALUE"""),"AHMAD DANIEL IHSAN ADHITAMA") -> AHMAD DANIEL IHSAN ADHITAMA | C20: =IFERROR(__xludf.DUMMYFUNCTION("""COMPUTED_VALUE"""),2.025070607E9) -> 2025070607 | D20: =IFERROR(__xludf.DUMMYFUNCTION("""COMPUTED_VALUE"""),"MOH. IRSAN") -> MOH. IRSAN | E20: =IFERROR(__xludf.DUMMYFUNCTION("""COMPUTED_VALUE"""),"MUNJAROTUN") -> MUNJAROTUN | F20: =IFERROR(__xludf.DUMMYFUNCTION("""COMPUTED_VALUE"""),"KULURAN RT 004 RW 004 KALITENGAH LAMONGAN") -> KULURAN RT 004 RW 004 KALITENGAH LAMONGAN | G20: =IFERROR(__xludf.DUMMYFUNCTION("""COMPUTED_VALUE"""),"MTS-8 G") -> MTS-8 G | H20: =IFERROR(__xludf.DUMMYFUNCTION("""COMPUTED_VALUE"""),"A") -> A | I20: =IFERROR(__xludf.DUMMYFUNCTION("""COMPUTED_VALUE"""),"A-1") -> A-1 | J20: =IFERROR(__xludf.DUMMYFUNCTION("""COMPUTED_VALUE"""),2.0) -> 2 | K20: =IFERROR(__xludf.DUMMYFUNCTION("""COMPUTED_VALUE"""),"2 ULA A PUTRA") -> 2 ULA A PUTRA | L20: =IFERROR(__xludf.DUMMYFUNCTION("""COMPUTED_VALUE"""),"6285791936623") -> 6285791936623 | Z20: =IFERROR(__xludf.DUMMYFUNCTION("""COMPUTED_VALUE"""),450000.0) -> 450000 | AB20: =IFERROR(__xludf.DUMMYFUNCTION("""COMPUTED_VALUE"""),500000.0) -> 500000 | AP20: =IFERROR(__xludf.DUMMYFUNCTION("""COMPUTED_VALUE"""),500000.0) -> 500000 | BC20: =IFERROR(__xludf.DUMMYFUNCTION("""COMPUTED_VALUE"""),450000.0) -> 450000 | BD20: =IFERROR(__xludf.DUMMYFUNCTION("""COMPUTED_VALUE"""),1000000.0) -> 1000000 | BE20: =IFERROR(__xludf.DUMMYFUNCTION("""COMPUTED_VALUE"""),0.0) -> 0 | BF20: =IFERROR(__xludf.DUMMYFUNCTION("""COMPUTED_VALUE"""),1450000.0) -> 1450000
A21: =IFERROR(__xludf.DUMMYFUNCTION("""COMPUTED_VALUE"""),20.0) -> 20 | B21: =IFERROR(__xludf.DUMMYFUNCTION("""COMPUTED_VALUE"""),"AHMAD DANISH SYAHPUTRA") -> AHMAD DANISH SYAHPUTRA | C21: =IFERROR(__xludf.DUMMYFUNCTION("""COMPUTED_VALUE"""),2.025070602E9) -> 2025070602 | D21: =IFERROR(__xludf.DUMMYFUNCTION("""COMPUTED_VALUE"""),"ESNANTO HADI SAPUTRO") -> ESNANTO HADI SAPUTRO | E21: =IFERROR(__xludf.DUMMYFUNCTION("""COMPUTED_VALUE"""),"ZUNI ANISAH") -> ZUNI ANISAH | F21: =IFERROR(__xludf.DUMMYFUNCTION("""COMPUTED_VALUE"""),"GEGER RT 003 RW 003 TURI LAMONGAN") -> GEGER RT 003 RW 003 TURI LAMONGAN | G21: =IFERROR(__xludf.DUMMYFUNCTION("""COMPUTED_VALUE"""),"MTS-8 C") -> MTS-8 C | H21: =IFERROR(__xludf.DUMMYFUNCTION("""COMPUTED_VALUE"""),"A") -> A | I21: =IFERROR(__xludf.DUMMYFUNCTION("""COMPUTED_VALUE"""),"A-1") -> A-1 | J21: =IFERROR(__xludf.DUMMYFUNCTION("""COMPUTED_VALUE"""),2.0) -> 2 | K21: =IFERROR(__xludf.DUMMYFUNCTION("""COMPUTED_VALUE"""),"2 ULA A PUTRA") -> 2 ULA A PUTRA | L21: =IFERROR(__xludf.DUMMYFUNCTION("""COMPUTED_VALUE"""),"6285648764381") -> 6285648764381 | AB21: =IFERROR(__xludf.DUMMYFUNCTION("""COMPUTED_VALUE"""),500000.0) -> 500000 | AP21: =IFERROR(__xludf.DUMMYFUNCTION("""COMPUTED_VALUE"""),500000.0) -> 500000 | BC21: =IFERROR(__xludf.DUMMYFUNCTION("""COMPUTED_VALUE"""),0.0) -> 0 | BD21: =IFERROR(__xludf.DUMMYFUNCTION("""COMPUTED_VALUE"""),1000000.0) -> 1000000 | BE21: =IFERROR(__xludf.DUMMYFUNCTION("""COMPUTED_VALUE"""),0.0) -> 0 | BF21: =IFERROR(__xludf.DUMMYFUNCTION("""COMPUTED_VALUE"""),1000000.0) -> 1000000
A22: =IFERROR(__xludf.DUMMYFUNCTION("""COMPUTED_VALUE"""),21.0) -> 21 | B22: =IFERROR(__xludf.DUMMYFUNCTION("""COMPUTED_VALUE"""),"AHMAD FAIZIN") -> AHMAD FAIZIN | C22: =IFERROR(__xludf.DUMMYFUNCTION("""COMPUTED_VALUE"""),2.025070492E9) -> 2025070492 | D22: =IFERROR(__xludf.DUMMYFUNCTION("""COMPUTED_VALUE"""),"SUKAMTO") -> SUKAMTO | E22: =IFERROR(__xludf.DUMMYFUNCTION("""COMPUTED_VALUE"""),"SITI ROMLAH") -> SITI ROMLAH | F22: =IFERROR(__xludf.DUMMYFUNCTION("""COMPUTED_VALUE"""),"PELUK PENDOWOLIMO RT 001 RW 003 KARANGBINANGUN LAMONGAN") -> PELUK PENDOWOLIMO RT 001 RW 003 KARANGBINANGUN LAMONGAN | G22: =IFERROR(__xludf.DUMMYFUNCTION("""COMPUTED_VALUE"""),"MTS-8 A") -> MTS-8 A | H22: =IFERROR(__xludf.DUMMYFUNCTION("""COMPUTED_VALUE"""),"A") -> A | I22: =IFERROR(__xludf.DUMMYFUNCTION("""COMPUTED_VALUE"""),"A-13") -> A-13 | J22: =IFERROR(__xludf.DUMMYFUNCTION("""COMPUTED_VALUE"""),2.0) -> 2 | K22: =IFERROR(__xludf.DUMMYFUNCTION("""COMPUTED_VALUE"""),"2 ULA A PUTRA") -> 2 ULA A PUTRA | L22: =IFERROR(__xludf.DUMMYFUNCTION("""COMPUTED_VALUE"""),"6285730840655") -> 6285730840655 | Y22: =IFERROR(__xludf.DUMMYFUNCTION("""COMPUTED_VALUE"""),450000.0) -> 450000 | Z22: =IFERROR(__xludf.DUMMYFUNCTION("""COMPUTED_VALUE"""),450000.0) -> 450000 | AB22: =IFERROR(__xludf.DUMMYFUNCTION("""COMPUTED_VALUE"""),500000.0) -> 500000 | AP22: =IFERROR(__xludf.DUMMYFUNCTION("""COMPUTED_VALUE"""),500000.0) -> 500000 | BC22: =IFERROR(__xludf.DUMMYFUNCTION("""COMPUTED_VALUE"""),900000.0) -> 900000 | BD22: =IFERROR(__xludf.DUMMYFUNCTION("""COMPUTED_VALUE"""),1000000.0) -> 1000000 | BE22: =IFERROR(__xludf.DUMMYFUNCTION("""COMPUTED_VALUE"""),0.0) -> 0 | BF22: =IFERROR(__xludf.DUMMYFUNCTION("""COMPUTED_VALUE"""),1900000.0) -> 1900000
A23: =IFERROR(__xludf.DUMMYFUNCTION("""COMPUTED_VALUE"""),22.0) -> 22 | B23: =IFERROR(__xludf.DUMMYFUNCTION("""COMPUTED_VALUE"""),"AHMAD FAKHRI AFIF") -> AHMAD FAKHRI AFIF | C23: =IFERROR(__xludf.DUMMYFUNCTION("""COMPUTED_VALUE"""),2.025070393E9) -> 2025070393 | D23: =IFERROR(__xludf.DUMMYFUNCTION("""COMPUTED_VALUE"""),"SUPENDI") -> SUPENDI | E23: =IFERROR(__xludf.DUMMYFUNCTION("""COMPUTED_VALUE"""),"DWI ALFIAH LUTFIANINGSIH") -> DWI ALFIAH LUTFIANINGSIH | F23: =IFERROR(__xludf.DUMMYFUNCTION("""COMPUTED_VALUE"""),"BLOK C SUKA DAMAI RT 006 RW 002 MADANG SUKU III OKU TIMUR") -> BLOK C SUKA DAMAI RT 006 RW 002 MADANG SUKU III OKU TIMUR | G23: =IFERROR(__xludf.DUMMYFUNCTION("""COMPUTED_VALUE"""),"MA-XI.10") -> MA-XI.10 | H23: =IFERROR(__xludf.DUMMYFUNCTION("""COMPUTED_VALUE"""),"A") -> A | I23: =IFERROR(__xludf.DUMMYFUNCTION("""COMPUTED_VALUE"""),"A-4") -> A-4 | J23: =IFERROR(__xludf.DUMMYFUNCTION("""COMPUTED_VALUE"""),2.0) -> 2 | K23: =IFERROR(__xludf.DUMMYFUNCTION("""COMPUTED_VALUE"""),"2 WUSTHO A PUTRA") -> 2 WUSTHO A PUTRA | L23: =IFERROR(__xludf.DUMMYFUNCTION("""COMPUTED_VALUE"""),"6285664844095") -> 6285664844095 | T23: =IFERROR(__xludf.DUMMYFUNCTION("""COMPUTED_VALUE"""),450000.0) -> 450000 | U23: =IFERROR(__xludf.DUMMYFUNCTION("""COMPUTED_VALUE"""),450000.0) -> 450000 | V23: =IFERROR(__xludf.DUMMYFUNCTION("""COMPUTED_VALUE"""),450000.0) -> 450000 | W23: =IFERROR(__xludf.DUMMYFUNCTION("""COMPUTED_VALUE"""),450000.0) -> 450000 | X23: =IFERROR(__xludf.DUMMYFUNCTION("""COMPUTED_VALUE"""),450000.0) -> 450000 | Y23: =IFERROR(__xludf.DUMMYFUNCTION("""COMPUTED_VALUE"""),450000.0) -> 450000 | Z23: =IFERROR(__xludf.DUMMYFUNCTION("""COMPUTED_VALUE"""),450000.0) -> 450000 | AB23: =IFERROR(__xludf.DUMMYFUNCTION("""COMPUTED_VALUE"""),500000.0) -> 500000 | AP23: =IFERROR(__xludf.DUMMYFUNCTION("""COMPUTED_VALUE"""),500000.0) -> 500000 | BC23: =IFERROR(__xludf.DUMMYFUNCTION("""COMPUTED_VALUE"""),3150000.0) -> 3150000 | BD23: =IFERROR(__xludf.DUMMYFUNCTION("""COMPUTED_VALUE"""),1000000.0) -> 1000000 | BE23: =IFERROR(__xludf.DUMMYFUNCTION("""COMPUTED_VALUE"""),0.0) -> 0 | BF23: =IFERROR(__xludf.DUMMYFUNCTION("""COMPUTED_VALUE"""),4150000.0) -> 4150000
A24: =IFERROR(__xludf.DUMMYFUNCTION("""COMPUTED_VALUE"""),23.0) -> 23 | B24: =IFERROR(__xludf.DUMMYFUNCTION("""COMPUTED_VALUE"""),"AHMAD FATIH HASAN AL-FARROS") -> AHMAD FATIH HASAN AL-FARROS | C24: =IFERROR(__xludf.DUMMYFUNCTION("""COMPUTED_VALUE"""),2.025070375E9) -> 2025070375 | D24: =IFERROR(__xludf.DUMMYFUNCTION("""COMPUTED_VALUE"""),"ARIS TRYONO") -> ARIS TRYONO | E24: =IFERROR(__xludf.DUMMYFUNCTION("""COMPUTED_VALUE"""),"SYARIFATUL FARIDAH") -> SYARIFATUL FARIDAH | F24: =IFERROR(__xludf.DUMMYFUNCTION("""COMPUTED_VALUE"""),"BLAWI RT 002 RW 004 KARANGBINANGUN LAMONGAN") -> BLAWI RT 002 RW 004 KARANGBINANGUN LAMONGAN | G24: =IFERROR(__xludf.DUMMYFUNCTION("""COMPUTED_VALUE"""),"MA-XI.10") -> MA-XI.10 | H24: =IFERROR(__xludf.DUMMYFUNCTION("""COMPUTED_VALUE"""),"A") -> A | I24: =IFERROR(__xludf.DUMMYFUNCTION("""COMPUTED_VALUE"""),"A-4") -> A-4 | J24: =IFERROR(__xludf.DUMMYFUNCTION("""COMPUTED_VALUE"""),2.0) -> 2 | K24: =IFERROR(__xludf.DUMMYFUNCTION("""COMPUTED_VALUE"""),"2 WUSTHO A PUTRA") -> 2 WUSTHO A PUTRA | L24: =IFERROR(__xludf.DUMMYFUNCTION("""COMPUTED_VALUE"""),"6281234406503") -> 6281234406503 | BC24: =IFERROR(__xludf.DUMMYFUNCTION("""COMPUTED_VALUE"""),0.0) -> 0 | BD24: =IFERROR(__xludf.DUMMYFUNCTION("""COMPUTED_VALUE"""),0.0) -> 0 | BE24: =IFERROR(__xludf.DUMMYFUNCTION("""COMPUTED_VALUE"""),0.0) -> 0 | BF24: =IFERROR(__xludf.DUMMYFUNCTION("""COMPUTED_VALUE"""),0.0) -> 0
A25: =IFERROR(__xludf.DUMMYFUNCTION("""COMPUTED_VALUE"""),24.0) -> 24 | B25: =IFERROR(__xludf.DUMMYFUNCTION("""COMPUTED_VALUE"""),"AHMAD FIRDAUS") -> AHMAD FIRDAUS | C25: =IFERROR(__xludf.DUMMYFUNCTION("""COMPUTED_VALUE"""),2.025070151E9) -> 2025070151 | D25: =IFERROR(__xludf.DUMMYFUNCTION("""COMPUTED_VALUE"""),"ALAUDIN") -> ALAUDIN | E25: =IFERROR(__xludf.DUMMYFUNCTION("""COMPUTED_VALUE"""),"AFIDAH") -> AFIDAH | F25: =IFERROR(__xludf.DUMMYFUNCTION("""COMPUTED_VALUE"""),"TEJOASRI RT 001 RW 002 LAREN LAMONGAN") -> TEJOASRI RT 001 RW 002 LAREN LAMONGAN | G25: =IFERROR(__xludf.DUMMYFUNCTION("""COMPUTED_VALUE"""),"MA-XI.10") -> MA-XI.10 | H25: =IFERROR(__xludf.DUMMYFUNCTION("""COMPUTED_VALUE"""),"A") -> A | I25: =IFERROR(__xludf.DUMMYFUNCTION("""COMPUTED_VALUE"""),"A-4") -> A-4 | J25: =IFERROR(__xludf.DUMMYFUNCTION("""COMPUTED_VALUE"""),2.0) -> 2 | K25: =IFERROR(__xludf.DUMMYFUNCTION("""COMPUTED_VALUE"""),"2 WUSTHO A PUTRA") -> 2 WUSTHO A PUTRA | L25: =IFERROR(__xludf.DUMMYFUNCTION("""COMPUTED_VALUE"""),"6285777892081") -> 6285777892081 | U25: =IFERROR(__xludf.DUMMYFUNCTION("""COMPUTED_VALUE"""),450000.0) -> 450000 | V25: =IFERROR(__xludf.DUMMYFUNCTION("""COMPUTED_VALUE"""),450000.0) -> 450000 | W25: =IFERROR(__xludf.DUMMYFUNCTION("""COMPUTED_VALUE"""),450000.0) -> 450000 | X25: =IFERROR(__xludf.DUMMYFUNCTION("""COMPUTED_VALUE"""),450000.0) -> 450000 | Y25: =IFERROR(__xludf.DUMMYFUNCTION("""COMPUTED_VALUE"""),450000.0) -> 450000 | Z25: =IFERROR(__xludf.DUMMYFUNCTION("""COMPUTED_VALUE"""),450000.0) -> 450000 | AB25: =IFERROR(__xludf.DUMMYFUNCTION("""COMPUTED_VALUE"""),500000.0) -> 500000 | AP25: =IFERROR(__xludf.DUMMYFUNCTION("""COMPUTED_VALUE"""),500000.0) -> 500000 | BC25: =IFERROR(__xludf.DUMMYFUNCTION("""COMPUTED_VALUE"""),2700000.0) -> 2700000 | BD25: =IFERROR(__xludf.DUMMYFUNCTION("""COMPUTED_VALUE"""),1000000.0) -> 1000000 | BE25: =IFERROR(__xludf.DUMMYFUNCTION("""COMPUTED_VALUE"""),0.0) -> 0 | BF25: =IFERROR(__xludf.DUMMYFUNCTION("""COMPUTED_VALUE"""),3700000.0) -> 3700000
A26: =IFERROR(__xludf.DUMMYFUNCTION("""COMPUTED_VALUE"""),25.0) -> 25 | B26: =IFERROR(__xludf.DUMMYFUNCTION("""COMPUTED_VALUE"""),"AHMAD FIROS MUSADDAD") -> AHMAD FIROS MUSADDAD | C26: =IFERROR(__xludf.DUMMYFUNCTION("""COMPUTED_VALUE"""),2.025070197E9) -> 2025070197 | D26: =IFERROR(__xludf.DUMMYFUNCTION("""COMPUTED_VALUE"""),"MOH. ASYIKIN") -> MOH. ASYIKIN | E26: =IFERROR(__xludf.DUMMYFUNCTION("""COMPUTED_VALUE"""),"MUKAYAROH") -> MUKAYAROH | F26: =IFERROR(__xludf.DUMMYFUNCTION("""COMPUTED_VALUE"""),"KULURAN RT 003 RW 003 KALITENGAH LAMONGAN") -> KULURAN RT 003 RW 003 KALITENGAH LAMONGAN | G26: =IFERROR(__xludf.DUMMYFUNCTION("""COMPUTED_VALUE"""),"MA-XI.13") -> MA-XI.13 | H26: =IFERROR(__xludf.DUMMYFUNCTION("""COMPUTED_VALUE"""),"A") -> A | I26: =IFERROR(__xludf.DUMMYFUNCTION("""COMPUTED_VALUE"""),"A-2") -> A-2 | J26: =IFERROR(__xludf.DUMMYFUNCTION("""COMPUTED_VALUE"""),2.0) -> 2 | K26: =IFERROR(__xludf.DUMMYFUNCTION("""COMPUTED_VALUE"""),"2 MAK PUTRA") -> 2 MAK PUTRA | L26: =IFERROR(__xludf.DUMMYFUNCTION("""COMPUTED_VALUE"""),"6285606726357") -> 6285606726357 | Z26: =IFERROR(__xludf.DUMMYFUNCTION("""COMPUTED_VALUE"""),450000.0) -> 450000 | BC26: =IFERROR(__xludf.DUMMYFUNCTION("""COMPUTED_VALUE"""),450000.0) -> 450000 | BD26: =IFERROR(__xludf.DUMMYFUNCTION("""COMPUTED_VALUE"""),0.0) -> 0 | BE26: =IFERROR(__xludf.DUMMYFUNCTION("""COMPUTED_VALUE"""),0.0) -> 0 | BF26: =IFERROR(__xludf.DUMMYFUNCTION("""COMPUTED_VALUE"""),450000.0) -> 450000
A27: =IFERROR(__xludf.DUMMYFUNCTION("""COMPUTED_VALUE"""),26.0) -> 26 | B27: =IFERROR(__xludf.DUMMYFUNCTION("""COMPUTED_VALUE"""),"AHMAD HABIBUR RAHMAN") -> AHMAD HABIBUR RAHMAN | C27: =IFERROR(__xludf.DUMMYFUNCTION("""COMPUTED_VALUE"""),2.02507053E9) -> 2025070530 | D27: =IFERROR(__xludf.DUMMYFUNCTION("""COMPUTED_VALUE"""),"KARTAM") -> KARTAM | E27: =IFERROR(__xludf.DUMMYFUNCTION("""COMPUTED_VALUE"""),"JAYANTI") -> JAYANTI | F27: =IFERROR(__xludf.DUMMYFUNCTION("""COMPUTED_VALUE"""),"BADU BADURAME RT 002 RW 004 TURI LAMONGAN") -> BADU BADURAME RT 002 RW 004 TURI LAMONGAN | G27: =IFERROR(__xludf.DUMMYFUNCTION("""COMPUTED_VALUE"""),"MTS-8 G") -> MTS-8 G | H27: =IFERROR(__xludf.DUMMYFUNCTION("""COMPUTED_VALUE"""),"A") -> A | I27: =IFERROR(__xludf.DUMMYFUNCTION("""COMPUTED_VALUE"""),"A-3") -> A-3 | J27: =IFERROR(__xludf.DUMMYFUNCTION("""COMPUTED_VALUE"""),2.0) -> 2 | K27: =IFERROR(__xludf.DUMMYFUNCTION("""COMPUTED_VALUE"""),"2 ULA A PUTRA") -> 2 ULA A PUTRA | L27: =IFERROR(__xludf.DUMMYFUNCTION("""COMPUTED_VALUE"""),"6281649582028") -> 6281649582028 | M27: =IFERROR(__xludf.DUMMYFUNCTION("""COMPUTED_VALUE"""),600000.0) -> 600000 | R27: =IFERROR(__xludf.DUMMYFUNCTION("""COMPUTED_VALUE"""),450000.0) -> 450000 | S27: =IFERROR(__xludf.DUMMYFUNCTION("""COMPUTED_VALUE"""),450000.0) -> 450000 | T27: =IFERROR(__xludf.DUMMYFUNCTION("""COMPUTED_VALUE"""),450000.0) -> 450000 | U27: =IFERROR(__xludf.DUMMYFUNCTION("""COMPUTED_VALUE"""),450000.0) -> 450000 | V27: =IFERROR(__xludf.DUMMYFUNCTION("""COMPUTED_VALUE"""),450000.0) -> 450000 | W27: =IFERROR(__xludf.DUMMYFUNCTION("""COMPUTED_VALUE"""),450000.0) -> 450000 | X27: =IFERROR(__xludf.DUMMYFUNCTION("""COMPUTED_VALUE"""),450000.0) -> 450000 | Y27: =IFERROR(__xludf.DUMMYFUNCTION("""COMPUTED_VALUE"""),450000.0) -> 450000 | Z27: =IFERROR(__xludf.DUMMYFUNCTION("""COMPUTED_VALUE"""),450000.0) -> 450000 | AB27: =IFERROR(__xludf.DUMMYFUNCTION("""COMPUTED_VALUE"""),500000.0) -> 500000 | AP27: =IFERROR(__xludf.DUMMYFUNCTION("""COMPUTED_VALUE"""),500000.0) -> 500000 | BC27: =IFERROR(__xludf.DUMMYFUNCTION("""COMPUTED_VALUE"""),4050000.0) -> 4050000 | BD27: =IFERROR(__xludf.DUMMYFUNCTION("""COMPUTED_VALUE"""),1600000.0) -> 1600000 | BE27: =IFERROR(__xludf.DUMMYFUNCTION("""COMPUTED_VALUE"""),0.0) -> 0 | BF27: =IFERROR(__xludf.DUMMYFUNCTION("""COMPUTED_VALUE"""),5650000.0) -> 5650000
A28: =IFERROR(__xludf.DUMMYFUNCTION("""COMPUTED_VALUE"""),27.0) -> 27 | B28: =IFERROR(__xludf.DUMMYFUNCTION("""COMPUTED_VALUE"""),"AHMAD IRVAN SURYA MAHENDRA") -> AHMAD IRVAN SURYA MAHENDRA | C28: =IFERROR(__xludf.DUMMYFUNCTION("""COMPUTED_VALUE"""),2.025070397E9) -> 2025070397 | D28: =IFERROR(__xludf.DUMMYFUNCTION("""COMPUTED_VALUE"""),"SUYANTO") -> SUYANTO | E28: =IFERROR(__xludf.DUMMYFUNCTION("""COMPUTED_VALUE"""),"FATIMAH") -> FATIMAH | F28: =IFERROR(__xludf.DUMMYFUNCTION("""COMPUTED_VALUE"""),"TAMAN PRIJEG TAMAN PRIJEK RT 006 RW 002 LAREN LAMONGAN") -> TAMAN PRIJEG TAMAN PRIJEK RT 006 RW 002 LAREN LAMONGAN | G28: =IFERROR(__xludf.DUMMYFUNCTION("""COMPUTED_VALUE"""),"MA-XI.6") -> MA-XI.6 | H28: =IFERROR(__xludf.DUMMYFUNCTION("""COMPUTED_VALUE"""),"A") -> A | I28: =IFERROR(__xludf.DUMMYFUNCTION("""COMPUTED_VALUE"""),"A-4") -> A-4 | J28: =IFERROR(__xludf.DUMMYFUNCTION("""COMPUTED_VALUE"""),2.0) -> 2 | K28: =IFERROR(__xludf.DUMMYFUNCTION("""COMPUTED_VALUE"""),"2 WUSTHO A PUTRA") -> 2 WUSTHO A PUTRA | L28: =IFERROR(__xludf.DUMMYFUNCTION("""COMPUTED_VALUE"""),"6281331330878") -> 6281331330878 | AB28: =IFERROR(__xludf.DUMMYFUNCTION("""COMPUTED_VALUE"""),500000.0) -> 500000 | AP28: =IFERROR(__xludf.DUMMYFUNCTION("""COMPUTED_VALUE"""),500000.0) -> 500000 | BC28: =IFERROR(__xludf.DUMMYFUNCTION("""COMPUTED_VALUE"""),0.0) -> 0 | BD28: =IFERROR(__xludf.DUMMYFUNCTION("""COMPUTED_VALUE"""),1000000.0) -> 1000000 | BE28: =IFERROR(__xludf.DUMMYFUNCTION("""COMPUTED_VALUE"""),0.0) -> 0 | BF28: =IFERROR(__xludf.DUMMYFUNCTION("""COMPUTED_VALUE"""),1000000.0) -> 1000000
A29: =IFERROR(__xludf.DUMMYFUNCTION("""COMPUTED_VALUE"""),28.0) -> 28 | B29: =IFERROR(__xludf.DUMMYFUNCTION("""COMPUTED_VALUE"""),"AHMAD KHOMEINI UWAIS SUSILO") -> AHMAD KHOMEINI UWAIS SUSILO | C29: =IFERROR(__xludf.DUMMYFUNCTION("""COMPUTED_VALUE"""),2.025070574E9) -> 2025070574 | D29: =IFERROR(__xludf.DUMMYFUNCTION("""COMPUTED_VALUE"""),"WAWAN SUSILO") -> WAWAN SUSILO | E29: =IFERROR(__xludf.DUMMYFUNCTION("""COMPUTED_VALUE"""),"BADHI`ATUL ATHORIYAH") -> BADHI`ATUL ATHORIYAH | F29: =IFERROR(__xludf.DUMMYFUNCTION("""COMPUTED_VALUE"""),"TABONA RT 010 RW 004 TERNATE SELATAN TERNATE") -> TABONA RT 010 RW 004 TERNATE SELATAN TERNATE | G29: =IFERROR(__xludf.DUMMYFUNCTION("""COMPUTED_VALUE"""),"MTS-8 C") -> MTS-8 C | H29: =IFERROR(__xludf.DUMMYFUNCTION("""COMPUTED_VALUE"""),"A") -> A | I29: =IFERROR(__xludf.DUMMYFUNCTION("""COMPUTED_VALUE"""),"A-1") -> A-1 | J29: =IFERROR(__xludf.DUMMYFUNCTION("""COMPUTED_VALUE"""),2.0) -> 2 | K29: =IFERROR(__xludf.DUMMYFUNCTION("""COMPUTED_VALUE"""),"2 ULA A PUTRA") -> 2 ULA A PUTRA | L29: =IFERROR(__xludf.DUMMYFUNCTION("""COMPUTED_VALUE"""),"6281218437264") -> 6281218437264 | BC29: =IFERROR(__xludf.DUMMYFUNCTION("""COMPUTED_VALUE"""),0.0) -> 0 | BD29: =IFERROR(__xludf.DUMMYFUNCTION("""COMPUTED_VALUE"""),0.0) -> 0 | BE29: =IFERROR(__xludf.DUMMYFUNCTION("""COMPUTED_VALUE"""),0.0) -> 0 | BF29: =IFERROR(__xludf.DUMMYFUNCTION("""COMPUTED_VALUE"""),0.0) -> 0
A30: =IFERROR(__xludf.DUMMYFUNCTION("""COMPUTED_VALUE"""),29.0) -> 29 | B30: =IFERROR(__xludf.DUMMYFUNCTION("""COMPUTED_VALUE"""),"AHMAD LAIQLABI ASROFI") -> AHMAD LAIQLABI ASROFI | C30: =IFERROR(__xludf.DUMMYFUNCTION("""COMPUTED_VALUE"""),2.025070653E9) -> 2025070653 | D30: =IFERROR(__xludf.DUMMYFUNCTION("""COMPUTED_VALUE"""),"SUSANTO") -> SUSANTO | E30: =IFERROR(__xludf.DUMMYFUNCTION("""COMPUTED_VALUE"""),"ENDANG SUSILOWATI") -> ENDANG SUSILOWATI | F30: =IFERROR(__xludf.DUMMYFUNCTION("""COMPUTED_VALUE"""),"GERMAN RT 001 RW 003 SUGIO LAMONGAN") -> GERMAN RT 001 RW 003 SUGIO LAMONGAN | G30: =IFERROR(__xludf.DUMMYFUNCTION("""COMPUTED_VALUE"""),"MTS-8 F") -> MTS-8 F | H30: =IFERROR(__xludf.DUMMYFUNCTION("""COMPUTED_VALUE"""),"A") -> A | I30: =IFERROR(__xludf.DUMMYFUNCTION("""COMPUTED_VALUE"""),"A-1") -> A-1 | J30: =IFERROR(__xludf.DUMMYFUNCTION("""COMPUTED_VALUE"""),2.0) -> 2 | K30: =IFERROR(__xludf.DUMMYFUNCTION("""COMPUTED_VALUE"""),"2 ULA A PUTRA") -> 2 ULA A PUTRA | L30: =IFERROR(__xludf.DUMMYFUNCTION("""COMPUTED_VALUE"""),"6285649385716") -> 6285649385716 | P30: =IFERROR(__xludf.DUMMYFUNCTION("""COMPUTED_VALUE"""),450000.0) -> 450000 | Q30: =IFERROR(__xludf.DUMMYFUNCTION("""COMPUTED_VALUE"""),450000.0) -> 450000 | R30: =IFERROR(__xludf.DUMMYFUNCTION("""COMPUTED_VALUE"""),450000.0) -> 450000 | S30: =IFERROR(__xludf.DUMMYFUNCTION("""COMPUTED_VALUE"""),450000.0) -> 450000 | T30: =IFERROR(__xludf.DUMMYFUNCTION("""COMPUTED_VALUE"""),450000.0) -> 450000 | U30: =IFERROR(__xludf.DUMMYFUNCTION("""COMPUTED_VALUE"""),450000.0) -> 450000 | V30: =IFERROR(__xludf.DUMMYFUNCTION("""COMPUTED_VALUE"""),450000.0) -> 450000 | W30: =IFERROR(__xludf.DUMMYFUNCTION("""COMPUTED_VALUE"""),450000.0) -> 450000 | ... Z30: =IFERROR(__xludf.DUMMYFUNCTION("""COMPUTED_VALUE"""),450000.0) -> 450000 | AB30: =IFERROR(__xludf.DUMMYFUNCTION("""COMPUTED_VALUE"""),500000.0) -> 500000 | AP30: =IFERROR(__xludf.DUMMYFUNCTION("""COMPUTED_VALUE"""),500000.0) -> 500000 | BC30: =IFERROR(__xludf.DUMMYFUNCTION("""COMPUTED_VALUE"""),4950000.0) -> 4950000 | BD30: =IFERROR(__xludf.DUMMYFUNCTION("""COMPUTED_VALUE"""),1000000.0) -> 1000000 | BE30: =IFERROR(__xludf.DUMMYFUNCTION("""COMPUTED_VALUE"""),0.0) -> 0 | BF30: =IFERROR(__xludf.DUMMYFUNCTION("""COMPUTED_VALUE"""),5950000.0) -> 5950000
A31: =IFERROR(__xludf.DUMMYFUNCTION("""COMPUTED_VALUE"""),30.0) -> 30 | B31: =IFERROR(__xludf.DUMMYFUNCTION("""COMPUTED_VALUE"""),"AHMAD MUSFIS SALAM") -> AHMAD MUSFIS SALAM | C31: =IFERROR(__xludf.DUMMYFUNCTION("""COMPUTED_VALUE"""),2.02507062E9) -> 2025070620 | D31: =IFERROR(__xludf.DUMMYFUNCTION("""COMPUTED_VALUE"""),"MAHFUDZ") -> MAHFUDZ | E31: =IFERROR(__xludf.DUMMYFUNCTION("""COMPUTED_VALUE"""),"MINARIYATI") -> MINARIYATI | F31: =IFERROR(__xludf.DUMMYFUNCTION("""COMPUTED_VALUE"""),"KULURAN RT 002 RW 003 KALITENGAH LAMONGAN") -> KULURAN RT 002 RW 003 KALITENGAH LAMONGAN | G31: =IFERROR(__xludf.DUMMYFUNCTION("""COMPUTED_VALUE"""),"MTS-8 G") -> MTS-8 G | H31: =IFERROR(__xludf.DUMMYFUNCTION("""COMPUTED_VALUE"""),"A") -> A | I31: =IFERROR(__xludf.DUMMYFUNCTION("""COMPUTED_VALUE"""),"A-1") -> A-1 | J31: =IFERROR(__xludf.DUMMYFUNCTION("""COMPUTED_VALUE"""),2.0) -> 2 | K31: =IFERROR(__xludf.DUMMYFUNCTION("""COMPUTED_VALUE"""),"2 ULA A PUTRA") -> 2 ULA A PUTRA | L31: =IFERROR(__xludf.DUMMYFUNCTION("""COMPUTED_VALUE"""),"6285899393570") -> 6285899393570 | Y31: =IFERROR(__xludf.DUMMYFUNCTION("""COMPUTED_VALUE"""),450000.0) -> 450000 | Z31: =IFERROR(__xludf.DUMMYFUNCTION("""COMPUTED_VALUE"""),450000.0) -> 450000 | AB31: =IFERROR(__xludf.DUMMYFUNCTION("""COMPUTED_VALUE"""),500000.0) -> 500000 | AP31: =IFERROR(__xludf.DUMMYFUNCTION("""COMPUTED_VALUE"""),500000.0) -> 500000 | BC31: =IFERROR(__xludf.DUMMYFUNCTION("""COMPUTED_VALUE"""),900000.0) -> 900000 | BD31: =IFERROR(__xludf.DUMMYFUNCTION("""COMPUTED_VALUE"""),1000000.0) -> 1000000 | BE31: =IFERROR(__xludf.DUMMYFUNCTION("""COMPUTED_VALUE"""),0.0) -> 0 | BF31: =IFERROR(__xludf.DUMMYFUNCTION("""COMPUTED_VALUE"""),1900000.0) -> 1900000
A32: =IFERROR(__xludf.DUMMYFUNCTION("""COMPUTED_VALUE"""),31.0) -> 31 | B32: =IFERROR(__xludf.DUMMYFUNCTION("""COMPUTED_VALUE"""),"AHMAD NUR RIFKY FEBRIANSYAH") -> AHMAD NUR RIFKY FEBRIANSYAH | C32: =IFERROR(__xludf.DUMMYFUNCTION("""COMPUTED_VALUE"""),2.025070638E9) -> 2025070638 | D32: =IFERROR(__xludf.DUMMYFUNCTION("""COMPUTED_VALUE"""),"PASIRUN") -> PASIRUN | E32: =IFERROR(__xludf.DUMMYFUNCTION("""COMPUTED_VALUE"""),"NI`MATUS SHOLIKHAH") -> NI`MATUS SHOLIKHAH | F32: =IFERROR(__xludf.DUMMYFUNCTION("""COMPUTED_VALUE"""),"GLUMO JELAKCATUR RT 003 RW 005 KALITENGAH LAMONGAN") -> GLUMO JELAKCATUR RT 003 RW 005 KALITENGAH LAMONGAN | G32: =IFERROR(__xludf.DUMMYFUNCTION("""COMPUTED_VALUE"""),"MTS-8 F") -> MTS-8 F | H32: =IFERROR(__xludf.DUMMYFUNCTION("""COMPUTED_VALUE"""),"A") -> A | I32: =IFERROR(__xludf.DUMMYFUNCTION("""COMPUTED_VALUE"""),"A-1") -> A-1 | J32: =IFERROR(__xludf.DUMMYFUNCTION("""COMPUTED_VALUE"""),2.0) -> 2 | K32: =IFERROR(__xludf.DUMMYFUNCTION("""COMPUTED_VALUE"""),"2 ULA A PUTRA") -> 2 ULA A PUTRA | L32: =IFERROR(__xludf.DUMMYFUNCTION("""COMPUTED_VALUE"""),"6285852480277") -> 6285852480277 | AB32: =IFERROR(__xludf.DUMMYFUNCTION("""COMPUTED_VALUE"""),500000.0) -> 500000 | AP32: =IFERROR(__xludf.DUMMYFUNCTION("""COMPUTED_VALUE"""),500000.0) -> 500000 | BC32: =IFERROR(__xludf.DUMMYFUNCTION("""COMPUTED_VALUE"""),0.0) -> 0 | BD32: =IFERROR(__xludf.DUMMYFUNCTION("""COMPUTED_VALUE"""),1000000.0) -> 1000000 | BE32: =IFERROR(__xludf.DUMMYFUNCTION("""COMPUTED_VALUE"""),0.0) -> 0 | BF32: =IFERROR(__xludf.DUMMYFUNCTION("""COMPUTED_VALUE"""),1000000.0) -> 1000000
A33: =IFERROR(__xludf.DUMMYFUNCTION("""COMPUTED_VALUE"""),32.0) -> 32 | B33: =IFERROR(__xludf.DUMMYFUNCTION("""COMPUTED_VALUE"""),"AHMAD RAFI MAULANA YUSUF") -> AHMAD RAFI MAULANA YUSUF | C33: =IFERROR(__xludf.DUMMYFUNCTION("""COMPUTED_VALUE"""),2.02507031E9) -> 2025070310 | D33: =IFERROR(__xludf.DUMMYFUNCTION("""COMPUTED_VALUE"""),"SAI") -> SAI | E33: =IFERROR(__xludf.DUMMYFUNCTION("""COMPUTED_VALUE"""),"SHOLIHATUN") -> SHOLIHATUN | F33: =IFERROR(__xludf.DUMMYFUNCTION("""COMPUTED_VALUE"""),"BARU KEMLAGILOR RT 003 RW 001 TURI LAMONGAN") -> BARU KEMLAGILOR RT 003 RW 001 TURI LAMONGAN | G33: =IFERROR(__xludf.DUMMYFUNCTION("""COMPUTED_VALUE"""),"MA-XI.13") -> MA-XI.13 | H33: =IFERROR(__xludf.DUMMYFUNCTION("""COMPUTED_VALUE"""),"A") -> A | I33: =IFERROR(__xludf.DUMMYFUNCTION("""COMPUTED_VALUE"""),"A-2") -> A-2 | J33: =IFERROR(__xludf.DUMMYFUNCTION("""COMPUTED_VALUE"""),2.0) -> 2 | K33: =IFERROR(__xludf.DUMMYFUNCTION("""COMPUTED_VALUE"""),"2 MAK PUTRA") -> 2 MAK PUTRA | L33: =IFERROR(__xludf.DUMMYFUNCTION("""COMPUTED_VALUE"""),"6285706624674") -> 6285706624674 | Z33: =IFERROR(__xludf.DUMMYFUNCTION("""COMPUTED_VALUE"""),450000.0) -> 450000 | AB33: =IFERROR(__xludf.DUMMYFUNCTION("""COMPUTED_VALUE"""),500000.0) -> 500000 | AP33: =IFERROR(__xludf.DUMMYFUNCTION("""COMPUTED_VALUE"""),500000.0) -> 500000 | BC33: =IFERROR(__xludf.DUMMYFUNCTION("""COMPUTED_VALUE"""),450000.0) -> 450000 | BD33: =IFERROR(__xludf.DUMMYFUNCTION("""COMPUTED_VALUE"""),1000000.0) -> 1000000 | BE33: =IFERROR(__xludf.DUMMYFUNCTION("""COMPUTED_VALUE"""),0.0) -> 0 | BF33: =IFERROR(__xludf.DUMMYFUNCTION("""COMPUTED_VALUE"""),1450000.0) -> 1450000
A34: =IFERROR(__xludf.DUMMYFUNCTION("""COMPUTED_VALUE"""),33.0) -> 33 | B34: =IFERROR(__xludf.DUMMYFUNCTION("""COMPUTED_VALUE"""),"AHMAD RAFIF RADITIA SA`BANA") -> AHMAD RAFIF RADITIA SA`BANA | C34: =IFERROR(__xludf.DUMMYFUNCTION("""COMPUTED_VALUE"""),2.025070563E9) -> 2025070563 | D34: =IFERROR(__xludf.DUMMYFUNCTION("""COMPUTED_VALUE"""),"ABDUL QODIR") -> ABDUL QODIR | E34: =IFERROR(__xludf.DUMMYFUNCTION("""COMPUTED_VALUE"""),"HIDAYATUL MUNAWAROH") -> HIDAYATUL MUNAWAROH | F34: =IFERROR(__xludf.DUMMYFUNCTION("""COMPUTED_VALUE"""),"PUTATLOR PUTATKUMPUL RT 002 RW 003 TURI LAMONGAN") -> PUTATLOR PUTATKUMPUL RT 002 RW 003 TURI LAMONGAN | G34: =IFERROR(__xludf.DUMMYFUNCTION("""COMPUTED_VALUE"""),"MTS-8 D") -> MTS-8 D | H34: =IFERROR(__xludf.DUMMYFUNCTION("""COMPUTED_VALUE"""),"A") -> A | I34: =IFERROR(__xludf.DUMMYFUNCTION("""COMPUTED_VALUE"""),"A-1") -> A-1 | J34: =IFERROR(__xludf.DUMMYFUNCTION("""COMPUTED_VALUE"""),2.0) -> 2 | K34: =IFERROR(__xludf.DUMMYFUNCTION("""COMPUTED_VALUE"""),"2 ULA A PUTRA") -> 2 ULA A PUTRA | L34: =IFERROR(__xludf.DUMMYFUNCTION("""COMPUTED_VALUE"""),"6281347599509") -> 6281347599509 | AP34: =IFERROR(__xludf.DUMMYFUNCTION("""COMPUTED_VALUE"""),500000.0) -> 500000 | BC34: =IFERROR(__xludf.DUMMYFUNCTION("""COMPUTED_VALUE"""),0.0) -> 0 | BD34: =IFERROR(__xludf.DUMMYFUNCTION("""COMPUTED_VALUE"""),500000.0) -> 500000 | BE34: =IFERROR(__xludf.DUMMYFUNCTION("""COMPUTED_VALUE"""),0.0) -> 0 | BF34: =IFERROR(__xludf.DUMMYFUNCTION("""COMPUTED_VALUE"""),500000.0) -> 500000
A35: =IFERROR(__xludf.DUMMYFUNCTION("""COMPUTED_VALUE"""),34.0) -> 34 | B35: =IFERROR(__xludf.DUMMYFUNCTION("""COMPUTED_VALUE"""),"AHMAD SYAUQI AL QORNI") -> AHMAD SYAUQI AL QORNI | C35: =IFERROR(__xludf.DUMMYFUNCTION("""COMPUTED_VALUE"""),2.025070554E9) -> 2025070554 | D35: =IFERROR(__xludf.DUMMYFUNCTION("""COMPUTED_VALUE"""),"MUKAIZIN") -> MUKAIZIN | E35: =IFERROR(__xludf.DUMMYFUNCTION("""COMPUTED_VALUE"""),"TITIN HENY HAYYINAH") -> TITIN HENY HAYYINAH | F35: =IFERROR(__xludf.DUMMYFUNCTION("""COMPUTED_VALUE"""),"JL. SIDO MAKMUR PETUNG RT 003 RW 001 PANCENG GRESIK") -> JL. SIDO MAKMUR PETUNG RT 003 RW 001 PANCENG GRESIK | G35: =IFERROR(__xludf.DUMMYFUNCTION("""COMPUTED_VALUE"""),"MTS-8 G") -> MTS-8 G | H35: =IFERROR(__xludf.DUMMYFUNCTION("""COMPUTED_VALUE"""),"A") -> A | I35: =IFERROR(__xludf.DUMMYFUNCTION("""COMPUTED_VALUE"""),"A-3") -> A-3 | J35: =IFERROR(__xludf.DUMMYFUNCTION("""COMPUTED_VALUE"""),2.0) -> 2 | K35: =IFERROR(__xludf.DUMMYFUNCTION("""COMPUTED_VALUE"""),"2 ULA A PUTRA") -> 2 ULA A PUTRA | L35: =IFERROR(__xludf.DUMMYFUNCTION("""COMPUTED_VALUE"""),"6285645546566") -> 6285645546566 | AB35: =IFERROR(__xludf.DUMMYFUNCTION("""COMPUTED_VALUE"""),500000.0) -> 500000 | AP35: =IFERROR(__xludf.DUMMYFUNCTION("""COMPUTED_VALUE"""),500000.0) -> 500000 | BC35: =IFERROR(__xludf.DUMMYFUNCTION("""COMPUTED_VALUE"""),0.0) -> 0 | BD35: =IFERROR(__xludf.DUMMYFUNCTION("""COMPUTED_VALUE"""),1000000.0) -> 1000000 | BE35: =IFERROR(__xludf.DUMMYFUNCTION("""COMPUTED_VALUE"""),0.0) -> 0 | BF35: =IFERROR(__xludf.DUMMYFUNCTION("""COMPUTED_VALUE"""),1000000.0) -> 1000000
A36: =IFERROR(__xludf.DUMMYFUNCTION("""COMPUTED_VALUE"""),35.0) -> 35 | B36: =IFERROR(__xludf.DUMMYFUNCTION("""COMPUTED_VALUE"""),"AHMAD WILDAN ARRIFQI") -> AHMAD WILDAN ARRIFQI | C36: =IFERROR(__xludf.DUMMYFUNCTION("""COMPUTED_VALUE"""),2.025070651E9) -> 2025070651 | D36: =IFERROR(__xludf.DUMMYFUNCTION("""COMPUTED_VALUE"""),"H. ABD ROHIM") -> H. ABD ROHIM | E36: =IFERROR(__xludf.DUMMYFUNCTION("""COMPUTED_VALUE"""),"SHOCHIBAH") -> SHOCHIBAH | F36: =IFERROR(__xludf.DUMMYFUNCTION("""COMPUTED_VALUE"""),"IMAAN RT 001 RW 001 DUKUN GRESIK") -> IMAAN RT 001 RW 001 DUKUN GRESIK | G36: =IFERROR(__xludf.DUMMYFUNCTION("""COMPUTED_VALUE"""),"#N/A") -> #N/A | H36: =IFERROR(__xludf.DUMMYFUNCTION("""COMPUTED_VALUE"""),"A") -> A | I36: =IFERROR(__xludf.DUMMYFUNCTION("""COMPUTED_VALUE"""),"A-5") -> A-5 | J36: =IFERROR(__xludf.DUMMYFUNCTION("""COMPUTED_VALUE"""),2.0) -> 2 | K36: =IFERROR(__xludf.DUMMYFUNCTION("""COMPUTED_VALUE"""),"ULA") -> ULA | L36: =IFERROR(__xludf.DUMMYFUNCTION("""COMPUTED_VALUE"""),"6282143079056") -> 6282143079056 | BC36: =IFERROR(__xludf.DUMMYFUNCTION("""COMPUTED_VALUE"""),0.0) -> 0 | BD36: =IFERROR(__xludf.DUMMYFUNCTION("""COMPUTED_VALUE"""),0.0) -> 0 | BE36: =IFERROR(__xludf.DUMMYFUNCTION("""COMPUTED_VALUE"""),0.0) -> 0 | BF36: =IFERROR(__xludf.DUMMYFUNCTION("""COMPUTED_VALUE"""),0.0) -> 0
A37: =IFERROR(__xludf.DUMMYFUNCTION("""COMPUTED_VALUE"""),36.0) -> 36 | B37: =IFERROR(__xludf.DUMMYFUNCTION("""COMPUTED_VALUE"""),"AHMAD YAZID AL BUSTHOMI") -> AHMAD YAZID AL BUSTHOMI | C37: =IFERROR(__xludf.DUMMYFUNCTION("""COMPUTED_VALUE"""),2.025070612E9) -> 2025070612 | D37: =IFERROR(__xludf.DUMMYFUNCTION("""COMPUTED_VALUE"""),"ARI KUSMIANTO") -> ARI KUSMIANTO | E37: =IFERROR(__xludf.DUMMYFUNCTION("""COMPUTED_VALUE"""),"SITI MUSTAINAH") -> SITI MUSTAINAH | F37: =IFERROR(__xludf.DUMMYFUNCTION("""COMPUTED_VALUE"""),"BALUNGTAWUN RT 002 RW 003 SUKODADI LAMONGAN") -> BALUNGTAWUN RT 002 RW 003 SUKODADI LAMONGAN | G37: =IFERROR(__xludf.DUMMYFUNCTION("""COMPUTED_VALUE"""),"MTS-8 E") -> MTS-8 E | H37: =IFERROR(__xludf.DUMMYFUNCTION("""COMPUTED_VALUE"""),"A") -> A | I37: =IFERROR(__xludf.DUMMYFUNCTION("""COMPUTED_VALUE"""),"A-1") -> A-1 | J37: =IFERROR(__xludf.DUMMYFUNCTION("""COMPUTED_VALUE"""),2.0) -> 2 | K37: =IFERROR(__xludf.DUMMYFUNCTION("""COMPUTED_VALUE"""),"2 ULA A PUTRA") -> 2 ULA A PUTRA | L37: =IFERROR(__xludf.DUMMYFUNCTION("""COMPUTED_VALUE"""),"6285730041984") -> 6285730041984 | AB37: =IFERROR(__xludf.DUMMYFUNCTION("""COMPUTED_VALUE"""),500000.0) -> 500000 | AP37: =IFERROR(__xludf.DUMMYFUNCTION("""COMPUTED_VALUE"""),500000.0) -> 500000 | BC37: =IFERROR(__xludf.DUMMYFUNCTION("""COMPUTED_VALUE"""),0.0) -> 0 | BD37: =IFERROR(__xludf.DUMMYFUNCTION("""COMPUTED_VALUE"""),1000000.0) -> 1000000 | BE37: =IFERROR(__xludf.DUMMYFUNCTION("""COMPUTED_VALUE"""),0.0) -> 0 | BF37: =IFERROR(__xludf.DUMMYFUNCTION("""COMPUTED_VALUE"""),1000000.0) -> 1000000
A38: =IFERROR(__xludf.DUMMYFUNCTION("""COMPUTED_VALUE"""),37.0) -> 37 | B38: =IFERROR(__xludf.DUMMYFUNCTION("""COMPUTED_VALUE"""),"AHMAD ZUBAD AL ASROR") -> AHMAD ZUBAD AL ASROR | C38: =IFERROR(__xludf.DUMMYFUNCTION("""COMPUTED_VALUE"""),2.025070367E9) -> 2025070367 | D38: =IFERROR(__xludf.DUMMYFUNCTION("""COMPUTED_VALUE"""),"EKO PRASETIYO NURZAINI") -> EKO PRASETIYO NURZAINI | E38: =IFERROR(__xludf.DUMMYFUNCTION("""COMPUTED_VALUE"""),"MUTHOHAROH") -> MUTHOHAROH | F38: =IFERROR(__xludf.DUMMYFUNCTION("""COMPUTED_VALUE"""),"BANJARMADU RT 002 RW 007 KARANGGENENG LAMONGAN") -> BANJARMADU RT 002 RW 007 KARANGGENENG LAMONGAN | G38: =IFERROR(__xludf.DUMMYFUNCTION("""COMPUTED_VALUE"""),"MA-XI.13") -> MA-XI.13 | H38: =IFERROR(__xludf.DUMMYFUNCTION("""COMPUTED_VALUE"""),"A") -> A | I38: =IFERROR(__xludf.DUMMYFUNCTION("""COMPUTED_VALUE"""),"A-2") -> A-2 | J38: =IFERROR(__xludf.DUMMYFUNCTION("""COMPUTED_VALUE"""),2.0) -> 2 | K38: =IFERROR(__xludf.DUMMYFUNCTION("""COMPUTED_VALUE"""),"2 MAK PUTRA") -> 2 MAK PUTRA | L38: =IFERROR(__xludf.DUMMYFUNCTION("""COMPUTED_VALUE"""),"6285707241922") -> 6285707241922 | BC38: =IFERROR(__xludf.DUMMYFUNCTION("""COMPUTED_VALUE"""),0.0) -> 0 | BD38: =IFERROR(__xludf.DUMMYFUNCTION("""COMPUTED_VALUE"""),0.0) -> 0 | BE38: =IFERROR(__xludf.DUMMYFUNCTION("""COMPUTED_VALUE"""),0.0) -> 0 | BF38: =IFERROR(__xludf.DUMMYFUNCTION("""COMPUTED_VALUE"""),0.0) -> 0
A39: =IFERROR(__xludf.DUMMYFUNCTION("""COMPUTED_VALUE"""),38.0) -> 38 | B39: =IFERROR(__xludf.DUMMYFUNCTION("""COMPUTED_VALUE"""),"AKBAR MAULANA") -> AKBAR MAULANA | C39: =IFERROR(__xludf.DUMMYFUNCTION("""COMPUTED_VALUE"""),2.025070272E9) -> 2025070272 | D39: =IFERROR(__xludf.DUMMYFUNCTION("""COMPUTED_VALUE"""),"AJI") -> AJI | E39: =IFERROR(__xludf.DUMMYFUNCTION("""COMPUTED_VALUE"""),"SITI MAIMUNAH") -> SITI MAIMUNAH | F39: =IFERROR(__xludf.DUMMYFUNCTION("""COMPUTED_VALUE"""),"TENGGULUN RT 001 RW 001 SOLOKURO LAMONGAN") -> TENGGULUN RT 001 RW 001 SOLOKURO LAMONGAN | G39: =IFERROR(__xludf.DUMMYFUNCTION("""COMPUTED_VALUE"""),"MA-XI.2") -> MA-XI.2 | H39: =IFERROR(__xludf.DUMMYFUNCTION("""COMPUTED_VALUE"""),"A") -> A | I39: =IFERROR(__xludf.DUMMYFUNCTION("""COMPUTED_VALUE"""),"A-4") -> A-4 | J39: =IFERROR(__xludf.DUMMYFUNCTION("""COMPUTED_VALUE"""),2.0) -> 2 | K39: =IFERROR(__xludf.DUMMYFUNCTION("""COMPUTED_VALUE"""),"2 WUSTHO A PUTRA") -> 2 WUSTHO A PUTRA | L39: =IFERROR(__xludf.DUMMYFUNCTION("""COMPUTED_VALUE"""),"6285743392823") -> 6285743392823 | BC39: =IFERROR(__xludf.DUMMYFUNCTION("""COMPUTED_VALUE"""),0.0) -> 0 | BD39: =IFERROR(__xludf.DUMMYFUNCTION("""COMPUTED_VALUE"""),0.0) -> 0 | BE39: =IFERROR(__xludf.DUMMYFUNCTION("""COMPUTED_VALUE"""),0.0) -> 0 | BF39: =IFERROR(__xludf.DUMMYFUNCTION("""COMPUTED_VALUE"""),0.0) -> 0
A40: =IFERROR(__xludf.DUMMYFUNCTION("""COMPUTED_VALUE"""),39.0) -> 39 | B40: =IFERROR(__xludf.DUMMYFUNCTION("""COMPUTED_VALUE"""),"ALFIN FAIRUS AGATHA") -> ALFIN FAIRUS AGATHA | C40: =IFERROR(__xludf.DUMMYFUNCTION("""COMPUTED_VALUE"""),2.025070558E9) -> 2025070558 | D40: =IFERROR(__xludf.DUMMYFUNCTION("""COMPUTED_VALUE"""),"UJUD PRASETYO") -> UJUD PRASETYO | E40: =IFERROR(__xludf.DUMMYFUNCTION("""COMPUTED_VALUE"""),"SRI ZULIANINGSIH") -> SRI ZULIANINGSIH | F40: =IFERROR(__xludf.DUMMYFUNCTION("""COMPUTED_VALUE"""),"SUMURAN SEKARBAGUS RT 002 RW 004 SUGIO LAMONGAN") -> SUMURAN SEKARBAGUS RT 002 RW 004 SUGIO LAMONGAN | G40: =IFERROR(__xludf.DUMMYFUNCTION("""COMPUTED_VALUE"""),"MTS-8 G") -> MTS-8 G | H40: =IFERROR(__xludf.DUMMYFUNCTION("""COMPUTED_VALUE"""),"A") -> A | I40: =IFERROR(__xludf.DUMMYFUNCTION("""COMPUTED_VALUE"""),"A-3") -> A-3 | J40: =IFERROR(__xludf.DUMMYFUNCTION("""COMPUTED_VALUE"""),2.0) -> 2 | K40: =IFERROR(__xludf.DUMMYFUNCTION("""COMPUTED_VALUE"""),"2 ULA A PUTRA") -> 2 ULA A PUTRA | L40: =IFERROR(__xludf.DUMMYFUNCTION("""COMPUTED_VALUE"""),"6281615235302") -> 6281615235302 | AB40: =IFERROR(__xludf.DUMMYFUNCTION("""COMPUTED_VALUE"""),500000.0) -> 500000 | AP40: =IFERROR(__xludf.DUMMYFUNCTION("""COMPUTED_VALUE"""),500000.0) -> 500000 | BC40: =IFERROR(__xludf.DUMMYFUNCTION("""COMPUTED_VALUE"""),0.0) -> 0 | BD40: =IFERROR(__xludf.DUMMYFUNCTION("""COMPUTED_VALUE"""),1000000.0) -> 1000000 | BE40: =IFERROR(__xludf.DUMMYFUNCTION("""COMPUTED_VALUE"""),0.0) -> 0 | BF40: =IFERROR(__xludf.DUMMYFUNCTION("""COMPUTED_VALUE"""),1000000.0) -> 1000000
A41: =IFERROR(__xludf.DUMMYFUNCTION("""COMPUTED_VALUE"""),40.0) -> 40 | B41: =IFERROR(__xludf.DUMMYFUNCTION("""COMPUTED_VALUE"""),"ANDREI ARSHAVIN ADITYA PRATAMA") -> ANDREI ARSHAVIN ADITYA PRATAMA | C41: =IFERROR(__xludf.DUMMYFUNCTION("""COMPUTED_VALUE"""),2.025070174E9) -> 2025070174 | D41: =IFERROR(__xludf.DUMMYFUNCTION("""COMPUTED_VALUE"""),"BENNY KARDYAWAN") -> BENNY KARDYAWAN | E41: =IFERROR(__xludf.DUMMYFUNCTION("""COMPUTED_VALUE"""),"LULUK LUTFIA") -> LULUK LUTFIA | F41: =IFERROR(__xludf.DUMMYFUNCTION("""COMPUTED_VALUE"""),"BUTUNGAN RT 002 RW 002 KALITENGAH LAMONGAN") -> BUTUNGAN RT 002 RW 002 KALITENGAH LAMONGAN | G41: =IFERROR(__xludf.DUMMYFUNCTION("""COMPUTED_VALUE"""),"MA-XI.10") -> MA-XI.10 | H41: =IFERROR(__xludf.DUMMYFUNCTION("""COMPUTED_VALUE"""),"A") -> A | I41: =IFERROR(__xludf.DUMMYFUNCTION("""COMPUTED_VALUE"""),"A-4") -> A-4 | J41: =IFERROR(__xludf.DUMMYFUNCTION("""COMPUTED_VALUE"""),2.0) -> 2 | K41: =IFERROR(__xludf.DUMMYFUNCTION("""COMPUTED_VALUE"""),"2 WUSTHO A PUTRA") -> 2 WUSTHO A PUTRA | L41: =IFERROR(__xludf.DUMMYFUNCTION("""COMPUTED_VALUE"""),"6285853921007") -> 6285853921007 | M41: =IFERROR(__xludf.DUMMYFUNCTION("""COMPUTED_VALUE"""),600000.0) -> 600000 | AB41: =IFERROR(__xludf.DUMMYFUNCTION("""COMPUTED_VALUE"""),500000.0) -> 500000 | AP41: =IFERROR(__xludf.DUMMYFUNCTION("""COMPUTED_VALUE"""),500000.0) -> 500000 | BC41: =IFERROR(__xludf.DUMMYFUNCTION("""COMPUTED_VALUE"""),0.0) -> 0 | BD41: =IFERROR(__xludf.DUMMYFUNCTION("""COMPUTED_VALUE"""),1600000.0) -> 1600000 | BE41: =IFERROR(__xludf.DUMMYFUNCTION("""COMPUTED_VALUE"""),0.0) -> 0 | BF41: =IFERROR(__xludf.DUMMYFUNCTION("""COMPUTED_VALUE"""),1600000.0) -> 1600000
A42: =IFERROR(__xludf.DUMMYFUNCTION("""COMPUTED_VALUE"""),41.0) -> 41 | B42: =IFERROR(__xludf.DUMMYFUNCTION("""COMPUTED_VALUE"""),"ANTADANNA MAULANA ALVINO") -> ANTADANNA MAULANA ALVINO | C42: =IFERROR(__xludf.DUMMYFUNCTION("""COMPUTED_VALUE"""),2.025070437E9) -> 2025070437 | D42: =IFERROR(__xludf.DUMMYFUNCTION("""COMPUTED_VALUE"""),"VITNARKO") -> VITNARKO | E42: =IFERROR(__xludf.DUMMYFUNCTION("""COMPUTED_VALUE"""),"KATSIROTUN NI`MAH") -> KATSIROTUN NI`MAH | F42: =IFERROR(__xludf.DUMMYFUNCTION("""COMPUTED_VALUE"""),"KARANGLANGIT RT 001 RW 002 LAMONGAN LAMONGAN") -> KARANGLANGIT RT 001 RW 002 LAMONGAN LAMONGAN | G42: =IFERROR(__xludf.DUMMYFUNCTION("""COMPUTED_VALUE"""),"SMK-XI TKJ 2") -> SMK-XI TKJ 2 | H42: =IFERROR(__xludf.DUMMYFUNCTION("""COMPUTED_VALUE"""),"A") -> A | I42: =IFERROR(__xludf.DUMMYFUNCTION("""COMPUTED_VALUE"""),"A-9") -> A-9 | J42: =IFERROR(__xludf.DUMMYFUNCTION("""COMPUTED_VALUE"""),2.0) -> 2 | K42: =IFERROR(__xludf.DUMMYFUNCTION("""COMPUTED_VALUE"""),"2 WUSTHO A PUTRA") -> 2 WUSTHO A PUTRA | L42: =IFERROR(__xludf.DUMMYFUNCTION("""COMPUTED_VALUE"""),"6282243925015") -> 6282243925015 | BC42: =IFERROR(__xludf.DUMMYFUNCTION("""COMPUTED_VALUE"""),0.0) -> 0 | BD42: =IFERROR(__xludf.DUMMYFUNCTION("""COMPUTED_VALUE"""),0.0) -> 0 | BE42: =IFERROR(__xludf.DUMMYFUNCTION("""COMPUTED_VALUE"""),0.0) -> 0 | BF42: =IFERROR(__xludf.DUMMYFUNCTION("""COMPUTED_VALUE"""),0.0) -> 0
A43: =IFERROR(__xludf.DUMMYFUNCTION("""COMPUTED_VALUE"""),42.0) -> 42 | B43: =IFERROR(__xludf.DUMMYFUNCTION("""COMPUTED_VALUE"""),"APRIANSYAH BAYU ROBBANY") -> APRIANSYAH BAYU ROBBANY | C43: =IFERROR(__xludf.DUMMYFUNCTION("""COMPUTED_VALUE"""),2.025070371E9) -> 2025070371 | D43: =IFERROR(__xludf.DUMMYFUNCTION("""COMPUTED_VALUE"""),"SUPRIYANTO") -> SUPRIYANTO | E43: =IFERROR(__xludf.DUMMYFUNCTION("""COMPUTED_VALUE"""),"BINTI KHOTIMAH") -> BINTI KHOTIMAH | F43: =IFERROR(__xludf.DUMMYFUNCTION("""COMPUTED_VALUE"""),"TENGGER BLONGKO RT 004 RW 005 NGETOS NGANJUK") -> TENGGER BLONGKO RT 004 RW 005 NGETOS NGANJUK | G43: =IFERROR(__xludf.DUMMYFUNCTION("""COMPUTED_VALUE"""),"MA-XI.13") -> MA-XI.13 | H43: =IFERROR(__xludf.DUMMYFUNCTION("""COMPUTED_VALUE"""),"A") -> A | I43: =IFERROR(__xludf.DUMMYFUNCTION("""COMPUTED_VALUE"""),"A-4") -> A-4 | J43: =IFERROR(__xludf.DUMMYFUNCTION("""COMPUTED_VALUE"""),2.0) -> 2 | K43: =IFERROR(__xludf.DUMMYFUNCTION("""COMPUTED_VALUE"""),"2 MAK PUTRA") -> 2 MAK PUTRA | L43: =IFERROR(__xludf.DUMMYFUNCTION("""COMPUTED_VALUE"""),"6282230736243") -> 6282230736243 | M43: =IFERROR(__xludf.DUMMYFUNCTION("""COMPUTED_VALUE"""),600000.0) -> 600000 | W43: =IFERROR(__xludf.DUMMYFUNCTION("""COMPUTED_VALUE"""),450000.0) -> 450000 | X43: =IFERROR(__xludf.DUMMYFUNCTION("""COMPUTED_VALUE"""),450000.0) -> 450000 | Y43: =IFERROR(__xludf.DUMMYFUNCTION("""COMPUTED_VALUE"""),450000.0) -> 450000 | Z43: =IFERROR(__xludf.DUMMYFUNCTION("""COMPUTED_VALUE"""),450000.0) -> 450000 | AB43: =IFERROR(__xludf.DUMMYFUNCTION("""COMPUTED_VALUE"""),500000.0) -> 500000 | AP43: =IFERROR(__xludf.DUMMYFUNCTION("""COMPUTED_VALUE"""),500000.0) -> 500000 | BC43: =IFERROR(__xludf.DUMMYFUNCTION("""COMPUTED_VALUE"""),1800000.0) -> 1800000 | BD43: =IFERROR(__xludf.DUMMYFUNCTION("""COMPUTED_VALUE"""),1600000.0) -> 1600000 | BE43: =IFERROR(__xludf.DUMMYFUNCTION("""COMPUTED_VALUE"""),0.0) -> 0 | BF43: =IFERROR(__xludf.DUMMYFUNCTION("""COMPUTED_VALUE"""),3400000.0) -> 3400000
A44: =IFERROR(__xludf.DUMMYFUNCTION("""COMPUTED_VALUE"""),43.0) -> 43 | B44: =IFERROR(__xludf.DUMMYFUNCTION("""COMPUTED_VALUE"""),"AQILA AJI ILLIAN SYAH") -> AQILA AJI ILLIAN SYAH | C44: =IFERROR(__xludf.DUMMYFUNCTION("""COMPUTED_VALUE"""),2.025070571E9) -> 2025070571 | D44: =IFERROR(__xludf.DUMMYFUNCTION("""COMPUTED_VALUE"""),"SUTIAJI") -> SUTIAJI | E44: =IFERROR(__xludf.DUMMYFUNCTION("""COMPUTED_VALUE"""),"ELLA TRI YUWANITA") -> ELLA TRI YUWANITA | F44: =IFERROR(__xludf.DUMMYFUNCTION("""COMPUTED_VALUE"""),"JL. KH. AGUS SALIM NO. 11 KULURAN RT 002 RW 001 KALITENGAH LAMONGAN") -> JL. KH. AGUS SALIM NO. 11 KULURAN RT 002 RW 001 KALITENGAH LAMONGAN | G44: =IFERROR(__xludf.DUMMYFUNCTION("""COMPUTED_VALUE"""),"MTS-8 D") -> MTS-8 D | H44: =IFERROR(__xludf.DUMMYFUNCTION("""COMPUTED_VALUE"""),"A") -> A | I44: =IFERROR(__xludf.DUMMYFUNCTION("""COMPUTED_VALUE"""),"A-1") -> A-1 | J44: =IFERROR(__xludf.DUMMYFUNCTION("""COMPUTED_VALUE"""),2.0) -> 2 | K44: =IFERROR(__xludf.DUMMYFUNCTION("""COMPUTED_VALUE"""),"2 ULA A PUTRA") -> 2 ULA A PUTRA | L44: =IFERROR(__xludf.DUMMYFUNCTION("""COMPUTED_VALUE"""),"6285697039280") -> 6285697039280 | AB44: =IFERROR(__xludf.DUMMYFUNCTION("""COMPUTED_VALUE"""),500000.0) -> 500000 | AP44: =IFERROR(__xludf.DUMMYFUNCTION("""COMPUTED_VALUE"""),500000.0) -> 500000 | BC44: =IFERROR(__xludf.DUMMYFUNCTION("""COMPUTED_VALUE"""),0.0) -> 0 | BD44: =IFERROR(__xludf.DUMMYFUNCTION("""COMPUTED_VALUE"""),1000000.0) -> 1000000 | BE44: =IFERROR(__xludf.DUMMYFUNCTION("""COMPUTED_VALUE"""),0.0) -> 0 | BF44: =IFERROR(__xludf.DUMMYFUNCTION("""COMPUTED_VALUE"""),1000000.0) -> 1000000
A45: =IFERROR(__xludf.DUMMYFUNCTION("""COMPUTED_VALUE"""),44.0) -> 44 | B45: =IFERROR(__xludf.DUMMYFUNCTION("""COMPUTED_VALUE"""),"ARJUNA AUFAR FEBRIAN") -> ARJUNA AUFAR FEBRIAN | C45: =IFERROR(__xludf.DUMMYFUNCTION("""COMPUTED_VALUE"""),2.025070474E9) -> 2025070474 | D45: =IFERROR(__xludf.DUMMYFUNCTION("""COMPUTED_VALUE"""),"CANDRA PERWIRA WIBAWANTO") -> CANDRA PERWIRA WIBAWANTO | E45: =IFERROR(__xludf.DUMMYFUNCTION("""COMPUTED_VALUE"""),"EVI KARTIKA SARI") -> EVI KARTIKA SARI | F45: =IFERROR(__xludf.DUMMYFUNCTION("""COMPUTED_VALUE"""),"PERUM GRAHA INDAH BLOK M 12 A TAMBAKRIGADUNG RT 001 RW 010 TIKUNG LAMONGAN") -> PERUM GRAHA INDAH BLOK M 12 A TAMBAKRIGADUNG RT 001 RW 010 TIKUNG LAMONGAN | G45: =IFERROR(__xludf.DUMMYFUNCTION("""COMPUTED_VALUE"""),"SMP-VIII A") -> SMP-VIII A | H45: =IFERROR(__xludf.DUMMYFUNCTION("""COMPUTED_VALUE"""),"A") -> A | I45: =IFERROR(__xludf.DUMMYFUNCTION("""COMPUTED_VALUE"""),"A-3") -> A-3 | J45: =IFERROR(__xludf.DUMMYFUNCTION("""COMPUTED_VALUE"""),2.0) -> 2 | K45: =IFERROR(__xludf.DUMMYFUNCTION("""COMPUTED_VALUE"""),"2 ULA A PUTRA") -> 2 ULA A PUTRA | L45: =IFERROR(__xludf.DUMMYFUNCTION("""COMPUTED_VALUE"""),"6285748239151") -> 6285748239151 | AB45: =IFERROR(__xludf.DUMMYFUNCTION("""COMPUTED_VALUE"""),500000.0) -> 500000 | AP45: =IFERROR(__xludf.DUMMYFUNCTION("""COMPUTED_VALUE"""),500000.0) -> 500000 | BC45: =IFERROR(__xludf.DUMMYFUNCTION("""COMPUTED_VALUE"""),0.0) -> 0 | BD45: =IFERROR(__xludf.DUMMYFUNCTION("""COMPUTED_VALUE"""),1000000.0) -> 1000000 | BE45: =IFERROR(__xludf.DUMMYFUNCTION("""COMPUTED_VALUE"""),0.0) -> 0 | BF45: =IFERROR(__xludf.DUMMYFUNCTION("""COMPUTED_VALUE"""),1000000.0) -> 1000000
A46: =IFERROR(__xludf.DUMMYFUNCTION("""COMPUTED_VALUE"""),45.0) -> 45 | B46: =IFERROR(__xludf.DUMMYFUNCTION("""COMPUTED_VALUE"""),"AZKA ATHFAL AL IMRON") -> AZKA ATHFAL AL IMRON | C46: =IFERROR(__xludf.DUMMYFUNCTION("""COMPUTED_VALUE"""),2.025070619E9) -> 2025070619 | D46: =IFERROR(__xludf.DUMMYFUNCTION("""COMPUTED_VALUE"""),"MUHAMMAD IMRON") -> MUHAMMAD IMRON | E46: =IFERROR(__xludf.DUMMYFUNCTION("""COMPUTED_VALUE"""),"ANIS SHOLIKHAH") -> ANIS SHOLIKHAH | F46: =IFERROR(__xludf.DUMMYFUNCTION("""COMPUTED_VALUE"""),"KARANGWUNGU RT 005 RW 001 KARANGGENENG LAMONGAN") -> KARANGWUNGU RT 005 RW 001 KARANGGENENG LAMONGAN | G46: =IFERROR(__xludf.DUMMYFUNCTION("""COMPUTED_VALUE"""),"MTS-8 B") -> MTS-8 B | H46: =IFERROR(__xludf.DUMMYFUNCTION("""COMPUTED_VALUE"""),"A") -> A | I46: =IFERROR(__xludf.DUMMYFUNCTION("""COMPUTED_VALUE"""),"A-3") -> A-3 | J46: =IFERROR(__xludf.DUMMYFUNCTION("""COMPUTED_VALUE"""),2.0) -> 2 | K46: =IFERROR(__xludf.DUMMYFUNCTION("""COMPUTED_VALUE"""),"2 ULA A PUTRA") -> 2 ULA A PUTRA | L46: =IFERROR(__xludf.DUMMYFUNCTION("""COMPUTED_VALUE"""),"6289509221082") -> 6289509221082 | AB46: =IFERROR(__xludf.DUMMYFUNCTION("""COMPUTED_VALUE"""),500000.0) -> 500000 | AP46: =IFERROR(__xludf.DUMMYFUNCTION("""COMPUTED_VALUE"""),500000.0) -> 500000 | BC46: =IFERROR(__xludf.DUMMYFUNCTION("""COMPUTED_VALUE"""),0.0) -> 0 | BD46: =IFERROR(__xludf.DUMMYFUNCTION("""COMPUTED_VALUE"""),1000000.0) -> 1000000 | BE46: =IFERROR(__xludf.DUMMYFUNCTION("""COMPUTED_VALUE"""),0.0) -> 0 | BF46: =IFERROR(__xludf.DUMMYFUNCTION("""COMPUTED_VALUE"""),1000000.0) -> 1000000
A47: =IFERROR(__xludf.DUMMYFUNCTION("""COMPUTED_VALUE"""),46.0) -> 46 | B47: =IFERROR(__xludf.DUMMYFUNCTION("""COMPUTED_VALUE"""),"BILFAQIH REY ALTEZA") -> BILFAQIH REY ALTEZA | C47: =IFERROR(__xludf.DUMMYFUNCTION("""COMPUTED_VALUE"""),2.025070486E9) -> 2025070486 | D47: =IFERROR(__xludf.DUMMYFUNCTION("""COMPUTED_VALUE"""),"ARIFIN") -> ARIFIN | E47: =IFERROR(__xludf.DUMMYFUNCTION("""COMPUTED_VALUE"""),"KHADHIROTUL KUDSIYA") -> KHADHIROTUL KUDSIYA | F47: =IFERROR(__xludf.DUMMYFUNCTION("""COMPUTED_VALUE"""),"BESI TLOGOAGUNG RT 002 RW 002 KEMBANGBAHU LAMONGAN") -> BESI TLOGOAGUNG RT 002 RW 002 KEMBANGBAHU LAMONGAN | G47: =IFERROR(__xludf.DUMMYFUNCTION("""COMPUTED_VALUE"""),"SMP-VIII C") -> SMP-VIII C | H47: =IFERROR(__xludf.DUMMYFUNCTION("""COMPUTED_VALUE"""),"A") -> A | I47: =IFERROR(__xludf.DUMMYFUNCTION("""COMPUTED_VALUE"""),"A-1") -> A-1 | J47: =IFERROR(__xludf.DUMMYFUNCTION("""COMPUTED_VALUE"""),2.0) -> 2 | K47: =IFERROR(__xludf.DUMMYFUNCTION("""COMPUTED_VALUE"""),"2 ULA A PUTRA") -> 2 ULA A PUTRA | L47: =IFERROR(__xludf.DUMMYFUNCTION("""COMPUTED_VALUE"""),"6285748773131") -> 6285748773131 | AP47: =IFERROR(__xludf.DUMMYFUNCTION("""COMPUTED_VALUE"""),500000.0) -> 500000 | BC47: =IFERROR(__xludf.DUMMYFUNCTION("""COMPUTED_VALUE"""),0.0) -> 0 | BD47: =IFERROR(__xludf.DUMMYFUNCTION("""COMPUTED_VALUE"""),500000.0) -> 500000 | BE47: =IFERROR(__xludf.DUMMYFUNCTION("""COMPUTED_VALUE"""),0.0) -> 0 | BF47: =IFERROR(__xludf.DUMMYFUNCTION("""COMPUTED_VALUE"""),500000.0) -> 500000
A48: =IFERROR(__xludf.DUMMYFUNCTION("""COMPUTED_VALUE"""),47.0) -> 47 | B48: =IFERROR(__xludf.DUMMYFUNCTION("""COMPUTED_VALUE"""),"BRIAN BILLIY ZADAH") -> BRIAN BILLIY ZADAH | C48: =IFERROR(__xludf.DUMMYFUNCTION("""COMPUTED_VALUE"""),2.025070624E9) -> 2025070624 | D48: =IFERROR(__xludf.DUMMYFUNCTION("""COMPUTED_VALUE"""),"EFAN ISWANDI") -> EFAN ISWANDI | E48: =IFERROR(__xludf.DUMMYFUNCTION("""COMPUTED_VALUE"""),"LISMA DWI PRASASTI") -> LISMA DWI PRASASTI | F48: =IFERROR(__xludf.DUMMYFUNCTION("""COMPUTED_VALUE"""),"PADENGANPLOSO RT 012 RW 001 PUCUK LAMONGAN") -> PADENGANPLOSO RT 012 RW 001 PUCUK LAMONGAN | G48: =IFERROR(__xludf.DUMMYFUNCTION("""COMPUTED_VALUE"""),"MTS-8 E") -> MTS-8 E | H48: =IFERROR(__xludf.DUMMYFUNCTION("""COMPUTED_VALUE"""),"A") -> A | I48: =IFERROR(__xludf.DUMMYFUNCTION("""COMPUTED_VALUE"""),"A-3") -> A-3 | J48: =IFERROR(__xludf.DUMMYFUNCTION("""COMPUTED_VALUE"""),2.0) -> 2 | K48: =IFERROR(__xludf.DUMMYFUNCTION("""COMPUTED_VALUE"""),"2 ULA A PUTRA") -> 2 ULA A PUTRA | L48: =IFERROR(__xludf.DUMMYFUNCTION("""COMPUTED_VALUE"""),"6281333533845") -> 6281333533845 | BC48: =IFERROR(__xludf.DUMMYFUNCTION("""COMPUTED_VALUE"""),0.0) -> 0 | BD48: =IFERROR(__xludf.DUMMYFUNCTION("""COMPUTED_VALUE"""),0.0) -> 0 | BE48: =IFERROR(__xludf.DUMMYFUNCTION("""COMPUTED_VALUE"""),0.0) -> 0 | BF48: =IFERROR(__xludf.DUMMYFUNCTION("""COMPUTED_VALUE"""),0.0) -> 0
A49: =IFERROR(__xludf.DUMMYFUNCTION("""COMPUTED_VALUE"""),48.0) -> 48 | B49: =IFERROR(__xludf.DUMMYFUNCTION("""COMPUTED_VALUE"""),"DAVID ELBERTA PRAKASA") -> DAVID ELBERTA PRAKASA | C49: =IFERROR(__xludf.DUMMYFUNCTION("""COMPUTED_VALUE"""),2.025070603E9) -> 2025070603 | D49: =IFERROR(__xludf.DUMMYFUNCTION("""COMPUTED_VALUE"""),"ROCHMAN") -> ROCHMAN | E49: =IFERROR(__xludf.DUMMYFUNCTION("""COMPUTED_VALUE"""),"SUMIATI") -> SUMIATI | F49: =IFERROR(__xludf.DUMMYFUNCTION("""COMPUTED_VALUE"""),"MOROGO PUTATKUMPUL RT 006 RW 005 TURI LAMONGAN") -> MOROGO PUTATKUMPUL RT 006 RW 005 TURI LAMONGAN | G49: =IFERROR(__xludf.DUMMYFUNCTION("""COMPUTED_VALUE"""),"MTS-8 F") -> MTS-8 F | H49: =IFERROR(__xludf.DUMMYFUNCTION("""COMPUTED_VALUE"""),"A") -> A | I49: =IFERROR(__xludf.DUMMYFUNCTION("""COMPUTED_VALUE"""),"A-3") -> A-3 | J49: =IFERROR(__xludf.DUMMYFUNCTION("""COMPUTED_VALUE"""),2.0) -> 2 | K49: =IFERROR(__xludf.DUMMYFUNCTION("""COMPUTED_VALUE"""),"2 ULA A PUTRA") -> 2 ULA A PUTRA | L49: =IFERROR(__xludf.DUMMYFUNCTION("""COMPUTED_VALUE"""),"6285150634655") -> 6285150634655 | AB49: =IFERROR(__xludf.DUMMYFUNCTION("""COMPUTED_VALUE"""),500000.0) -> 500000 | AP49: =IFERROR(__xludf.DUMMYFUNCTION("""COMPUTED_VALUE"""),500000.0) -> 500000 | BC49: =IFERROR(__xludf.DUMMYFUNCTION("""COMPUTED_VALUE"""),0.0) -> 0 | BD49: =IFERROR(__xludf.DUMMYFUNCTION("""COMPUTED_VALUE"""),1000000.0) -> 1000000 | BE49: =IFERROR(__xludf.DUMMYFUNCTION("""COMPUTED_VALUE"""),0.0) -> 0 | BF49: =IFERROR(__xludf.DUMMYFUNCTION("""COMPUTED_VALUE"""),1000000.0) -> 1000000
A50: =IFERROR(__xludf.DUMMYFUNCTION("""COMPUTED_VALUE"""),49.0) -> 49 | B50: =IFERROR(__xludf.DUMMYFUNCTION("""COMPUTED_VALUE"""),"FAIRUS ALFIAN ALBAIHAQI") -> FAIRUS ALFIAN ALBAIHAQI | C50: =IFERROR(__xludf.DUMMYFUNCTION("""COMPUTED_VALUE"""),2.025070594E9) -> 2025070594 | D50: =IFERROR(__xludf.DUMMYFUNCTION("""COMPUTED_VALUE"""),"ANDIS EKO IRAWAN") -> ANDIS EKO IRAWAN | E50: =IFERROR(__xludf.DUMMYFUNCTION("""COMPUTED_VALUE"""),"UMANI WULANDARI") -> UMANI WULANDARI | F50: =IFERROR(__xludf.DUMMYFUNCTION("""COMPUTED_VALUE"""),"KLAMPIS BANJAREJO RT 001 RW 006 KARANGBINANGUN LAMONGAN") -> KLAMPIS BANJAREJO RT 001 RW 006 KARANGBINANGUN LAMONGAN | G50: =IFERROR(__xludf.DUMMYFUNCTION("""COMPUTED_VALUE"""),"MTS-8 A") -> MTS-8 A | H50: =IFERROR(__xludf.DUMMYFUNCTION("""COMPUTED_VALUE"""),"A") -> A | I50: =IFERROR(__xludf.DUMMYFUNCTION("""COMPUTED_VALUE"""),"A-13") -> A-13 | J50: =IFERROR(__xludf.DUMMYFUNCTION("""COMPUTED_VALUE"""),2.0) -> 2 | K50: =IFERROR(__xludf.DUMMYFUNCTION("""COMPUTED_VALUE"""),"2 ULA A PUTRA") -> 2 ULA A PUTRA | L50: =IFERROR(__xludf.DUMMYFUNCTION("""COMPUTED_VALUE"""),"6283161806155") -> 6283161806155 | AB50: =IFERROR(__xludf.DUMMYFUNCTION("""COMPUTED_VALUE"""),500000.0) -> 500000 | AP50: =IFERROR(__xludf.DUMMYFUNCTION("""COMPUTED_VALUE"""),500000.0) -> 500000 | BC50: =IFERROR(__xludf.DUMMYFUNCTION("""COMPUTED_VALUE"""),0.0) -> 0 | BD50: =IFERROR(__xludf.DUMMYFUNCTION("""COMPUTED_VALUE"""),1000000.0) -> 1000000 | BE50: =IFERROR(__xludf.DUMMYFUNCTION("""COMPUTED_VALUE"""),0.0) -> 0 | BF50: =IFERROR(__xludf.DUMMYFUNCTION("""COMPUTED_VALUE"""),1000000.0) -> 1000000
A51: =IFERROR(__xludf.DUMMYFUNCTION("""COMPUTED_VALUE"""),50.0) -> 50 | B51: =IFERROR(__xludf.DUMMYFUNCTION("""COMPUTED_VALUE"""),"FAREL YOGI MAHARDIKA") -> FAREL YOGI MAHARDIKA | C51: =IFERROR(__xludf.DUMMYFUNCTION("""COMPUTED_VALUE"""),2.025070499E9) -> 2025070499 | D51: =IFERROR(__xludf.DUMMYFUNCTION("""COMPUTED_VALUE"""),"HERU SUSANTO") -> HERU SUSANTO | E51: =IFERROR(__xludf.DUMMYFUNCTION("""COMPUTED_VALUE"""),"RINI ASTUTIK") -> RINI ASTUTIK | F51: =IFERROR(__xludf.DUMMYFUNCTION("""COMPUTED_VALUE"""),"GENTING TAMBAK DALAM NO. 200 RT 004 RW 002 ASEMROWO SURABAYA") -> GENTING TAMBAK DALAM NO. 200 RT 004 RW 002 ASEMROWO SURABAYA | G51: =IFERROR(__xludf.DUMMYFUNCTION("""COMPUTED_VALUE"""),"MTS-8 B") -> MTS-8 B | H51: =IFERROR(__xludf.DUMMYFUNCTION("""COMPUTED_VALUE"""),"A") -> A | I51: =IFERROR(__xludf.DUMMYFUNCTION("""COMPUTED_VALUE"""),"A-3") -> A-3 | J51: =IFERROR(__xludf.DUMMYFUNCTION("""COMPUTED_VALUE"""),2.0) -> 2 | K51: =IFERROR(__xludf.DUMMYFUNCTION("""COMPUTED_VALUE"""),"2 ULA A PUTRA") -> 2 ULA A PUTRA | L51: =IFERROR(__xludf.DUMMYFUNCTION("""COMPUTED_VALUE"""),"6281333110186") -> 6281333110186 | BC51: =IFERROR(__xludf.DUMMYFUNCTION("""COMPUTED_VALUE"""),0.0) -> 0 | BD51: =IFERROR(__xludf.DUMMYFUNCTION("""COMPUTED_VALUE"""),0.0) -> 0 | BE51: =IFERROR(__xludf.DUMMYFUNCTION("""COMPUTED_VALUE"""),0.0) -> 0 | BF51: =IFERROR(__xludf.DUMMYFUNCTION("""COMPUTED_VALUE"""),0.0) -> 0
A52: =IFERROR(__xludf.DUMMYFUNCTION("""COMPUTED_VALUE"""),51.0) -> 51 | B52: =IFERROR(__xludf.DUMMYFUNCTION("""COMPUTED_VALUE"""),"FARIEL DWI NUGROHO") -> FARIEL DWI NUGROHO | C52: =IFERROR(__xludf.DUMMYFUNCTION("""COMPUTED_VALUE"""),2.025070648E9) -> 2025070648 | D52: =IFERROR(__xludf.DUMMYFUNCTION("""COMPUTED_VALUE"""),"MUASAN") -> MUASAN | E52: =IFERROR(__xludf.DUMMYFUNCTION("""COMPUTED_VALUE"""),"SAMSIATUR ROCHMI") -> SAMSIATUR ROCHMI | F52: =IFERROR(__xludf.DUMMYFUNCTION("""COMPUTED_VALUE"""),"APEL TUNJUNGMEKAR RT 001 RW 003 KALITENGAH LAMONGAN") -> APEL TUNJUNGMEKAR RT 001 RW 003 KALITENGAH LAMONGAN | G52: =IFERROR(__xludf.DUMMYFUNCTION("""COMPUTED_VALUE"""),"MTS-8 F") -> MTS-8 F | H52: =IFERROR(__xludf.DUMMYFUNCTION("""COMPUTED_VALUE"""),"A") -> A | I52: =IFERROR(__xludf.DUMMYFUNCTION("""COMPUTED_VALUE"""),"A-1") -> A-1 | J52: =IFERROR(__xludf.DUMMYFUNCTION("""COMPUTED_VALUE"""),2.0) -> 2 | K52: =IFERROR(__xludf.DUMMYFUNCTION("""COMPUTED_VALUE"""),"2 ULA B PUTRA") -> 2 ULA B PUTRA | L52: =IFERROR(__xludf.DUMMYFUNCTION("""COMPUTED_VALUE"""),"6281532827112") -> 6281532827112 | AP52: =IFERROR(__xludf.DUMMYFUNCTION("""COMPUTED_VALUE"""),500000.0) -> 500000 | BC52: =IFERROR(__xludf.DUMMYFUNCTION("""COMPUTED_VALUE"""),0.0) -> 0 | BD52: =IFERROR(__xludf.DUMMYFUNCTION("""COMPUTED_VALUE"""),500000.0) -> 500000 | BE52: =IFERROR(__xludf.DUMMYFUNCTION("""COMPUTED_VALUE"""),0.0) -> 0 | BF52: =IFERROR(__xludf.DUMMYFUNCTION("""COMPUTED_VALUE"""),500000.0) -> 500000
A53: =IFERROR(__xludf.DUMMYFUNCTION("""COMPUTED_VALUE"""),52.0) -> 52 | B53: =IFERROR(__xludf.DUMMYFUNCTION("""COMPUTED_VALUE"""),"FAUZAN ZAKARIA FIRDAUS") -> FAUZAN ZAKARIA FIRDAUS | C53: =IFERROR(__xludf.DUMMYFUNCTION("""COMPUTED_VALUE"""),2.02507035E9) -> 2025070350 | D53: =IFERROR(__xludf.DUMMYFUNCTION("""COMPUTED_VALUE"""),"KAMAT") -> KAMAT | E53: =IFERROR(__xludf.DUMMYFUNCTION("""COMPUTED_VALUE"""),"TAMBIYAH") -> TAMBIYAH | F53: =IFERROR(__xludf.DUMMYFUNCTION("""COMPUTED_VALUE"""),"PELABUHAN RT 001 RW 005 JETIS MOJOKERTO") -> PELABUHAN RT 001 RW 005 JETIS MOJOKERTO | G53: =IFERROR(__xludf.DUMMYFUNCTION("""COMPUTED_VALUE"""),"MA-XI.13") -> MA-XI.13 | H53: =IFERROR(__xludf.DUMMYFUNCTION("""COMPUTED_VALUE"""),"A") -> A | I53: =IFERROR(__xludf.DUMMYFUNCTION("""COMPUTED_VALUE"""),"A-2") -> A-2 | J53: =IFERROR(__xludf.DUMMYFUNCTION("""COMPUTED_VALUE"""),2.0) -> 2 | K53: =IFERROR(__xludf.DUMMYFUNCTION("""COMPUTED_VALUE"""),"2 MAK PUTRA") -> 2 MAK PUTRA | L53: =IFERROR(__xludf.DUMMYFUNCTION("""COMPUTED_VALUE"""),"6285649576786") -> 6285649576786 | N53: =IFERROR(__xludf.DUMMYFUNCTION("""COMPUTED_VALUE"""),200000.0) -> 200000 | O53: =IFERROR(__xludf.DUMMYFUNCTION("""COMPUTED_VALUE"""),450000.0) -> 450000 | P53: =IFERROR(__xludf.DUMMYFUNCTION("""COMPUTED_VALUE"""),450000.0) -> 450000 | Q53: =IFERROR(__xludf.DUMMYFUNCTION("""COMPUTED_VALUE"""),450000.0) -> 450000 | R53: =IFERROR(__xludf.DUMMYFUNCTION("""COMPUTED_VALUE"""),450000.0) -> 450000 | S53: =IFERROR(__xludf.DUMMYFUNCTION("""COMPUTED_VALUE"""),450000.0) -> 450000 | T53: =IFERROR(__xludf.DUMMYFUNCTION("""COMPUTED_VALUE"""),450000.0) -> 450000 | U53: =IFERROR(__xludf.DUMMYFUNCTION("""COMPUTED_VALUE"""),450000.0) -> 450000 | V53: =IFERROR(__xludf.DUMMYFUNCTION("""COMPUTED_VALUE"""),450000.0) -> 450000 | ... Z53: =IFERROR(__xludf.DUMMYFUNCTION("""COMPUTED_VALUE"""),450000.0) -> 450000 | BC53: =IFERROR(__xludf.DUMMYFUNCTION("""COMPUTED_VALUE"""),5400000.0) -> 5400000 | BD53: =IFERROR(__xludf.DUMMYFUNCTION("""COMPUTED_VALUE"""),0.0) -> 0 | BE53: =IFERROR(__xludf.DUMMYFUNCTION("""COMPUTED_VALUE"""),0.0) -> 0 | BF53: =IFERROR(__xludf.DUMMYFUNCTION("""COMPUTED_VALUE"""),5400000.0) -> 5400000
A54: =IFERROR(__xludf.DUMMYFUNCTION("""COMPUTED_VALUE"""),53.0) -> 53 | B54: =IFERROR(__xludf.DUMMYFUNCTION("""COMPUTED_VALUE"""),"GALVIN UNA ROMAN SANDI") -> GALVIN UNA ROMAN SANDI | C54: =IFERROR(__xludf.DUMMYFUNCTION("""COMPUTED_VALUE"""),2.025070646E9) -> 2025070646 | D54: =IFERROR(__xludf.DUMMYFUNCTION("""COMPUTED_VALUE"""),"SUWANDI") -> SUWANDI | E54: =IFERROR(__xludf.DUMMYFUNCTION("""COMPUTED_VALUE"""),"SRINI ROKAYAH") -> SRINI ROKAYAH | F54: =IFERROR(__xludf.DUMMYFUNCTION("""COMPUTED_VALUE"""),"PENGANGSALAN RT 001 RW 002 KALITENGAH LAMONGAN") -> PENGANGSALAN RT 001 RW 002 KALITENGAH LAMONGAN | G54: =IFERROR(__xludf.DUMMYFUNCTION("""COMPUTED_VALUE"""),"MTS-8 D") -> MTS-8 D | H54: =IFERROR(__xludf.DUMMYFUNCTION("""COMPUTED_VALUE"""),"A") -> A | I54: =IFERROR(__xludf.DUMMYFUNCTION("""COMPUTED_VALUE"""),"A-3") -> A-3 | J54: =IFERROR(__xludf.DUMMYFUNCTION("""COMPUTED_VALUE"""),2.0) -> 2 | K54: =IFERROR(__xludf.DUMMYFUNCTION("""COMPUTED_VALUE"""),"2 ULA B PUTRA") -> 2 ULA B PUTRA | L54: =IFERROR(__xludf.DUMMYFUNCTION("""COMPUTED_VALUE"""),"6285648208817") -> 6285648208817 | Y54: =IFERROR(__xludf.DUMMYFUNCTION("""COMPUTED_VALUE"""),450000.0) -> 450000 | Z54: =IFERROR(__xludf.DUMMYFUNCTION("""COMPUTED_VALUE"""),450000.0) -> 450000 | AB54: =IFERROR(__xludf.DUMMYFUNCTION("""COMPUTED_VALUE"""),500000.0) -> 500000 | AP54: =IFERROR(__xludf.DUMMYFUNCTION("""COMPUTED_VALUE"""),500000.0) -> 500000 | BC54: =IFERROR(__xludf.DUMMYFUNCTION("""COMPUTED_VALUE"""),900000.0) -> 900000 | BD54: =IFERROR(__xludf.DUMMYFUNCTION("""COMPUTED_VALUE"""),1000000.0) -> 1000000 | BE54: =IFERROR(__xludf.DUMMYFUNCTION("""COMPUTED_VALUE"""),0.0) -> 0 | BF54: =IFERROR(__xludf.DUMMYFUNCTION("""COMPUTED_VALUE"""),1900000.0) -> 1900000
A55: =IFERROR(__xludf.DUMMYFUNCTION("""COMPUTED_VALUE"""),54.0) -> 54 | B55: =IFERROR(__xludf.DUMMYFUNCTION("""COMPUTED_VALUE"""),"GAVIN DARREL ZYWANTA") -> GAVIN DARREL ZYWANTA | C55: =IFERROR(__xludf.DUMMYFUNCTION("""COMPUTED_VALUE"""),2.025070528E9) -> 2025070528 | D55: =IFERROR(__xludf.DUMMYFUNCTION("""COMPUTED_VALUE"""),"HERU SETIYAWAN") -> HERU SETIYAWAN | E55: =IFERROR(__xludf.DUMMYFUNCTION("""COMPUTED_VALUE"""),"UMZILAH") -> UMZILAH | F55: =IFERROR(__xludf.DUMMYFUNCTION("""COMPUTED_VALUE"""),"WATANGAN WATANGPANJANG RT 002 RW 002 KARANGBINANGUN LAMONGAN") -> WATANGAN WATANGPANJANG RT 002 RW 002 KARANGBINANGUN LAMONGAN | G55: =IFERROR(__xludf.DUMMYFUNCTION("""COMPUTED_VALUE"""),"MTS-8 C") -> MTS-8 C | H55: =IFERROR(__xludf.DUMMYFUNCTION("""COMPUTED_VALUE"""),"A") -> A | I55: =IFERROR(__xludf.DUMMYFUNCTION("""COMPUTED_VALUE"""),"A-1") -> A-1 | J55: =IFERROR(__xludf.DUMMYFUNCTION("""COMPUTED_VALUE"""),2.0) -> 2 | K55: =IFERROR(__xludf.DUMMYFUNCTION("""COMPUTED_VALUE"""),"2 ULA B PUTRA") -> 2 ULA B PUTRA | L55: =IFERROR(__xludf.DUMMYFUNCTION("""COMPUTED_VALUE"""),"6281515528147") -> 6281515528147 | AB55: =IFERROR(__xludf.DUMMYFUNCTION("""COMPUTED_VALUE"""),500000.0) -> 500000 | AP55: =IFERROR(__xludf.DUMMYFUNCTION("""COMPUTED_VALUE"""),500000.0) -> 500000 | BC55: =IFERROR(__xludf.DUMMYFUNCTION("""COMPUTED_VALUE"""),0.0) -> 0 | BD55: =IFERROR(__xludf.DUMMYFUNCTION("""COMPUTED_VALUE"""),1000000.0) -> 1000000 | BE55: =IFERROR(__xludf.DUMMYFUNCTION("""COMPUTED_VALUE"""),0.0) -> 0 | BF55: =IFERROR(__xludf.DUMMYFUNCTION("""COMPUTED_VALUE"""),1000000.0) -> 1000000
A56: =IFERROR(__xludf.DUMMYFUNCTION("""COMPUTED_VALUE"""),55.0) -> 55 | B56: =IFERROR(__xludf.DUMMYFUNCTION("""COMPUTED_VALUE"""),"GHULAM AURELIO BHADRIKA") -> GHULAM AURELIO BHADRIKA | C56: =IFERROR(__xludf.DUMMYFUNCTION("""COMPUTED_VALUE"""),2.025070553E9) -> 2025070553 | D56: =IFERROR(__xludf.DUMMYFUNCTION("""COMPUTED_VALUE"""),"HAMID ARIF") -> HAMID ARIF | E56: =IFERROR(__xludf.DUMMYFUNCTION("""COMPUTED_VALUE"""),"SEPTINING WULANDARI") -> SEPTINING WULANDARI | F56: =IFERROR(__xludf.DUMMYFUNCTION("""COMPUTED_VALUE"""),"TANJUNG RT 001 RW 002 LAMONGAN LAMONGAN") -> TANJUNG RT 001 RW 002 LAMONGAN LAMONGAN | G56: =IFERROR(__xludf.DUMMYFUNCTION("""COMPUTED_VALUE"""),"MTS-8 F") -> MTS-8 F | H56: =IFERROR(__xludf.DUMMYFUNCTION("""COMPUTED_VALUE"""),"A") -> A | I56: =IFERROR(__xludf.DUMMYFUNCTION("""COMPUTED_VALUE"""),"A-1") -> A-1 | J56: =IFERROR(__xludf.DUMMYFUNCTION("""COMPUTED_VALUE"""),2.0) -> 2 | K56: =IFERROR(__xludf.DUMMYFUNCTION("""COMPUTED_VALUE"""),"2 ULA B PUTRA") -> 2 ULA B PUTRA | L56: =IFERROR(__xludf.DUMMYFUNCTION("""COMPUTED_VALUE"""),"628561750784") -> 628561750784 | AB56: =IFERROR(__xludf.DUMMYFUNCTION("""COMPUTED_VALUE"""),500000.0) -> 500000 | AP56: =IFERROR(__xludf.DUMMYFUNCTION("""COMPUTED_VALUE"""),500000.0) -> 500000 | BC56: =IFERROR(__xludf.DUMMYFUNCTION("""COMPUTED_VALUE"""),0.0) -> 0 | BD56: =IFERROR(__xludf.DUMMYFUNCTION("""COMPUTED_VALUE"""),1000000.0) -> 1000000 | BE56: =IFERROR(__xludf.DUMMYFUNCTION("""COMPUTED_VALUE"""),0.0) -> 0 | BF56: =IFERROR(__xludf.DUMMYFUNCTION("""COMPUTED_VALUE"""),1000000.0) -> 1000000
A57: =IFERROR(__xludf.DUMMYFUNCTION("""COMPUTED_VALUE"""),56.0) -> 56 | B57: =IFERROR(__xludf.DUMMYFUNCTION("""COMPUTED_VALUE"""),"HABIBAULLAH ZADAH VARIAN") -> HABIBAULLAH ZADAH VARIAN | C57: =IFERROR(__xludf.DUMMYFUNCTION("""COMPUTED_VALUE"""),2.025070652E9) -> 2025070652 | D57: =IFERROR(__xludf.DUMMYFUNCTION("""COMPUTED_VALUE"""),"A. KHARIS. R") -> A. KHARIS. R | E57: =IFERROR(__xludf.DUMMYFUNCTION("""COMPUTED_VALUE"""),"INTAN DWI SATRIYA") -> INTAN DWI SATRIYA | F57: =IFERROR(__xludf.DUMMYFUNCTION("""COMPUTED_VALUE"""),"PADENGANPLOSO RT 013 RW 002 PUCUK LAMONGAN") -> PADENGANPLOSO RT 013 RW 002 PUCUK LAMONGAN | G57: =IFERROR(__xludf.DUMMYFUNCTION("""COMPUTED_VALUE"""),"MTS-8 E") -> MTS-8 E | H57: =IFERROR(__xludf.DUMMYFUNCTION("""COMPUTED_VALUE"""),"A") -> A | I57: =IFERROR(__xludf.DUMMYFUNCTION("""COMPUTED_VALUE"""),"A-3") -> A-3 | J57: =IFERROR(__xludf.DUMMYFUNCTION("""COMPUTED_VALUE"""),2.0) -> 2 | K57: =IFERROR(__xludf.DUMMYFUNCTION("""COMPUTED_VALUE"""),"2 ULA B PUTRA") -> 2 ULA B PUTRA | L57: =IFERROR(__xludf.DUMMYFUNCTION("""COMPUTED_VALUE"""),"6285645225607") -> 6285645225607 | AB57: =IFERROR(__xludf.DUMMYFUNCTION("""COMPUTED_VALUE"""),500000.0) -> 500000 | AP57: =IFERROR(__xludf.DUMMYFUNCTION("""COMPUTED_VALUE"""),500000.0) -> 500000 | BC57: =IFERROR(__xludf.DUMMYFUNCTION("""COMPUTED_VALUE"""),0.0) -> 0 | BD57: =IFERROR(__xludf.DUMMYFUNCTION("""COMPUTED_VALUE"""),1000000.0) -> 1000000 | BE57: =IFERROR(__xludf.DUMMYFUNCTION("""COMPUTED_VALUE"""),0.0) -> 0 | BF57: =IFERROR(__xludf.DUMMYFUNCTION("""COMPUTED_VALUE"""),1000000.0) -> 1000000
A58: =IFERROR(__xludf.DUMMYFUNCTION("""COMPUTED_VALUE"""),57.0) -> 57 | B58: =IFERROR(__xludf.DUMMYFUNCTION("""COMPUTED_VALUE"""),"HALLI SALAKHUDIN") -> HALLI SALAKHUDIN | C58: =IFERROR(__xludf.DUMMYFUNCTION("""COMPUTED_VALUE"""),2.025070459E9) -> 2025070459 | D58: =IFERROR(__xludf.DUMMYFUNCTION("""COMPUTED_VALUE"""),"KHAFIDLUM MUJIB") -> KHAFIDLUM MUJIB | E58: =IFERROR(__xludf.DUMMYFUNCTION("""COMPUTED_VALUE"""),"SUMILAH") -> SUMILAH | F58: =IFERROR(__xludf.DUMMYFUNCTION("""COMPUTED_VALUE"""),"RINGIN PAYAMAN RT 001 RW 007 SOLOKURO LAMONGAN") -> RINGIN PAYAMAN RT 001 RW 007 SOLOKURO LAMONGAN | G58: =IFERROR(__xludf.DUMMYFUNCTION("""COMPUTED_VALUE"""),"SMK-XI TKJ 2") -> SMK-XI TKJ 2 | H58: =IFERROR(__xludf.DUMMYFUNCTION("""COMPUTED_VALUE"""),"A") -> A | I58: =IFERROR(__xludf.DUMMYFUNCTION("""COMPUTED_VALUE"""),"A-9") -> A-9 | J58: =IFERROR(__xludf.DUMMYFUNCTION("""COMPUTED_VALUE"""),2.0) -> 2 | K58: =IFERROR(__xludf.DUMMYFUNCTION("""COMPUTED_VALUE"""),"2 WUSTHO A PUTRA") -> 2 WUSTHO A PUTRA | L58: =IFERROR(__xludf.DUMMYFUNCTION("""COMPUTED_VALUE"""),"6281357414185") -> 6281357414185 | Z58: =IFERROR(__xludf.DUMMYFUNCTION("""COMPUTED_VALUE"""),450000.0) -> 450000 | BC58: =IFERROR(__xludf.DUMMYFUNCTION("""COMPUTED_VALUE"""),450000.0) -> 450000 | BD58: =IFERROR(__xludf.DUMMYFUNCTION("""COMPUTED_VALUE"""),0.0) -> 0 | BE58: =IFERROR(__xludf.DUMMYFUNCTION("""COMPUTED_VALUE"""),0.0) -> 0 | BF58: =IFERROR(__xludf.DUMMYFUNCTION("""COMPUTED_VALUE"""),450000.0) -> 450000
A59: =IFERROR(__xludf.DUMMYFUNCTION("""COMPUTED_VALUE"""),58.0) -> 58 | B59: =IFERROR(__xludf.DUMMYFUNCTION("""COMPUTED_VALUE"""),"JABHAL ARZAD AL HUSAIN") -> JABHAL ARZAD AL HUSAIN | C59: =IFERROR(__xludf.DUMMYFUNCTION("""COMPUTED_VALUE"""),2.025070583E9) -> 2025070583 | D59: =IFERROR(__xludf.DUMMYFUNCTION("""COMPUTED_VALUE"""),"SUWANDI") -> SUWANDI | E59: =IFERROR(__xludf.DUMMYFUNCTION("""COMPUTED_VALUE"""),"SUNARTI") -> SUNARTI | F59: =IFERROR(__xludf.DUMMYFUNCTION("""COMPUTED_VALUE"""),"KEBONANANOM RT 003 RW 002 GEDANGAN SIDOARJO") -> KEBONANANOM RT 003 RW 002 GEDANGAN SIDOARJO | G59: =IFERROR(__xludf.DUMMYFUNCTION("""COMPUTED_VALUE"""),"MTS-8 E") -> MTS-8 E | H59: =IFERROR(__xludf.DUMMYFUNCTION("""COMPUTED_VALUE"""),"A") -> A | I59: =IFERROR(__xludf.DUMMYFUNCTION("""COMPUTED_VALUE"""),"A-1") -> A-1 | J59: =IFERROR(__xludf.DUMMYFUNCTION("""COMPUTED_VALUE"""),2.0) -> 2 | K59: =IFERROR(__xludf.DUMMYFUNCTION("""COMPUTED_VALUE"""),"2 ULA B PUTRA") -> 2 ULA B PUTRA | L59: =IFERROR(__xludf.DUMMYFUNCTION("""COMPUTED_VALUE"""),"6281286606782") -> 6281286606782 | AB59: =IFERROR(__xludf.DUMMYFUNCTION("""COMPUTED_VALUE"""),500000.0) -> 500000 | AP59: =IFERROR(__xludf.DUMMYFUNCTION("""COMPUTED_VALUE"""),500000.0) -> 500000 | BC59: =IFERROR(__xludf.DUMMYFUNCTION("""COMPUTED_VALUE"""),0.0) -> 0 | BD59: =IFERROR(__xludf.DUMMYFUNCTION("""COMPUTED_VALUE"""),1000000.0) -> 1000000 | BE59: =IFERROR(__xludf.DUMMYFUNCTION("""COMPUTED_VALUE"""),0.0) -> 0 | BF59: =IFERROR(__xludf.DUMMYFUNCTION("""COMPUTED_VALUE"""),1000000.0) -> 1000000
A60: =IFERROR(__xludf.DUMMYFUNCTION("""COMPUTED_VALUE"""),59.0) -> 59 | B60: =IFERROR(__xludf.DUMMYFUNCTION("""COMPUTED_VALUE"""),"KAKA MAULANA AHMAD AL KAHFI") -> KAKA MAULANA AHMAD AL KAHFI | C60: =IFERROR(__xludf.DUMMYFUNCTION("""COMPUTED_VALUE"""),2.025070639E9) -> 2025070639 | D60: =IFERROR(__xludf.DUMMYFUNCTION("""COMPUTED_VALUE"""),"SHOKHIBUL KAHFI") -> SHOKHIBUL KAHFI | E60: =IFERROR(__xludf.DUMMYFUNCTION("""COMPUTED_VALUE"""),"I`ANATUS SA`ADAH") -> I`ANATUS SA`ADAH | F60: =IFERROR(__xludf.DUMMYFUNCTION("""COMPUTED_VALUE"""),"PADENGANPLOSO RT 006 RW 001 PUCUK LAMONGAN") -> PADENGANPLOSO RT 006 RW 001 PUCUK LAMONGAN | G60: =IFERROR(__xludf.DUMMYFUNCTION("""COMPUTED_VALUE"""),"MTS-8 B") -> MTS-8 B | H60: =IFERROR(__xludf.DUMMYFUNCTION("""COMPUTED_VALUE"""),"A") -> A | I60: =IFERROR(__xludf.DUMMYFUNCTION("""COMPUTED_VALUE"""),"A-1") -> A-1 | J60: =IFERROR(__xludf.DUMMYFUNCTION("""COMPUTED_VALUE"""),2.0) -> 2 | K60: =IFERROR(__xludf.DUMMYFUNCTION("""COMPUTED_VALUE"""),"2 ULA B PUTRA") -> 2 ULA B PUTRA | L60: =IFERROR(__xludf.DUMMYFUNCTION("""COMPUTED_VALUE"""),"6285854881555") -> 6285854881555 | Y60: =IFERROR(__xludf.DUMMYFUNCTION("""COMPUTED_VALUE"""),450000.0) -> 450000 | Z60: =IFERROR(__xludf.DUMMYFUNCTION("""COMPUTED_VALUE"""),450000.0) -> 450000 | AB60: =IFERROR(__xludf.DUMMYFUNCTION("""COMPUTED_VALUE"""),500000.0) -> 500000 | AP60: =IFERROR(__xludf.DUMMYFUNCTION("""COMPUTED_VALUE"""),500000.0) -> 500000 | BC60: =IFERROR(__xludf.DUMMYFUNCTION("""COMPUTED_VALUE"""),900000.0) -> 900000 | BD60: =IFERROR(__xludf.DUMMYFUNCTION("""COMPUTED_VALUE"""),1000000.0) -> 1000000 | BE60: =IFERROR(__xludf.DUMMYFUNCTION("""COMPUTED_VALUE"""),0.0) -> 0 | BF60: =IFERROR(__xludf.DUMMYFUNCTION("""COMPUTED_VALUE"""),1900000.0) -> 1900000
A61: =IFERROR(__xludf.DUMMYFUNCTION("""COMPUTED_VALUE"""),60.0) -> 60 | B61: =IFERROR(__xludf.DUMMYFUNCTION("""COMPUTED_VALUE"""),"M. FARHAN FRANANDA RADITYA") -> M. FARHAN FRANANDA RADITYA | C61: =IFERROR(__xludf.DUMMYFUNCTION("""COMPUTED_VALUE"""),2.025070541E9) -> 2025070541 | D61: =IFERROR(__xludf.DUMMYFUNCTION("""COMPUTED_VALUE"""),"KASNADI") -> KASNADI | E61: =IFERROR(__xludf.DUMMYFUNCTION("""COMPUTED_VALUE"""),"LULUK MAF`ULLAH") -> LULUK MAF`ULLAH | F61: =IFERROR(__xludf.DUMMYFUNCTION("""COMPUTED_VALUE"""),"NGUJUNG NGUJUNGREJO RT 002 RW 001 TURI LAMONGAN") -> NGUJUNG NGUJUNGREJO RT 002 RW 001 TURI LAMONGAN | G61: =IFERROR(__xludf.DUMMYFUNCTION("""COMPUTED_VALUE"""),"MTS-8 G") -> MTS-8 G | H61: =IFERROR(__xludf.DUMMYFUNCTION("""COMPUTED_VALUE"""),"A") -> A | I61: =IFERROR(__xludf.DUMMYFUNCTION("""COMPUTED_VALUE"""),"A-3") -> A-3 | J61: =IFERROR(__xludf.DUMMYFUNCTION("""COMPUTED_VALUE"""),2.0) -> 2 | K61: =IFERROR(__xludf.DUMMYFUNCTION("""COMPUTED_VALUE"""),"2 ULA B PUTRA") -> 2 ULA B PUTRA | L61: =IFERROR(__xludf.DUMMYFUNCTION("""COMPUTED_VALUE"""),"6285850274729") -> 6285850274729 | AB61: =IFERROR(__xludf.DUMMYFUNCTION("""COMPUTED_VALUE"""),500000.0) -> 500000 | AP61: =IFERROR(__xludf.DUMMYFUNCTION("""COMPUTED_VALUE"""),500000.0) -> 500000 | BC61: =IFERROR(__xludf.DUMMYFUNCTION("""COMPUTED_VALUE"""),0.0) -> 0 | BD61: =IFERROR(__xludf.DUMMYFUNCTION("""COMPUTED_VALUE"""),1000000.0) -> 1000000 | BE61: =IFERROR(__xludf.DUMMYFUNCTION("""COMPUTED_VALUE"""),0.0) -> 0 | BF61: =IFERROR(__xludf.DUMMYFUNCTION("""COMPUTED_VALUE"""),1000000.0) -> 1000000
A62: =IFERROR(__xludf.DUMMYFUNCTION("""COMPUTED_VALUE"""),61.0) -> 61 | B62: =IFERROR(__xludf.DUMMYFUNCTION("""COMPUTED_VALUE"""),"M. FATIHU AHSANI TAQWIM") -> M. FATIHU AHSANI TAQWIM | C62: =IFERROR(__xludf.DUMMYFUNCTION("""COMPUTED_VALUE"""),2.02507022E9) -> 2025070220 | D62: =IFERROR(__xludf.DUMMYFUNCTION("""COMPUTED_VALUE"""),"MUDHOFAR") -> MUDHOFAR | E62: =IFERROR(__xludf.DUMMYFUNCTION("""COMPUTED_VALUE"""),"KARYATI") -> KARYATI | F62: =IFERROR(__xludf.DUMMYFUNCTION("""COMPUTED_VALUE"""),"MENGAI SUKOREJO RT 002 RW 005 KARANGBINANGUN LAMONGAN") -> MENGAI SUKOREJO RT 002 RW 005 KARANGBINANGUN LAMONGAN | G62: =IFERROR(__xludf.DUMMYFUNCTION("""COMPUTED_VALUE"""),"MA-XI.8") -> MA-XI.8 | H62: =IFERROR(__xludf.DUMMYFUNCTION("""COMPUTED_VALUE"""),"A") -> A | I62: =IFERROR(__xludf.DUMMYFUNCTION("""COMPUTED_VALUE"""),"A-9") -> A-9 | J62: =IFERROR(__xludf.DUMMYFUNCTION("""COMPUTED_VALUE"""),2.0) -> 2 | K62: =IFERROR(__xludf.DUMMYFUNCTION("""COMPUTED_VALUE"""),"2 WUSTHO A PUTRA") -> 2 WUSTHO A PUTRA | L62: =IFERROR(__xludf.DUMMYFUNCTION("""COMPUTED_VALUE"""),"6285607890133") -> 6285607890133 | Q62: =IFERROR(__xludf.DUMMYFUNCTION("""COMPUTED_VALUE"""),450000.0) -> 450000 | R62: =IFERROR(__xludf.DUMMYFUNCTION("""COMPUTED_VALUE"""),450000.0) -> 450000 | S62: =IFERROR(__xludf.DUMMYFUNCTION("""COMPUTED_VALUE"""),450000.0) -> 450000 | T62: =IFERROR(__xludf.DUMMYFUNCTION("""COMPUTED_VALUE"""),450000.0) -> 450000 | U62: =IFERROR(__xludf.DUMMYFUNCTION("""COMPUTED_VALUE"""),450000.0) -> 450000 | V62: =IFERROR(__xludf.DUMMYFUNCTION("""COMPUTED_VALUE"""),450000.0) -> 450000 | W62: =IFERROR(__xludf.DUMMYFUNCTION("""COMPUTED_VALUE"""),450000.0) -> 450000 | X62: =IFERROR(__xludf.DUMMYFUNCTION("""COMPUTED_VALUE"""),450000.0) -> 450000 | ... Z62: =IFERROR(__xludf.DUMMYFUNCTION("""COMPUTED_VALUE"""),450000.0) -> 450000 | BC62: =IFERROR(__xludf.DUMMYFUNCTION("""COMPUTED_VALUE"""),4500000.0) -> 4500000 | BD62: =IFERROR(__xludf.DUMMYFUNCTION("""COMPUTED_VALUE"""),0.0) -> 0 | BE62: =IFERROR(__xludf.DUMMYFUNCTION("""COMPUTED_VALUE"""),0.0) -> 0 | BF62: =IFERROR(__xludf.DUMMYFUNCTION("""COMPUTED_VALUE"""),4500000.0) -> 4500000
A63: =IFERROR(__xludf.DUMMYFUNCTION("""COMPUTED_VALUE"""),62.0) -> 62 | B63: =IFERROR(__xludf.DUMMYFUNCTION("""COMPUTED_VALUE"""),"M. MARCEL AULIA WICAKSANA") -> M. MARCEL AULIA WICAKSANA | C63: =IFERROR(__xludf.DUMMYFUNCTION("""COMPUTED_VALUE"""),2.02507028E9) -> 2025070280 | D63: =IFERROR(__xludf.DUMMYFUNCTION("""COMPUTED_VALUE"""),"ROHMAD") -> ROHMAD | E63: =IFERROR(__xludf.DUMMYFUNCTION("""COMPUTED_VALUE"""),"FENI SUSANTI") -> FENI SUSANTI | F63: =IFERROR(__xludf.DUMMYFUNCTION("""COMPUTED_VALUE"""),"BAMBANG RT 005 RW 002 TURI LAMONGAN") -> BAMBANG RT 005 RW 002 TURI LAMONGAN | G63: =IFERROR(__xludf.DUMMYFUNCTION("""COMPUTED_VALUE"""),"MA-XI.2") -> MA-XI.2 | H63: =IFERROR(__xludf.DUMMYFUNCTION("""COMPUTED_VALUE"""),"A") -> A | I63: =IFERROR(__xludf.DUMMYFUNCTION("""COMPUTED_VALUE"""),"A-9") -> A-9 | J63: =IFERROR(__xludf.DUMMYFUNCTION("""COMPUTED_VALUE"""),2.0) -> 2 | K63: =IFERROR(__xludf.DUMMYFUNCTION("""COMPUTED_VALUE"""),"2 WUSTHO B PUTRA") -> 2 WUSTHO B PUTRA | L63: =IFERROR(__xludf.DUMMYFUNCTION("""COMPUTED_VALUE"""),"6285692959785") -> 6285692959785 | Q63: =IFERROR(__xludf.DUMMYFUNCTION("""COMPUTED_VALUE"""),450000.0) -> 450000 | R63: =IFERROR(__xludf.DUMMYFUNCTION("""COMPUTED_VALUE"""),450000.0) -> 450000 | S63: =IFERROR(__xludf.DUMMYFUNCTION("""COMPUTED_VALUE"""),450000.0) -> 450000 | T63: =IFERROR(__xludf.DUMMYFUNCTION("""COMPUTED_VALUE"""),450000.0) -> 450000 | U63: =IFERROR(__xludf.DUMMYFUNCTION("""COMPUTED_VALUE"""),450000.0) -> 450000 | V63: =IFERROR(__xludf.DUMMYFUNCTION("""COMPUTED_VALUE"""),450000.0) -> 450000 | W63: =IFERROR(__xludf.DUMMYFUNCTION("""COMPUTED_VALUE"""),450000.0) -> 450000 | X63: =IFERROR(__xludf.DUMMYFUNCTION("""COMPUTED_VALUE"""),450000.0) -> 450000 | ... Z63: =IFERROR(__xludf.DUMMYFUNCTION("""COMPUTED_VALUE"""),450000.0) -> 450000 | BC63: =IFERROR(__xludf.DUMMYFUNCTION("""COMPUTED_VALUE"""),4500000.0) -> 4500000 | BD63: =IFERROR(__xludf.DUMMYFUNCTION("""COMPUTED_VALUE"""),0.0) -> 0 | BE63: =IFERROR(__xludf.DUMMYFUNCTION("""COMPUTED_VALUE"""),0.0) -> 0 | BF63: =IFERROR(__xludf.DUMMYFUNCTION("""COMPUTED_VALUE"""),4500000.0) -> 4500000
A64: =IFERROR(__xludf.DUMMYFUNCTION("""COMPUTED_VALUE"""),63.0) -> 63 | B64: =IFERROR(__xludf.DUMMYFUNCTION("""COMPUTED_VALUE"""),"M. SHEVA AL ABID") -> M. SHEVA AL ABID | C64: =IFERROR(__xludf.DUMMYFUNCTION("""COMPUTED_VALUE"""),2.025070445E9) -> 2025070445 | D64: =IFERROR(__xludf.DUMMYFUNCTION("""COMPUTED_VALUE"""),"M. AFIFUDDIN") -> M. AFIFUDDIN | E64: =IFERROR(__xludf.DUMMYFUNCTION("""COMPUTED_VALUE"""),"SITI MUBAROKATUN NI'MAH") -> SITI MUBAROKATUN NI'MAH | F64: =IFERROR(__xludf.DUMMYFUNCTION("""COMPUTED_VALUE"""),"KANUGRAHAN RT 004 RW 001 MADURAN LAMONGAN") -> KANUGRAHAN RT 004 RW 001 MADURAN LAMONGAN | G64: =IFERROR(__xludf.DUMMYFUNCTION("""COMPUTED_VALUE"""),"SMK-XI TKR 2") -> SMK-XI TKR 2 | H64: =IFERROR(__xludf.DUMMYFUNCTION("""COMPUTED_VALUE"""),"A") -> A | I64: =IFERROR(__xludf.DUMMYFUNCTION("""COMPUTED_VALUE"""),"A-11") -> A-11 | J64: =IFERROR(__xludf.DUMMYFUNCTION("""COMPUTED_VALUE"""),2.0) -> 2 | K64: =IFERROR(__xludf.DUMMYFUNCTION("""COMPUTED_VALUE"""),"2 WUSTHO A PUTRA") -> 2 WUSTHO A PUTRA | L64: =IFERROR(__xludf.DUMMYFUNCTION("""COMPUTED_VALUE"""),"6285637331175") -> 6285637331175 | W64: =IFERROR(__xludf.DUMMYFUNCTION("""COMPUTED_VALUE"""),450000.0) -> 450000 | X64: =IFERROR(__xludf.DUMMYFUNCTION("""COMPUTED_VALUE"""),450000.0) -> 450000 | Y64: =IFERROR(__xludf.DUMMYFUNCTION("""COMPUTED_VALUE"""),450000.0) -> 450000 | Z64: =IFERROR(__xludf.DUMMYFUNCTION("""COMPUTED_VALUE"""),450000.0) -> 450000 | BC64: =IFERROR(__xludf.DUMMYFUNCTION("""COMPUTED_VALUE"""),1800000.0) -> 1800000 | BD64: =IFERROR(__xludf.DUMMYFUNCTION("""COMPUTED_VALUE"""),0.0) -> 0 | BE64: =IFERROR(__xludf.DUMMYFUNCTION("""COMPUTED_VALUE"""),0.0) -> 0 | BF64: =IFERROR(__xludf.DUMMYFUNCTION("""COMPUTED_VALUE"""),1800000.0) -> 1800000
A65: =IFERROR(__xludf.DUMMYFUNCTION("""COMPUTED_VALUE"""),64.0) -> 64 | B65: =IFERROR(__xludf.DUMMYFUNCTION("""COMPUTED_VALUE"""),"MALLAHUL JAYYIDI ALITSNAN") -> MALLAHUL JAYYIDI ALITSNAN | C65: =IFERROR(__xludf.DUMMYFUNCTION("""COMPUTED_VALUE"""),2.025070273E9) -> 2025070273 | D65: =IFERROR(__xludf.DUMMYFUNCTION("""COMPUTED_VALUE"""),"SUHAJIR") -> SUHAJIR | E65: =IFERROR(__xludf.DUMMYFUNCTION("""COMPUTED_VALUE"""),"ISLAMIYATI") -> ISLAMIYATI | F65: =IFERROR(__xludf.DUMMYFUNCTION("""COMPUTED_VALUE"""),"JETAK RT 001 RW 002 PACIRAN LAMONGAN") -> JETAK RT 001 RW 002 PACIRAN LAMONGAN | G65: =IFERROR(__xludf.DUMMYFUNCTION("""COMPUTED_VALUE"""),"MA-XI.2") -> MA-XI.2 | H65: =IFERROR(__xludf.DUMMYFUNCTION("""COMPUTED_VALUE"""),"A") -> A | I65: =IFERROR(__xludf.DUMMYFUNCTION("""COMPUTED_VALUE"""),"A-4") -> A-4 | J65: =IFERROR(__xludf.DUMMYFUNCTION("""COMPUTED_VALUE"""),2.0) -> 2 | K65: =IFERROR(__xludf.DUMMYFUNCTION("""COMPUTED_VALUE"""),"2 WUSTHO A PUTRA") -> 2 WUSTHO A PUTRA | L65: =IFERROR(__xludf.DUMMYFUNCTION("""COMPUTED_VALUE"""),"6285232394315") -> 6285232394315 | AB65: =IFERROR(__xludf.DUMMYFUNCTION("""COMPUTED_VALUE"""),500000.0) -> 500000 | AP65: =IFERROR(__xludf.DUMMYFUNCTION("""COMPUTED_VALUE"""),500000.0) -> 500000 | BC65: =IFERROR(__xludf.DUMMYFUNCTION("""COMPUTED_VALUE"""),0.0) -> 0 | BD65: =IFERROR(__xludf.DUMMYFUNCTION("""COMPUTED_VALUE"""),1000000.0) -> 1000000 | BE65: =IFERROR(__xludf.DUMMYFUNCTION("""COMPUTED_VALUE"""),0.0) -> 0 | BF65: =IFERROR(__xludf.DUMMYFUNCTION("""COMPUTED_VALUE"""),1000000.0) -> 1000000
A66: =IFERROR(__xludf.DUMMYFUNCTION("""COMPUTED_VALUE"""),65.0) -> 65 | B66: =IFERROR(__xludf.DUMMYFUNCTION("""COMPUTED_VALUE"""),"MICKAIL JALU JAGAD") -> MICKAIL JALU JAGAD | C66: =IFERROR(__xludf.DUMMYFUNCTION("""COMPUTED_VALUE"""),2.02507044E9) -> 2025070440 | D66: =IFERROR(__xludf.DUMMYFUNCTION("""COMPUTED_VALUE"""),"PITONO") -> PITONO | E66: =IFERROR(__xludf.DUMMYFUNCTION("""COMPUTED_VALUE"""),"MARDHIYATUS SHOLIKHAH") -> MARDHIYATUS SHOLIKHAH | F66: =IFERROR(__xludf.DUMMYFUNCTION("""COMPUTED_VALUE"""),"TULUNG WANAR RT 001 RW 004 PUCUK LAMONGAN") -> TULUNG WANAR RT 001 RW 004 PUCUK LAMONGAN | G66: =IFERROR(__xludf.DUMMYFUNCTION("""COMPUTED_VALUE"""),"SMK-XI DKV") -> SMK-XI DKV | H66: =IFERROR(__xludf.DUMMYFUNCTION("""COMPUTED_VALUE"""),"A") -> A | I66: =IFERROR(__xludf.DUMMYFUNCTION("""COMPUTED_VALUE"""),"A-9") -> A-9 | J66: =IFERROR(__xludf.DUMMYFUNCTION("""COMPUTED_VALUE"""),2.0) -> 2 | K66: =IFERROR(__xludf.DUMMYFUNCTION("""COMPUTED_VALUE"""),"2 WUSTHO B PUTRA") -> 2 WUSTHO B PUTRA | L66: =IFERROR(__xludf.DUMMYFUNCTION("""COMPUTED_VALUE"""),"6281357162725") -> 6281357162725 | Z66: =IFERROR(__xludf.DUMMYFUNCTION("""COMPUTED_VALUE"""),450000.0) -> 450000 | BC66: =IFERROR(__xludf.DUMMYFUNCTION("""COMPUTED_VALUE"""),450000.0) -> 450000 | BD66: =IFERROR(__xludf.DUMMYFUNCTION("""COMPUTED_VALUE"""),0.0) -> 0 | BE66: =IFERROR(__xludf.DUMMYFUNCTION("""COMPUTED_VALUE"""),0.0) -> 0 | BF66: =IFERROR(__xludf.DUMMYFUNCTION("""COMPUTED_VALUE"""),450000.0) -> 450000
A67: =IFERROR(__xludf.DUMMYFUNCTION("""COMPUTED_VALUE"""),66.0) -> 66 | B67: =IFERROR(__xludf.DUMMYFUNCTION("""COMPUTED_VALUE"""),"MOCH. DANISH IRFAN NUSHFIANTO WAHID") -> MOCH. DANISH IRFAN NUSHFIANTO WAHID | C67: =IFERROR(__xludf.DUMMYFUNCTION("""COMPUTED_VALUE"""),2.025070066E9) -> 2025070066 | D67: =IFERROR(__xludf.DUMMYFUNCTION("""COMPUTED_VALUE"""),"ULUM FIYANTO") -> ULUM FIYANTO | E67: =IFERROR(__xludf.DUMMYFUNCTION("""COMPUTED_VALUE"""),"LILIK SUDARWATI") -> LILIK SUDARWATI | F67: =IFERROR(__xludf.DUMMYFUNCTION("""COMPUTED_VALUE"""),"BLURI RT 004 RW 003 SOLOKURO LAMONGAN") -> BLURI RT 004 RW 003 SOLOKURO LAMONGAN | G67: =IFERROR(__xludf.DUMMYFUNCTION("""COMPUTED_VALUE"""),"MA-XI.10") -> MA-XI.10 | H67: =IFERROR(__xludf.DUMMYFUNCTION("""COMPUTED_VALUE"""),"A") -> A | I67: =IFERROR(__xludf.DUMMYFUNCTION("""COMPUTED_VALUE"""),"A-4") -> A-4 | J67: =IFERROR(__xludf.DUMMYFUNCTION("""COMPUTED_VALUE"""),2.0) -> 2 | K67: =IFERROR(__xludf.DUMMYFUNCTION("""COMPUTED_VALUE"""),"WUSTHO") -> WUSTHO | L67: =IFERROR(__xludf.DUMMYFUNCTION("""COMPUTED_VALUE"""),"6282333978889") -> 6282333978889 | P67: =IFERROR(__xludf.DUMMYFUNCTION("""COMPUTED_VALUE"""),450000.0) -> 450000 | Q67: =IFERROR(__xludf.DUMMYFUNCTION("""COMPUTED_VALUE"""),450000.0) -> 450000 | R67: =IFERROR(__xludf.DUMMYFUNCTION("""COMPUTED_VALUE"""),450000.0) -> 450000 | S67: =IFERROR(__xludf.DUMMYFUNCTION("""COMPUTED_VALUE"""),450000.0) -> 450000 | T67: =IFERROR(__xludf.DUMMYFUNCTION("""COMPUTED_VALUE"""),450000.0) -> 450000 | U67: =IFERROR(__xludf.DUMMYFUNCTION("""COMPUTED_VALUE"""),450000.0) -> 450000 | V67: =IFERROR(__xludf.DUMMYFUNCTION("""COMPUTED_VALUE"""),450000.0) -> 450000 | W67: =IFERROR(__xludf.DUMMYFUNCTION("""COMPUTED_VALUE"""),450000.0) -> 450000 | ... Z67: =IFERROR(__xludf.DUMMYFUNCTION("""COMPUTED_VALUE"""),450000.0) -> 450000 | AB67: =IFERROR(__xludf.DUMMYFUNCTION("""COMPUTED_VALUE"""),500000.0) -> 500000 | AP67: =IFERROR(__xludf.DUMMYFUNCTION("""COMPUTED_VALUE"""),500000.0) -> 500000 | BC67: =IFERROR(__xludf.DUMMYFUNCTION("""COMPUTED_VALUE"""),4950000.0) -> 4950000 | BD67: =IFERROR(__xludf.DUMMYFUNCTION("""COMPUTED_VALUE"""),1000000.0) -> 1000000 | BE67: =IFERROR(__xludf.DUMMYFUNCTION("""COMPUTED_VALUE"""),0.0) -> 0 | BF67: =IFERROR(__xludf.DUMMYFUNCTION("""COMPUTED_VALUE"""),5950000.0) -> 5950000
A68: =IFERROR(__xludf.DUMMYFUNCTION("""COMPUTED_VALUE"""),67.0) -> 67 | B68: =IFERROR(__xludf.DUMMYFUNCTION("""COMPUTED_VALUE"""),"MOCH. FEBRIZANSYAH SAPUTRA") -> MOCH. FEBRIZANSYAH SAPUTRA | C68: =IFERROR(__xludf.DUMMYFUNCTION("""COMPUTED_VALUE"""),2.025070343E9) -> 2025070343 | D68: =IFERROR(__xludf.DUMMYFUNCTION("""COMPUTED_VALUE"""),"MOH. SYAIFUDIN") -> MOH. SYAIFUDIN | E68: =IFERROR(__xludf.DUMMYFUNCTION("""COMPUTED_VALUE"""),"ALIYA") -> ALIYA | F68: =IFERROR(__xludf.DUMMYFUNCTION("""COMPUTED_VALUE"""),"PLANDI SUMBEREJO RT 001 RW 003 LAMONGAN LAMONGAN") -> PLANDI SUMBEREJO RT 001 RW 003 LAMONGAN LAMONGAN | G68: =IFERROR(__xludf.DUMMYFUNCTION("""COMPUTED_VALUE"""),"MA-XI.8") -> MA-XI.8 | H68: =IFERROR(__xludf.DUMMYFUNCTION("""COMPUTED_VALUE"""),"A") -> A | I68: =IFERROR(__xludf.DUMMYFUNCTION("""COMPUTED_VALUE"""),"A-4") -> A-4 | J68: =IFERROR(__xludf.DUMMYFUNCTION("""COMPUTED_VALUE"""),2.0) -> 2 | K68: =IFERROR(__xludf.DUMMYFUNCTION("""COMPUTED_VALUE"""),"2 MAK PUTRA") -> 2 MAK PUTRA | L68: =IFERROR(__xludf.DUMMYFUNCTION("""COMPUTED_VALUE"""),"6285857260015") -> 6285857260015 | AB68: =IFERROR(__xludf.DUMMYFUNCTION("""COMPUTED_VALUE"""),500000.0) -> 500000 | AP68: =IFERROR(__xludf.DUMMYFUNCTION("""COMPUTED_VALUE"""),500000.0) -> 500000 | BC68: =IFERROR(__xludf.DUMMYFUNCTION("""COMPUTED_VALUE"""),0.0) -> 0 | BD68: =IFERROR(__xludf.DUMMYFUNCTION("""COMPUTED_VALUE"""),1000000.0) -> 1000000 | BE68: =IFERROR(__xludf.DUMMYFUNCTION("""COMPUTED_VALUE"""),0.0) -> 0 | BF68: =IFERROR(__xludf.DUMMYFUNCTION("""COMPUTED_VALUE"""),1000000.0) -> 1000000
A69: =IFERROR(__xludf.DUMMYFUNCTION("""COMPUTED_VALUE"""),68.0) -> 68 | B69: =IFERROR(__xludf.DUMMYFUNCTION("""COMPUTED_VALUE"""),"MOH. AQIL MUBAROK") -> MOH. AQIL MUBAROK | C69: =IFERROR(__xludf.DUMMYFUNCTION("""COMPUTED_VALUE"""),2.025070219E9) -> 2025070219 | D69: =IFERROR(__xludf.DUMMYFUNCTION("""COMPUTED_VALUE"""),"SUTAMAT") -> SUTAMAT | E69: =IFERROR(__xludf.DUMMYFUNCTION("""COMPUTED_VALUE"""),"SITI ISMAROH") -> SITI ISMAROH | F69: =IFERROR(__xludf.DUMMYFUNCTION("""COMPUTED_VALUE"""),"TALE BLURI RT 001 RW 001 SOLOKURO LAMONGAN") -> TALE BLURI RT 001 RW 001 SOLOKURO LAMONGAN | G69: =IFERROR(__xludf.DUMMYFUNCTION("""COMPUTED_VALUE"""),"MA-XI.9") -> MA-XI.9 | H69: =IFERROR(__xludf.DUMMYFUNCTION("""COMPUTED_VALUE"""),"A") -> A | I69: =IFERROR(__xludf.DUMMYFUNCTION("""COMPUTED_VALUE"""),"A-4") -> A-4 | J69: =IFERROR(__xludf.DUMMYFUNCTION("""COMPUTED_VALUE"""),2.0) -> 2 | K69: =IFERROR(__xludf.DUMMYFUNCTION("""COMPUTED_VALUE"""),"2 WUSTHO A PUTRA") -> 2 WUSTHO A PUTRA | L69: =IFERROR(__xludf.DUMMYFUNCTION("""COMPUTED_VALUE"""),"6283169854714") -> 6283169854714 | T69: =IFERROR(__xludf.DUMMYFUNCTION("""COMPUTED_VALUE"""),450000.0) -> 450000 | U69: =IFERROR(__xludf.DUMMYFUNCTION("""COMPUTED_VALUE"""),450000.0) -> 450000 | V69: =IFERROR(__xludf.DUMMYFUNCTION("""COMPUTED_VALUE"""),450000.0) -> 450000 | W69: =IFERROR(__xludf.DUMMYFUNCTION("""COMPUTED_VALUE"""),450000.0) -> 450000 | X69: =IFERROR(__xludf.DUMMYFUNCTION("""COMPUTED_VALUE"""),450000.0) -> 450000 | Y69: =IFERROR(__xludf.DUMMYFUNCTION("""COMPUTED_VALUE"""),450000.0) -> 450000 | Z69: =IFERROR(__xludf.DUMMYFUNCTION("""COMPUTED_VALUE"""),450000.0) -> 450000 | AB69: =IFERROR(__xludf.DUMMYFUNCTION("""COMPUTED_VALUE"""),500000.0) -> 500000 | AP69: =IFERROR(__xludf.DUMMYFUNCTION("""COMPUTED_VALUE"""),500000.0) -> 500000 | BC69: =IFERROR(__xludf.DUMMYFUNCTION("""COMPUTED_VALUE"""),3150000.0) -> 3150000 | BD69: =IFERROR(__xludf.DUMMYFUNCTION("""COMPUTED_VALUE"""),1000000.0) -> 1000000 | BE69: =IFERROR(__xludf.DUMMYFUNCTION("""COMPUTED_VALUE"""),0.0) -> 0 | BF69: =IFERROR(__xludf.DUMMYFUNCTION("""COMPUTED_VALUE"""),4150000.0) -> 4150000
A70: =IFERROR(__xludf.DUMMYFUNCTION("""COMPUTED_VALUE"""),69.0) -> 69 | B70: =IFERROR(__xludf.DUMMYFUNCTION("""COMPUTED_VALUE"""),"MOH. ELMAR NAFARIL HANIS") -> MOH. ELMAR NAFARIL HANIS | C70: =IFERROR(__xludf.DUMMYFUNCTION("""COMPUTED_VALUE"""),2.025070616E9) -> 2025070616 | D70: =IFERROR(__xludf.DUMMYFUNCTION("""COMPUTED_VALUE"""),"IMRON HABIB") -> IMRON HABIB | E70: =IFERROR(__xludf.DUMMYFUNCTION("""COMPUTED_VALUE"""),"SITI NISWATUN HASANAH") -> SITI NISWATUN HASANAH | F70: =IFERROR(__xludf.DUMMYFUNCTION("""COMPUTED_VALUE"""),"DATINAWONG RT 001 RW 006 BABAT LAMONGAN") -> DATINAWONG RT 001 RW 006 BABAT LAMONGAN | G70: =IFERROR(__xludf.DUMMYFUNCTION("""COMPUTED_VALUE"""),"MTS-8 E") -> MTS-8 E | H70: =IFERROR(__xludf.DUMMYFUNCTION("""COMPUTED_VALUE"""),"A") -> A | I70: =IFERROR(__xludf.DUMMYFUNCTION("""COMPUTED_VALUE"""),"A-1") -> A-1 | J70: =IFERROR(__xludf.DUMMYFUNCTION("""COMPUTED_VALUE"""),2.0) -> 2 | K70: =IFERROR(__xludf.DUMMYFUNCTION("""COMPUTED_VALUE"""),"2 ULA B PUTRA") -> 2 ULA B PUTRA | L70: =IFERROR(__xludf.DUMMYFUNCTION("""COMPUTED_VALUE"""),"6281332384248") -> 6281332384248 | BC70: =IFERROR(__xludf.DUMMYFUNCTION("""COMPUTED_VALUE"""),0.0) -> 0 | BD70: =IFERROR(__xludf.DUMMYFUNCTION("""COMPUTED_VALUE"""),0.0) -> 0 | BE70: =IFERROR(__xludf.DUMMYFUNCTION("""COMPUTED_VALUE"""),0.0) -> 0 | BF70: =IFERROR(__xludf.DUMMYFUNCTION("""COMPUTED_VALUE"""),0.0) -> 0
A71: =IFERROR(__xludf.DUMMYFUNCTION("""COMPUTED_VALUE"""),70.0) -> 70 | B71: =IFERROR(__xludf.DUMMYFUNCTION("""COMPUTED_VALUE"""),"MOH. FADLIL SAPUTRA") -> MOH. FADLIL SAPUTRA | C71: =IFERROR(__xludf.DUMMYFUNCTION("""COMPUTED_VALUE"""),2.025070416E9) -> 2025070416 | D71: =IFERROR(__xludf.DUMMYFUNCTION("""COMPUTED_VALUE"""),"AMARI") -> AMARI | E71: =IFERROR(__xludf.DUMMYFUNCTION("""COMPUTED_VALUE"""),"TUMIASRI") -> TUMIASRI | F71: =IFERROR(__xludf.DUMMYFUNCTION("""COMPUTED_VALUE"""),"KULURAN RT 002 RW 007 KALITENGAH LAMONGAN") -> KULURAN RT 002 RW 007 KALITENGAH LAMONGAN | G71: =IFERROR(__xludf.DUMMYFUNCTION("""COMPUTED_VALUE"""),"MA-XI.13") -> MA-XI.13 | H71: =IFERROR(__xludf.DUMMYFUNCTION("""COMPUTED_VALUE"""),"A") -> A | I71: =IFERROR(__xludf.DUMMYFUNCTION("""COMPUTED_VALUE"""),"A-2") -> A-2 | J71: =IFERROR(__xludf.DUMMYFUNCTION("""COMPUTED_VALUE"""),2.0) -> 2 | K71: =IFERROR(__xludf.DUMMYFUNCTION("""COMPUTED_VALUE"""),"2 MAK PUTRA") -> 2 MAK PUTRA | L71: =IFERROR(__xludf.DUMMYFUNCTION("""COMPUTED_VALUE"""),"6285852082730") -> 6285852082730 | BC71: =IFERROR(__xludf.DUMMYFUNCTION("""COMPUTED_VALUE"""),0.0) -> 0 | BD71: =IFERROR(__xludf.DUMMYFUNCTION("""COMPUTED_VALUE"""),0.0) -> 0 | BE71: =IFERROR(__xludf.DUMMYFUNCTION("""COMPUTED_VALUE"""),0.0) -> 0 | BF71: =IFERROR(__xludf.DUMMYFUNCTION("""COMPUTED_VALUE"""),0.0) -> 0
A72: =IFERROR(__xludf.DUMMYFUNCTION("""COMPUTED_VALUE"""),71.0) -> 71 | B72: =IFERROR(__xludf.DUMMYFUNCTION("""COMPUTED_VALUE"""),"MOH. FAUQON HALWANI") -> MOH. FAUQON HALWANI | C72: =IFERROR(__xludf.DUMMYFUNCTION("""COMPUTED_VALUE"""),2.025070564E9) -> 2025070564 | D72: =IFERROR(__xludf.DUMMYFUNCTION("""COMPUTED_VALUE"""),"IHWAN HADI") -> IHWAN HADI | E72: =IFERROR(__xludf.DUMMYFUNCTION("""COMPUTED_VALUE"""),"AMALIATIN") -> AMALIATIN | F72: =IFERROR(__xludf.DUMMYFUNCTION("""COMPUTED_VALUE"""),"KIRINGAN BERASAN KEMLAGILOR RT 004 RW 003 TURI LAMONGAN") -> KIRINGAN BERASAN KEMLAGILOR RT 004 RW 003 TURI LAMONGAN | G72: =IFERROR(__xludf.DUMMYFUNCTION("""COMPUTED_VALUE"""),"MTS-8 F") -> MTS-8 F | H72: =IFERROR(__xludf.DUMMYFUNCTION("""COMPUTED_VALUE"""),"A") -> A | I72: =IFERROR(__xludf.DUMMYFUNCTION("""COMPUTED_VALUE"""),"A-1") -> A-1 | J72: =IFERROR(__xludf.DUMMYFUNCTION("""COMPUTED_VALUE"""),2.0) -> 2 | K72: =IFERROR(__xludf.DUMMYFUNCTION("""COMPUTED_VALUE"""),"2 ULA B PUTRA") -> 2 ULA B PUTRA | L72: =IFERROR(__xludf.DUMMYFUNCTION("""COMPUTED_VALUE"""),"6285806002627") -> 6285806002627 | V72: =IFERROR(__xludf.DUMMYFUNCTION("""COMPUTED_VALUE"""),450000.0) -> 450000 | W72: =IFERROR(__xludf.DUMMYFUNCTION("""COMPUTED_VALUE"""),450000.0) -> 450000 | X72: =IFERROR(__xludf.DUMMYFUNCTION("""COMPUTED_VALUE"""),450000.0) -> 450000 | Y72: =IFERROR(__xludf.DUMMYFUNCTION("""COMPUTED_VALUE"""),450000.0) -> 450000 | Z72: =IFERROR(__xludf.DUMMYFUNCTION("""COMPUTED_VALUE"""),450000.0) -> 450000 | AB72: =IFERROR(__xludf.DUMMYFUNCTION("""COMPUTED_VALUE"""),500000.0) -> 500000 | AP72: =IFERROR(__xludf.DUMMYFUNCTION("""COMPUTED_VALUE"""),500000.0) -> 500000 | BC72: =IFERROR(__xludf.DUMMYFUNCTION("""COMPUTED_VALUE"""),2250000.0) -> 2250000 | BD72: =IFERROR(__xludf.DUMMYFUNCTION("""COMPUTED_VALUE"""),1000000.0) -> 1000000 | BE72: =IFERROR(__xludf.DUMMYFUNCTION("""COMPUTED_VALUE"""),0.0) -> 0 | BF72: =IFERROR(__xludf.DUMMYFUNCTION("""COMPUTED_VALUE"""),3250000.0) -> 3250000
A73: =IFERROR(__xludf.DUMMYFUNCTION("""COMPUTED_VALUE"""),72.0) -> 72 | B73: =IFERROR(__xludf.DUMMYFUNCTION("""COMPUTED_VALUE"""),"MOH. HAYKAL ZAHID AZZA") -> MOH. HAYKAL ZAHID AZZA | C73: =IFERROR(__xludf.DUMMYFUNCTION("""COMPUTED_VALUE"""),2.025070435E9) -> 2025070435 | D73: =IFERROR(__xludf.DUMMYFUNCTION("""COMPUTED_VALUE"""),"AHMAD ZUHDIANTO") -> AHMAD ZUHDIANTO | E73: =IFERROR(__xludf.DUMMYFUNCTION("""COMPUTED_VALUE"""),"FITROTIN AZIZAH") -> FITROTIN AZIZAH | F73: =IFERROR(__xludf.DUMMYFUNCTION("""COMPUTED_VALUE"""),"BANJARMADU RT 002 RW 001 KARANGGENENG LAMONGAN") -> BANJARMADU RT 002 RW 001 KARANGGENENG LAMONGAN | G73: =IFERROR(__xludf.DUMMYFUNCTION("""COMPUTED_VALUE"""),"SMK-XI DKV") -> SMK-XI DKV | H73: =IFERROR(__xludf.DUMMYFUNCTION("""COMPUTED_VALUE"""),"A") -> A | I73: =IFERROR(__xludf.DUMMYFUNCTION("""COMPUTED_VALUE"""),"A-9") -> A-9 | J73: =IFERROR(__xludf.DUMMYFUNCTION("""COMPUTED_VALUE"""),2.0) -> 2 | K73: =IFERROR(__xludf.DUMMYFUNCTION("""COMPUTED_VALUE"""),"2 WUSTHO B PUTRA") -> 2 WUSTHO B PUTRA | L73: =IFERROR(__xludf.DUMMYFUNCTION("""COMPUTED_VALUE"""),"6285655316184") -> 6285655316184 | BC73: =IFERROR(__xludf.DUMMYFUNCTION("""COMPUTED_VALUE"""),0.0) -> 0 | BD73: =IFERROR(__xludf.DUMMYFUNCTION("""COMPUTED_VALUE"""),0.0) -> 0 | BE73: =IFERROR(__xludf.DUMMYFUNCTION("""COMPUTED_VALUE"""),0.0) -> 0 | BF73: =IFERROR(__xludf.DUMMYFUNCTION("""COMPUTED_VALUE"""),0.0) -> 0
A74: =IFERROR(__xludf.DUMMYFUNCTION("""COMPUTED_VALUE"""),73.0) -> 73 | B74: =IFERROR(__xludf.DUMMYFUNCTION("""COMPUTED_VALUE"""),"MOHAMMAD BAGAS ARDIAN PUTRA") -> MOHAMMAD BAGAS ARDIAN PUTRA | C74: =IFERROR(__xludf.DUMMYFUNCTION("""COMPUTED_VALUE"""),2.02507012E9) -> 2025070120 | D74: =IFERROR(__xludf.DUMMYFUNCTION("""COMPUTED_VALUE"""),"NARDI") -> NARDI | E74: =IFERROR(__xludf.DUMMYFUNCTION("""COMPUTED_VALUE"""),"FAJRIN KHOTIMA") -> FAJRIN KHOTIMA | F74: =IFERROR(__xludf.DUMMYFUNCTION("""COMPUTED_VALUE"""),"KLATING TAKERANKLATING RT 005 RW 001 TIKUNG LAMONGAN") -> KLATING TAKERANKLATING RT 005 RW 001 TIKUNG LAMONGAN | G74: =IFERROR(__xludf.DUMMYFUNCTION("""COMPUTED_VALUE"""),"MA-XI.13") -> MA-XI.13 | H74: =IFERROR(__xludf.DUMMYFUNCTION("""COMPUTED_VALUE"""),"A") -> A | I74: =IFERROR(__xludf.DUMMYFUNCTION("""COMPUTED_VALUE"""),"A-4") -> A-4 | J74: =IFERROR(__xludf.DUMMYFUNCTION("""COMPUTED_VALUE"""),2.0) -> 2 | K74: =IFERROR(__xludf.DUMMYFUNCTION("""COMPUTED_VALUE"""),"2 MAK PUTRA") -> 2 MAK PUTRA | L74: =IFERROR(__xludf.DUMMYFUNCTION("""COMPUTED_VALUE"""),"6281235897606") -> 6281235897606 | Z74: =IFERROR(__xludf.DUMMYFUNCTION("""COMPUTED_VALUE"""),450000.0) -> 450000 | AB74: =IFERROR(__xludf.DUMMYFUNCTION("""COMPUTED_VALUE"""),500000.0) -> 500000 | AP74: =IFERROR(__xludf.DUMMYFUNCTION("""COMPUTED_VALUE"""),500000.0) -> 500000 | BC74: =IFERROR(__xludf.DUMMYFUNCTION("""COMPUTED_VALUE"""),450000.0) -> 450000 | BD74: =IFERROR(__xludf.DUMMYFUNCTION("""COMPUTED_VALUE"""),1000000.0) -> 1000000 | BE74: =IFERROR(__xludf.DUMMYFUNCTION("""COMPUTED_VALUE"""),0.0) -> 0 | BF74: =IFERROR(__xludf.DUMMYFUNCTION("""COMPUTED_VALUE"""),1450000.0) -> 1450000
A75: =IFERROR(__xludf.DUMMYFUNCTION("""COMPUTED_VALUE"""),74.0) -> 74 | B75: =IFERROR(__xludf.DUMMYFUNCTION("""COMPUTED_VALUE"""),"MOHAMMAD MAKKI RAFIQNA ADABI") -> MOHAMMAD MAKKI RAFIQNA ADABI | C75: =IFERROR(__xludf.DUMMYFUNCTION("""COMPUTED_VALUE"""),2.025070409E9) -> 2025070409 | D75: =IFERROR(__xludf.DUMMYFUNCTION("""COMPUTED_VALUE"""),"MOH IMRON") -> MOH IMRON | E75: =IFERROR(__xludf.DUMMYFUNCTION("""COMPUTED_VALUE"""),"IIS MAFIDAH") -> IIS MAFIDAH | F75: =IFERROR(__xludf.DUMMYFUNCTION("""COMPUTED_VALUE"""),"GEDANGAN RT 002 RW 006 SIDAYU GRESIK") -> GEDANGAN RT 002 RW 006 SIDAYU GRESIK | G75: =IFERROR(__xludf.DUMMYFUNCTION("""COMPUTED_VALUE"""),"MA-XI.13") -> MA-XI.13 | H75: =IFERROR(__xludf.DUMMYFUNCTION("""COMPUTED_VALUE"""),"A") -> A | I75: =IFERROR(__xludf.DUMMYFUNCTION("""COMPUTED_VALUE"""),"A-4") -> A-4 | J75: =IFERROR(__xludf.DUMMYFUNCTION("""COMPUTED_VALUE"""),2.0) -> 2 | K75: =IFERROR(__xludf.DUMMYFUNCTION("""COMPUTED_VALUE"""),"2 MAK PUTRA") -> 2 MAK PUTRA | L75: =IFERROR(__xludf.DUMMYFUNCTION("""COMPUTED_VALUE"""),"6285749696444") -> 6285749696444 | BC75: =IFERROR(__xludf.DUMMYFUNCTION("""COMPUTED_VALUE"""),0.0) -> 0 | BD75: =IFERROR(__xludf.DUMMYFUNCTION("""COMPUTED_VALUE"""),0.0) -> 0 | BE75: =IFERROR(__xludf.DUMMYFUNCTION("""COMPUTED_VALUE"""),0.0) -> 0 | BF75: =IFERROR(__xludf.DUMMYFUNCTION("""COMPUTED_VALUE"""),0.0) -> 0
A76: =IFERROR(__xludf.DUMMYFUNCTION("""COMPUTED_VALUE"""),75.0) -> 75 | B76: =IFERROR(__xludf.DUMMYFUNCTION("""COMPUTED_VALUE"""),"MOHAMMAD RIDHO") -> MOHAMMAD RIDHO | C76: =IFERROR(__xludf.DUMMYFUNCTION("""COMPUTED_VALUE"""),2.025070376E9) -> 2025070376 | D76: =IFERROR(__xludf.DUMMYFUNCTION("""COMPUTED_VALUE"""),"RAHMAT") -> RAHMAT | E76: =IFERROR(__xludf.DUMMYFUNCTION("""COMPUTED_VALUE"""),"SITI MAHMUDAH") -> SITI MAHMUDAH | F76: =IFERROR(__xludf.DUMMYFUNCTION("""COMPUTED_VALUE"""),"BAMBANG RT 004 RW 001 TURI LAMONGAN") -> BAMBANG RT 004 RW 001 TURI LAMONGAN | G76: =IFERROR(__xludf.DUMMYFUNCTION("""COMPUTED_VALUE"""),"MA-XI.5") -> MA-XI.5 | H76: =IFERROR(__xludf.DUMMYFUNCTION("""COMPUTED_VALUE"""),"A") -> A | I76: =IFERROR(__xludf.DUMMYFUNCTION("""COMPUTED_VALUE"""),"A-4") -> A-4 | J76: =IFERROR(__xludf.DUMMYFUNCTION("""COMPUTED_VALUE"""),2.0) -> 2 | K76: =IFERROR(__xludf.DUMMYFUNCTION("""COMPUTED_VALUE"""),"2 WUSTHO B PUTRA") -> 2 WUSTHO B PUTRA | L76: =IFERROR(__xludf.DUMMYFUNCTION("""COMPUTED_VALUE"""),"6285718313441") -> 6285718313441 | AB76: =IFERROR(__xludf.DUMMYFUNCTION("""COMPUTED_VALUE"""),500000.0) -> 500000 | AP76: =IFERROR(__xludf.DUMMYFUNCTION("""COMPUTED_VALUE"""),500000.0) -> 500000 | BC76: =IFERROR(__xludf.DUMMYFUNCTION("""COMPUTED_VALUE"""),0.0) -> 0 | BD76: =IFERROR(__xludf.DUMMYFUNCTION("""COMPUTED_VALUE"""),1000000.0) -> 1000000 | BE76: =IFERROR(__xludf.DUMMYFUNCTION("""COMPUTED_VALUE"""),0.0) -> 0 | BF76: =IFERROR(__xludf.DUMMYFUNCTION("""COMPUTED_VALUE"""),1000000.0) -> 1000000
A77: =IFERROR(__xludf.DUMMYFUNCTION("""COMPUTED_VALUE"""),76.0) -> 76 | B77: =IFERROR(__xludf.DUMMYFUNCTION("""COMPUTED_VALUE"""),"MOHAMMAD RISWANDA IMAWAN") -> MOHAMMAD RISWANDA IMAWAN | C77: =IFERROR(__xludf.DUMMYFUNCTION("""COMPUTED_VALUE"""),2.025070623E9) -> 2025070623 | D77: =IFERROR(__xludf.DUMMYFUNCTION("""COMPUTED_VALUE"""),"ZAINUL ARIFIN") -> ZAINUL ARIFIN | E77: =IFERROR(__xludf.DUMMYFUNCTION("""COMPUTED_VALUE"""),"MUSANATUN") -> MUSANATUN | F77: =IFERROR(__xludf.DUMMYFUNCTION("""COMPUTED_VALUE"""),"KULURAN RT 005 RW 001 KALITENGAH LAMONGAN") -> KULURAN RT 005 RW 001 KALITENGAH LAMONGAN | G77: =IFERROR(__xludf.DUMMYFUNCTION("""COMPUTED_VALUE"""),"MTS-8 F") -> MTS-8 F | H77: =IFERROR(__xludf.DUMMYFUNCTION("""COMPUTED_VALUE"""),"A") -> A | I77: =IFERROR(__xludf.DUMMYFUNCTION("""COMPUTED_VALUE"""),"A-1") -> A-1 | J77: =IFERROR(__xludf.DUMMYFUNCTION("""COMPUTED_VALUE"""),2.0) -> 2 | K77: =IFERROR(__xludf.DUMMYFUNCTION("""COMPUTED_VALUE"""),"2 ULA B PUTRA") -> 2 ULA B PUTRA | L77: =IFERROR(__xludf.DUMMYFUNCTION("""COMPUTED_VALUE"""),"6285604160825") -> 6285604160825 | S77: =IFERROR(__xludf.DUMMYFUNCTION("""COMPUTED_VALUE"""),450000.0) -> 450000 | T77: =IFERROR(__xludf.DUMMYFUNCTION("""COMPUTED_VALUE"""),450000.0) -> 450000 | U77: =IFERROR(__xludf.DUMMYFUNCTION("""COMPUTED_VALUE"""),450000.0) -> 450000 | V77: =IFERROR(__xludf.DUMMYFUNCTION("""COMPUTED_VALUE"""),450000.0) -> 450000 | W77: =IFERROR(__xludf.DUMMYFUNCTION("""COMPUTED_VALUE"""),450000.0) -> 450000 | X77: =IFERROR(__xludf.DUMMYFUNCTION("""COMPUTED_VALUE"""),450000.0) -> 450000 | Y77: =IFERROR(__xludf.DUMMYFUNCTION("""COMPUTED_VALUE"""),450000.0) -> 450000 | Z77: =IFERROR(__xludf.DUMMYFUNCTION("""COMPUTED_VALUE"""),450000.0) -> 450000 | AP77: =IFERROR(__xludf.DUMMYFUNCTION("""COMPUTED_VALUE"""),500000.0) -> 500000 | BC77: =IFERROR(__xludf.DUMMYFUNCTION("""COMPUTED_VALUE"""),3600000.0) -> 3600000 | BD77: =IFERROR(__xludf.DUMMYFUNCTION("""COMPUTED_VALUE"""),500000.0) -> 500000 | BE77: =IFERROR(__xludf.DUMMYFUNCTION("""COMPUTED_VALUE"""),0.0) -> 0 | BF77: =IFERROR(__xludf.DUMMYFUNCTION("""COMPUTED_VALUE"""),4100000.0) -> 4100000
A78: =IFERROR(__xludf.DUMMYFUNCTION("""COMPUTED_VALUE"""),77.0) -> 77 | B78: =IFERROR(__xludf.DUMMYFUNCTION("""COMPUTED_VALUE"""),"MUHAMMAD AYUBI TRI NURIL AZZAMY") -> MUHAMMAD AYUBI TRI NURIL AZZAMY | C78: =IFERROR(__xludf.DUMMYFUNCTION("""COMPUTED_VALUE"""),2.025070615E9) -> 2025070615 | D78: =IFERROR(__xludf.DUMMYFUNCTION("""COMPUTED_VALUE"""),"KASTOPO") -> KASTOPO | E78: =IFERROR(__xludf.DUMMYFUNCTION("""COMPUTED_VALUE"""),"SULASTRI") -> SULASTRI | F78: =IFERROR(__xludf.DUMMYFUNCTION("""COMPUTED_VALUE"""),"CANDITUNGGAL RT 003 RW 001 KALITENGAH LAMONGAN") -> CANDITUNGGAL RT 003 RW 001 KALITENGAH LAMONGAN | G78: =IFERROR(__xludf.DUMMYFUNCTION("""COMPUTED_VALUE"""),"MTS-8 D") -> MTS-8 D | H78: =IFERROR(__xludf.DUMMYFUNCTION("""COMPUTED_VALUE"""),"A") -> A | I78: =IFERROR(__xludf.DUMMYFUNCTION("""COMPUTED_VALUE"""),"A-3") -> A-3 | J78: =IFERROR(__xludf.DUMMYFUNCTION("""COMPUTED_VALUE"""),2.0) -> 2 | K78: =IFERROR(__xludf.DUMMYFUNCTION("""COMPUTED_VALUE"""),"2 ULA B PUTRA") -> 2 ULA B PUTRA | L78: =IFERROR(__xludf.DUMMYFUNCTION("""COMPUTED_VALUE"""),"6285607247419") -> 6285607247419 | BC78: =IFERROR(__xludf.DUMMYFUNCTION("""COMPUTED_VALUE"""),0.0) -> 0 | BD78: =IFERROR(__xludf.DUMMYFUNCTION("""COMPUTED_VALUE"""),0.0) -> 0 | BE78: =IFERROR(__xludf.DUMMYFUNCTION("""COMPUTED_VALUE"""),0.0) -> 0 | BF78: =IFERROR(__xludf.DUMMYFUNCTION("""COMPUTED_VALUE"""),0.0) -> 0
A79: =IFERROR(__xludf.DUMMYFUNCTION("""COMPUTED_VALUE"""),78.0) -> 78 | B79: =IFERROR(__xludf.DUMMYFUNCTION("""COMPUTED_VALUE"""),"MUHAMMAD AZZAM AL BARIQ") -> MUHAMMAD AZZAM AL BARIQ | C79: =IFERROR(__xludf.DUMMYFUNCTION("""COMPUTED_VALUE"""),2.025070538E9) -> 2025070538 | D79: =IFERROR(__xludf.DUMMYFUNCTION("""COMPUTED_VALUE"""),"NANANG EFENDI") -> NANANG EFENDI | E79: =IFERROR(__xludf.DUMMYFUNCTION("""COMPUTED_VALUE"""),"SOIMAH") -> SOIMAH | F79: =IFERROR(__xludf.DUMMYFUNCTION("""COMPUTED_VALUE"""),"PERUM BHUMMI JATI PERMAI BLOK GG NO. 20 JATIREMBE RT 016 RW 002 BENJENG GRESIK") -> PERUM BHUMMI JATI PERMAI BLOK GG NO. 20 JATIREMBE RT 016 RW 002 BENJENG GRESIK | G79: =IFERROR(__xludf.DUMMYFUNCTION("""COMPUTED_VALUE"""),"MTS-8 A") -> MTS-8 A | H79: =IFERROR(__xludf.DUMMYFUNCTION("""COMPUTED_VALUE"""),"A") -> A | I79: =IFERROR(__xludf.DUMMYFUNCTION("""COMPUTED_VALUE"""),"A-3") -> A-3 | J79: =IFERROR(__xludf.DUMMYFUNCTION("""COMPUTED_VALUE"""),2.0) -> 2 | K79: =IFERROR(__xludf.DUMMYFUNCTION("""COMPUTED_VALUE"""),"2 ULA B PUTRA") -> 2 ULA B PUTRA | L79: =IFERROR(__xludf.DUMMYFUNCTION("""COMPUTED_VALUE"""),"6281334828231") -> 6281334828231 | AB79: =IFERROR(__xludf.DUMMYFUNCTION("""COMPUTED_VALUE"""),500000.0) -> 500000 | AP79: =IFERROR(__xludf.DUMMYFUNCTION("""COMPUTED_VALUE"""),500000.0) -> 500000 | BC79: =IFERROR(__xludf.DUMMYFUNCTION("""COMPUTED_VALUE"""),0.0) -> 0 | BD79: =IFERROR(__xludf.DUMMYFUNCTION("""COMPUTED_VALUE"""),1000000.0) -> 1000000 | BE79: =IFERROR(__xludf.DUMMYFUNCTION("""COMPUTED_VALUE"""),0.0) -> 0 | BF79: =IFERROR(__xludf.DUMMYFUNCTION("""COMPUTED_VALUE"""),1000000.0) -> 1000000
A80: =IFERROR(__xludf.DUMMYFUNCTION("""COMPUTED_VALUE"""),79.0) -> 79 | B80: =IFERROR(__xludf.DUMMYFUNCTION("""COMPUTED_VALUE"""),"MUHAMMAD BAHRU NADA") -> MUHAMMAD BAHRU NADA | C80: =IFERROR(__xludf.DUMMYFUNCTION("""COMPUTED_VALUE"""),2.025070228E9) -> 2025070228 | D80: =IFERROR(__xludf.DUMMYFUNCTION("""COMPUTED_VALUE"""),"MIFTAHUL HUDA") -> MIFTAHUL HUDA | E80: =IFERROR(__xludf.DUMMYFUNCTION("""COMPUTED_VALUE"""),"JUWARMIN") -> JUWARMIN | F80: =IFERROR(__xludf.DUMMYFUNCTION("""COMPUTED_VALUE"""),"TEJOASRI RT 003 RW 001 LAREN LAMONGAN") -> TEJOASRI RT 003 RW 001 LAREN LAMONGAN | G80: =IFERROR(__xludf.DUMMYFUNCTION("""COMPUTED_VALUE"""),"MA-XI.6") -> MA-XI.6 | H80: =IFERROR(__xludf.DUMMYFUNCTION("""COMPUTED_VALUE"""),"A") -> A | I80: =IFERROR(__xludf.DUMMYFUNCTION("""COMPUTED_VALUE"""),"A-4") -> A-4 | J80: =IFERROR(__xludf.DUMMYFUNCTION("""COMPUTED_VALUE"""),2.0) -> 2 | K80: =IFERROR(__xludf.DUMMYFUNCTION("""COMPUTED_VALUE"""),"2 WUSTHO B PUTRA") -> 2 WUSTHO B PUTRA | L80: =IFERROR(__xludf.DUMMYFUNCTION("""COMPUTED_VALUE"""),"6281332375889") -> 6281332375889 | AB80: =IFERROR(__xludf.DUMMYFUNCTION("""COMPUTED_VALUE"""),500000.0) -> 500000 | AP80: =IFERROR(__xludf.DUMMYFUNCTION("""COMPUTED_VALUE"""),500000.0) -> 500000 | BC80: =IFERROR(__xludf.DUMMYFUNCTION("""COMPUTED_VALUE"""),0.0) -> 0 | BD80: =IFERROR(__xludf.DUMMYFUNCTION("""COMPUTED_VALUE"""),1000000.0) -> 1000000 | BE80: =IFERROR(__xludf.DUMMYFUNCTION("""COMPUTED_VALUE"""),0.0) -> 0 | BF80: =IFERROR(__xludf.DUMMYFUNCTION("""COMPUTED_VALUE"""),1000000.0) -> 1000000
A81: =IFERROR(__xludf.DUMMYFUNCTION("""COMPUTED_VALUE"""),80.0) -> 80 | B81: =IFERROR(__xludf.DUMMYFUNCTION("""COMPUTED_VALUE"""),"MUHAMMAD DZAKY MUBARAK") -> MUHAMMAD DZAKY MUBARAK | C81: =IFERROR(__xludf.DUMMYFUNCTION("""COMPUTED_VALUE"""),2.025070471E9) -> 2025070471 | D81: =IFERROR(__xludf.DUMMYFUNCTION("""COMPUTED_VALUE"""),"MUCHAMAD SURADJI") -> MUCHAMAD SURADJI | E81: =IFERROR(__xludf.DUMMYFUNCTION("""COMPUTED_VALUE"""),"NIHAYATUL KHIJJAH") -> NIHAYATUL KHIJJAH | F81: =IFERROR(__xludf.DUMMYFUNCTION("""COMPUTED_VALUE"""),"KARANGAGUNG RT 003 RW 001 GLAGAH LAMONGAN") -> KARANGAGUNG RT 003 RW 001 GLAGAH LAMONGAN | G81: =IFERROR(__xludf.DUMMYFUNCTION("""COMPUTED_VALUE"""),"SMP-VIII C") -> SMP-VIII C | H81: =IFERROR(__xludf.DUMMYFUNCTION("""COMPUTED_VALUE"""),"A") -> A | I81: =IFERROR(__xludf.DUMMYFUNCTION("""COMPUTED_VALUE"""),"A-1") -> A-1 | J81: =IFERROR(__xludf.DUMMYFUNCTION("""COMPUTED_VALUE"""),2.0) -> 2 | K81: =IFERROR(__xludf.DUMMYFUNCTION("""COMPUTED_VALUE"""),"2 ULA B PUTRA") -> 2 ULA B PUTRA | L81: =IFERROR(__xludf.DUMMYFUNCTION("""COMPUTED_VALUE"""),"6281230649991") -> 6281230649991 | AP81: =IFERROR(__xludf.DUMMYFUNCTION("""COMPUTED_VALUE"""),500000.0) -> 500000 | BC81: =IFERROR(__xludf.DUMMYFUNCTION("""COMPUTED_VALUE"""),0.0) -> 0 | BD81: =IFERROR(__xludf.DUMMYFUNCTION("""COMPUTED_VALUE"""),500000.0) -> 500000 | BE81: =IFERROR(__xludf.DUMMYFUNCTION("""COMPUTED_VALUE"""),0.0) -> 0 | BF81: =IFERROR(__xludf.DUMMYFUNCTION("""COMPUTED_VALUE"""),500000.0) -> 500000
A82: =IFERROR(__xludf.DUMMYFUNCTION("""COMPUTED_VALUE"""),81.0) -> 81 | B82: =IFERROR(__xludf.DUMMYFUNCTION("""COMPUTED_VALUE"""),"MUHAMMAD FAIRUS NADHIR AMRULLAH") -> MUHAMMAD FAIRUS NADHIR AMRULLAH | C82: =IFERROR(__xludf.DUMMYFUNCTION("""COMPUTED_VALUE"""),2.025070555E9) -> 2025070555 | D82: =IFERROR(__xludf.DUMMYFUNCTION("""COMPUTED_VALUE"""),"ABDUL SALAM") -> ABDUL SALAM | E82: =IFERROR(__xludf.DUMMYFUNCTION("""COMPUTED_VALUE"""),"LAILATUL MUNAWAROH") -> LAILATUL MUNAWAROH | F82: =IFERROR(__xludf.DUMMYFUNCTION("""COMPUTED_VALUE"""),"SAWO RT 008 RW 004 DUKUN GRESIK") -> SAWO RT 008 RW 004 DUKUN GRESIK | G82: =IFERROR(__xludf.DUMMYFUNCTION("""COMPUTED_VALUE"""),"MTS-8 G") -> MTS-8 G | H82: =IFERROR(__xludf.DUMMYFUNCTION("""COMPUTED_VALUE"""),"A") -> A | I82: =IFERROR(__xludf.DUMMYFUNCTION("""COMPUTED_VALUE"""),"A-1") -> A-1 | J82: =IFERROR(__xludf.DUMMYFUNCTION("""COMPUTED_VALUE"""),2.0) -> 2 | K82: =IFERROR(__xludf.DUMMYFUNCTION("""COMPUTED_VALUE"""),"2 ULA B PUTRA") -> 2 ULA B PUTRA | L82: =IFERROR(__xludf.DUMMYFUNCTION("""COMPUTED_VALUE"""),"6285733603080") -> 6285733603080 | AB82: =IFERROR(__xludf.DUMMYFUNCTION("""COMPUTED_VALUE"""),500000.0) -> 500000 | AP82: =IFERROR(__xludf.DUMMYFUNCTION("""COMPUTED_VALUE"""),500000.0) -> 500000 | BC82: =IFERROR(__xludf.DUMMYFUNCTION("""COMPUTED_VALUE"""),0.0) -> 0 | BD82: =IFERROR(__xludf.DUMMYFUNCTION("""COMPUTED_VALUE"""),1000000.0) -> 1000000 | BE82: =IFERROR(__xludf.DUMMYFUNCTION("""COMPUTED_VALUE"""),0.0) -> 0 | BF82: =IFERROR(__xludf.DUMMYFUNCTION("""COMPUTED_VALUE"""),1000000.0) -> 1000000
A83: =IFERROR(__xludf.DUMMYFUNCTION("""COMPUTED_VALUE"""),82.0) -> 82 | B83: =IFERROR(__xludf.DUMMYFUNCTION("""COMPUTED_VALUE"""),"MUHAMMAD HISYAM") -> MUHAMMAD HISYAM | C83: =IFERROR(__xludf.DUMMYFUNCTION("""COMPUTED_VALUE"""),2.02507048E9) -> 2025070480 | D83: =IFERROR(__xludf.DUMMYFUNCTION("""COMPUTED_VALUE"""),"ABDUL QODIR") -> ABDUL QODIR | E83: =IFERROR(__xludf.DUMMYFUNCTION("""COMPUTED_VALUE"""),"NASOKHATUL MUNAWAROH") -> NASOKHATUL MUNAWAROH | F83: =IFERROR(__xludf.DUMMYFUNCTION("""COMPUTED_VALUE"""),"GUNUNGANYAR KIDUL RT 002 RW 003 GUNUNG ANYAR SURABAYA") -> GUNUNGANYAR KIDUL RT 002 RW 003 GUNUNG ANYAR SURABAYA | G83: =IFERROR(__xludf.DUMMYFUNCTION("""COMPUTED_VALUE"""),"SMP-VIII A") -> SMP-VIII A | H83: =IFERROR(__xludf.DUMMYFUNCTION("""COMPUTED_VALUE"""),"A") -> A | I83: =IFERROR(__xludf.DUMMYFUNCTION("""COMPUTED_VALUE"""),"A-13") -> A-13 | J83: =IFERROR(__xludf.DUMMYFUNCTION("""COMPUTED_VALUE"""),2.0) -> 2 | K83: =IFERROR(__xludf.DUMMYFUNCTION("""COMPUTED_VALUE"""),"ULA") -> ULA | L83: =IFERROR(__xludf.DUMMYFUNCTION("""COMPUTED_VALUE"""),"628758704525") -> 628758704525 | BC83: =IFERROR(__xludf.DUMMYFUNCTION("""COMPUTED_VALUE"""),0.0) -> 0 | BD83: =IFERROR(__xludf.DUMMYFUNCTION("""COMPUTED_VALUE"""),0.0) -> 0 | BE83: =IFERROR(__xludf.DUMMYFUNCTION("""COMPUTED_VALUE"""),0.0) -> 0 | BF83: =IFERROR(__xludf.DUMMYFUNCTION("""COMPUTED_VALUE"""),0.0) -> 0
A84: =IFERROR(__xludf.DUMMYFUNCTION("""COMPUTED_VALUE"""),83.0) -> 83 | B84: =IFERROR(__xludf.DUMMYFUNCTION("""COMPUTED_VALUE"""),"MUHAMMAD KAVA RIZQI ADITYA") -> MUHAMMAD KAVA RIZQI ADITYA | C84: =IFERROR(__xludf.DUMMYFUNCTION("""COMPUTED_VALUE"""),2.025070609E9) -> 2025070609 | D84: =IFERROR(__xludf.DUMMYFUNCTION("""COMPUTED_VALUE"""),"AAN KHUNAIFI") -> AAN KHUNAIFI | E84: =IFERROR(__xludf.DUMMYFUNCTION("""COMPUTED_VALUE"""),"MUALLIFATUL HISBIYAH") -> MUALLIFATUL HISBIYAH | F84: =IFERROR(__xludf.DUMMYFUNCTION("""COMPUTED_VALUE"""),"MENGAI SUKOREJO RT 002 RW 006 KARANGBINANGUN LAMONGAN") -> MENGAI SUKOREJO RT 002 RW 006 KARANGBINANGUN LAMONGAN | G84: =IFERROR(__xludf.DUMMYFUNCTION("""COMPUTED_VALUE"""),"MTS-8 A") -> MTS-8 A | H84: =IFERROR(__xludf.DUMMYFUNCTION("""COMPUTED_VALUE"""),"A") -> A | I84: =IFERROR(__xludf.DUMMYFUNCTION("""COMPUTED_VALUE"""),"A-13") -> A-13 | J84: =IFERROR(__xludf.DUMMYFUNCTION("""COMPUTED_VALUE"""),2.0) -> 2 | K84: =IFERROR(__xludf.DUMMYFUNCTION("""COMPUTED_VALUE"""),"ULA") -> ULA | L84: =IFERROR(__xludf.DUMMYFUNCTION("""COMPUTED_VALUE"""),"6285852514150") -> 6285852514150 | T84: =IFERROR(__xludf.DUMMYFUNCTION("""COMPUTED_VALUE"""),450000.0) -> 450000 | U84: =IFERROR(__xludf.DUMMYFUNCTION("""COMPUTED_VALUE"""),450000.0) -> 450000 | V84: =IFERROR(__xludf.DUMMYFUNCTION("""COMPUTED_VALUE"""),450000.0) -> 450000 | W84: =IFERROR(__xludf.DUMMYFUNCTION("""COMPUTED_VALUE"""),450000.0) -> 450000 | X84: =IFERROR(__xludf.DUMMYFUNCTION("""COMPUTED_VALUE"""),450000.0) -> 450000 | Y84: =IFERROR(__xludf.DUMMYFUNCTION("""COMPUTED_VALUE"""),450000.0) -> 450000 | Z84: =IFERROR(__xludf.DUMMYFUNCTION("""COMPUTED_VALUE"""),450000.0) -> 450000 | AB84: =IFERROR(__xludf.DUMMYFUNCTION("""COMPUTED_VALUE"""),500000.0) -> 500000 | AP84: =IFERROR(__xludf.DUMMYFUNCTION("""COMPUTED_VALUE"""),500000.0) -> 500000 | BC84: =IFERROR(__xludf.DUMMYFUNCTION("""COMPUTED_VALUE"""),3150000.0) -> 3150000 | BD84: =IFERROR(__xludf.DUMMYFUNCTION("""COMPUTED_VALUE"""),1000000.0) -> 1000000 | BE84: =IFERROR(__xludf.DUMMYFUNCTION("""COMPUTED_VALUE"""),0.0) -> 0 | BF84: =IFERROR(__xludf.DUMMYFUNCTION("""COMPUTED_VALUE"""),4150000.0) -> 4150000
A85: =IFERROR(__xludf.DUMMYFUNCTION("""COMPUTED_VALUE"""),84.0) -> 84 | B85: =IFERROR(__xludf.DUMMYFUNCTION("""COMPUTED_VALUE"""),"MUHAMMAD MAULIDI NURWAHID") -> MUHAMMAD MAULIDI NURWAHID | C85: =IFERROR(__xludf.DUMMYFUNCTION("""COMPUTED_VALUE"""),2.02507007E9) -> 2025070070 | D85: =IFERROR(__xludf.DUMMYFUNCTION("""COMPUTED_VALUE"""),"SUJARIONO") -> SUJARIONO | E85: =IFERROR(__xludf.DUMMYFUNCTION("""COMPUTED_VALUE"""),"ZULAEMAH") -> ZULAEMAH | F85: =IFERROR(__xludf.DUMMYFUNCTION("""COMPUTED_VALUE"""),"RAJAWALI TANGGUNGAN RT 003 RW 001 PUCUK LAMONGAN") -> RAJAWALI TANGGUNGAN RT 003 RW 001 PUCUK LAMONGAN | G85: =IFERROR(__xludf.DUMMYFUNCTION("""COMPUTED_VALUE"""),"MA-XI.8") -> MA-XI.8 | H85: =IFERROR(__xludf.DUMMYFUNCTION("""COMPUTED_VALUE"""),"A") -> A | I85: =IFERROR(__xludf.DUMMYFUNCTION("""COMPUTED_VALUE"""),"A-4") -> A-4 | J85: =IFERROR(__xludf.DUMMYFUNCTION("""COMPUTED_VALUE"""),2.0) -> 2 | K85: =IFERROR(__xludf.DUMMYFUNCTION("""COMPUTED_VALUE"""),"2 WUSTHO B PUTRA") -> 2 WUSTHO B PUTRA | L85: =IFERROR(__xludf.DUMMYFUNCTION("""COMPUTED_VALUE"""),"62895391636106") -> 62895391636106 | Z85: =IFERROR(__xludf.DUMMYFUNCTION("""COMPUTED_VALUE"""),450000.0) -> 450000 | AB85: =IFERROR(__xludf.DUMMYFUNCTION("""COMPUTED_VALUE"""),500000.0) -> 500000 | AP85: =IFERROR(__xludf.DUMMYFUNCTION("""COMPUTED_VALUE"""),500000.0) -> 500000 | BC85: =IFERROR(__xludf.DUMMYFUNCTION("""COMPUTED_VALUE"""),450000.0) -> 450000 | BD85: =IFERROR(__xludf.DUMMYFUNCTION("""COMPUTED_VALUE"""),1000000.0) -> 1000000 | BE85: =IFERROR(__xludf.DUMMYFUNCTION("""COMPUTED_VALUE"""),0.0) -> 0 | BF85: =IFERROR(__xludf.DUMMYFUNCTION("""COMPUTED_VALUE"""),1450000.0) -> 1450000
A86: =IFERROR(__xludf.DUMMYFUNCTION("""COMPUTED_VALUE"""),85.0) -> 85 | B86: =IFERROR(__xludf.DUMMYFUNCTION("""COMPUTED_VALUE"""),"MUHAMMAD NABIL SALMAN") -> MUHAMMAD NABIL SALMAN | C86: =IFERROR(__xludf.DUMMYFUNCTION("""COMPUTED_VALUE"""),2.025070429E9) -> 2025070429 | D86: =IFERROR(__xludf.DUMMYFUNCTION("""COMPUTED_VALUE"""),"MUKHTAR") -> MUKHTAR | E86: =IFERROR(__xludf.DUMMYFUNCTION("""COMPUTED_VALUE"""),"ASMAUL KHUSNAH") -> ASMAUL KHUSNAH | F86: =IFERROR(__xludf.DUMMYFUNCTION("""COMPUTED_VALUE"""),"BLAWI RT 002 RW 003 KARANGBINANGUN LAMONGAN") -> BLAWI RT 002 RW 003 KARANGBINANGUN LAMONGAN | G86: =IFERROR(__xludf.DUMMYFUNCTION("""COMPUTED_VALUE"""),"SMK-XI TSM") -> SMK-XI TSM | H86: =IFERROR(__xludf.DUMMYFUNCTION("""COMPUTED_VALUE"""),"A") -> A | I86: =IFERROR(__xludf.DUMMYFUNCTION("""COMPUTED_VALUE"""),"A-9") -> A-9 | J86: =IFERROR(__xludf.DUMMYFUNCTION("""COMPUTED_VALUE"""),2.0) -> 2 | K86: =IFERROR(__xludf.DUMMYFUNCTION("""COMPUTED_VALUE"""),"2 WUSTHO B PUTRA") -> 2 WUSTHO B PUTRA | L86: =IFERROR(__xludf.DUMMYFUNCTION("""COMPUTED_VALUE"""),"6282334470986") -> 6282334470986 | Z86: =IFERROR(__xludf.DUMMYFUNCTION("""COMPUTED_VALUE"""),450000.0) -> 450000 | BC86: =IFERROR(__xludf.DUMMYFUNCTION("""COMPUTED_VALUE"""),450000.0) -> 450000 | BD86: =IFERROR(__xludf.DUMMYFUNCTION("""COMPUTED_VALUE"""),0.0) -> 0 | BE86: =IFERROR(__xludf.DUMMYFUNCTION("""COMPUTED_VALUE"""),0.0) -> 0 | BF86: =IFERROR(__xludf.DUMMYFUNCTION("""COMPUTED_VALUE"""),450000.0) -> 450000
A87: =IFERROR(__xludf.DUMMYFUNCTION("""COMPUTED_VALUE"""),86.0) -> 86 | B87: =IFERROR(__xludf.DUMMYFUNCTION("""COMPUTED_VALUE"""),"MUHAMMAD RAFFA NUR RAMADHAN") -> MUHAMMAD RAFFA NUR RAMADHAN | C87: =IFERROR(__xludf.DUMMYFUNCTION("""COMPUTED_VALUE"""),2.025070065E9) -> 2025070065 | D87: =IFERROR(__xludf.DUMMYFUNCTION("""COMPUTED_VALUE"""),"RAMELAN") -> RAMELAN | E87: =IFERROR(__xludf.DUMMYFUNCTION("""COMPUTED_VALUE"""),"MUYASIROTUL UMAH") -> MUYASIROTUL UMAH | F87: =IFERROR(__xludf.DUMMYFUNCTION("""COMPUTED_VALUE"""),"BLURI RT 009 RW 002 SOLOKURO LAMONGAN") -> BLURI RT 009 RW 002 SOLOKURO LAMONGAN | G87: =IFERROR(__xludf.DUMMYFUNCTION("""COMPUTED_VALUE"""),"MA-XI.8") -> MA-XI.8 | H87: =IFERROR(__xludf.DUMMYFUNCTION("""COMPUTED_VALUE"""),"A") -> A | I87: =IFERROR(__xludf.DUMMYFUNCTION("""COMPUTED_VALUE"""),"A-4") -> A-4 | J87: =IFERROR(__xludf.DUMMYFUNCTION("""COMPUTED_VALUE"""),2.0) -> 2 | K87: =IFERROR(__xludf.DUMMYFUNCTION("""COMPUTED_VALUE"""),"2 WUSTHO B PUTRA") -> 2 WUSTHO B PUTRA | L87: =IFERROR(__xludf.DUMMYFUNCTION("""COMPUTED_VALUE"""),"6285852311302") -> 6285852311302 | P87: =IFERROR(__xludf.DUMMYFUNCTION("""COMPUTED_VALUE"""),450000.0) -> 450000 | Q87: =IFERROR(__xludf.DUMMYFUNCTION("""COMPUTED_VALUE"""),450000.0) -> 450000 | R87: =IFERROR(__xludf.DUMMYFUNCTION("""COMPUTED_VALUE"""),450000.0) -> 450000 | S87: =IFERROR(__xludf.DUMMYFUNCTION("""COMPUTED_VALUE"""),450000.0) -> 450000 | T87: =IFERROR(__xludf.DUMMYFUNCTION("""COMPUTED_VALUE"""),450000.0) -> 450000 | U87: =IFERROR(__xludf.DUMMYFUNCTION("""COMPUTED_VALUE"""),450000.0) -> 450000 | V87: =IFERROR(__xludf.DUMMYFUNCTION("""COMPUTED_VALUE"""),450000.0) -> 450000 | W87: =IFERROR(__xludf.DUMMYFUNCTION("""COMPUTED_VALUE"""),450000.0) -> 450000 | ... Z87: =IFERROR(__xludf.DUMMYFUNCTION("""COMPUTED_VALUE"""),450000.0) -> 450000 | AB87: =IFERROR(__xludf.DUMMYFUNCTION("""COMPUTED_VALUE"""),500000.0) -> 500000 | AP87: =IFERROR(__xludf.DUMMYFUNCTION("""COMPUTED_VALUE"""),500000.0) -> 500000 | BC87: =IFERROR(__xludf.DUMMYFUNCTION("""COMPUTED_VALUE"""),4950000.0) -> 4950000 | BD87: =IFERROR(__xludf.DUMMYFUNCTION("""COMPUTED_VALUE"""),1000000.0) -> 1000000 | BE87: =IFERROR(__xludf.DUMMYFUNCTION("""COMPUTED_VALUE"""),0.0) -> 0 | BF87: =IFERROR(__xludf.DUMMYFUNCTION("""COMPUTED_VALUE"""),5950000.0) -> 5950000
A88: =IFERROR(__xludf.DUMMYFUNCTION("""COMPUTED_VALUE"""),87.0) -> 87 | B88: =IFERROR(__xludf.DUMMYFUNCTION("""COMPUTED_VALUE"""),"MUHAMMAD RAUUF MAULANA") -> MUHAMMAD RAUUF MAULANA | C88: =IFERROR(__xludf.DUMMYFUNCTION("""COMPUTED_VALUE"""),2.025070497E9) -> 2025070497 | D88: =IFERROR(__xludf.DUMMYFUNCTION("""COMPUTED_VALUE"""),"MOCHAMAD ARIF") -> MOCHAMAD ARIF | E88: =IFERROR(__xludf.DUMMYFUNCTION("""COMPUTED_VALUE"""),"DEWI WAHYUNINGSIH") -> DEWI WAHYUNINGSIH | F88: =IFERROR(__xludf.DUMMYFUNCTION("""COMPUTED_VALUE"""),"SUKOMULYO RT 005 RW 003 LAMONGAN LAMONGAN") -> SUKOMULYO RT 005 RW 003 LAMONGAN LAMONGAN | G88: =IFERROR(__xludf.DUMMYFUNCTION("""COMPUTED_VALUE"""),"MTS-8 F") -> MTS-8 F | H88: =IFERROR(__xludf.DUMMYFUNCTION("""COMPUTED_VALUE"""),"A") -> A | I88: =IFERROR(__xludf.DUMMYFUNCTION("""COMPUTED_VALUE"""),"A-1") -> A-1 | J88: =IFERROR(__xludf.DUMMYFUNCTION("""COMPUTED_VALUE"""),2.0) -> 2 | K88: =IFERROR(__xludf.DUMMYFUNCTION("""COMPUTED_VALUE"""),"2 ULA B PUTRA") -> 2 ULA B PUTRA | L88: =IFERROR(__xludf.DUMMYFUNCTION("""COMPUTED_VALUE"""),"6288741091429") -> 6288741091429 | AB88: =IFERROR(__xludf.DUMMYFUNCTION("""COMPUTED_VALUE"""),500000.0) -> 500000 | AP88: =IFERROR(__xludf.DUMMYFUNCTION("""COMPUTED_VALUE"""),500000.0) -> 500000 | BC88: =IFERROR(__xludf.DUMMYFUNCTION("""COMPUTED_VALUE"""),0.0) -> 0 | BD88: =IFERROR(__xludf.DUMMYFUNCTION("""COMPUTED_VALUE"""),1000000.0) -> 1000000 | BE88: =IFERROR(__xludf.DUMMYFUNCTION("""COMPUTED_VALUE"""),0.0) -> 0 | BF88: =IFERROR(__xludf.DUMMYFUNCTION("""COMPUTED_VALUE"""),1000000.0) -> 1000000
A89: =IFERROR(__xludf.DUMMYFUNCTION("""COMPUTED_VALUE"""),88.0) -> 88 | B89: =IFERROR(__xludf.DUMMYFUNCTION("""COMPUTED_VALUE"""),"MUHAMMAD RAZIQ RAHMAN") -> MUHAMMAD RAZIQ RAHMAN | C89: =IFERROR(__xludf.DUMMYFUNCTION("""COMPUTED_VALUE"""),2.02507004E9) -> 2025070040 | D89: =IFERROR(__xludf.DUMMYFUNCTION("""COMPUTED_VALUE"""),"KURDI") -> KURDI | E89: =IFERROR(__xludf.DUMMYFUNCTION("""COMPUTED_VALUE"""),"MUSLIHAH") -> MUSLIHAH | F89: =IFERROR(__xludf.DUMMYFUNCTION("""COMPUTED_VALUE"""),"SAWO RT 008 RW 004 DUKUN GRESIK") -> SAWO RT 008 RW 004 DUKUN GRESIK | G89: =IFERROR(__xludf.DUMMYFUNCTION("""COMPUTED_VALUE"""),"MA-XI.9") -> MA-XI.9 | H89: =IFERROR(__xludf.DUMMYFUNCTION("""COMPUTED_VALUE"""),"A") -> A | I89: =IFERROR(__xludf.DUMMYFUNCTION("""COMPUTED_VALUE"""),"A-4") -> A-4 | J89: =IFERROR(__xludf.DUMMYFUNCTION("""COMPUTED_VALUE"""),2.0) -> 2 | K89: =IFERROR(__xludf.DUMMYFUNCTION("""COMPUTED_VALUE"""),"2 WUSTHO B PUTRA") -> 2 WUSTHO B PUTRA | L89: =IFERROR(__xludf.DUMMYFUNCTION("""COMPUTED_VALUE"""),"6285815333968") -> 6285815333968 | AB89: =IFERROR(__xludf.DUMMYFUNCTION("""COMPUTED_VALUE"""),500000.0) -> 500000 | AP89: =IFERROR(__xludf.DUMMYFUNCTION("""COMPUTED_VALUE"""),500000.0) -> 500000 | BC89: =IFERROR(__xludf.DUMMYFUNCTION("""COMPUTED_VALUE"""),0.0) -> 0 | BD89: =IFERROR(__xludf.DUMMYFUNCTION("""COMPUTED_VALUE"""),1000000.0) -> 1000000 | BE89: =IFERROR(__xludf.DUMMYFUNCTION("""COMPUTED_VALUE"""),0.0) -> 0 | BF89: =IFERROR(__xludf.DUMMYFUNCTION("""COMPUTED_VALUE"""),1000000.0) -> 1000000
A90: =IFERROR(__xludf.DUMMYFUNCTION("""COMPUTED_VALUE"""),89.0) -> 89 | B90: =IFERROR(__xludf.DUMMYFUNCTION("""COMPUTED_VALUE"""),"MUHAMMAD RIZKI RAMDHANI") -> MUHAMMAD RIZKI RAMDHANI | C90: =IFERROR(__xludf.DUMMYFUNCTION("""COMPUTED_VALUE"""),2.025070452E9) -> 2025070452 | D90: =IFERROR(__xludf.DUMMYFUNCTION("""COMPUTED_VALUE"""),"MOH. ZAHID") -> MOH. ZAHID | E90: =IFERROR(__xludf.DUMMYFUNCTION("""COMPUTED_VALUE"""),"SITI ROHIMAH") -> SITI ROHIMAH | F90: =IFERROR(__xludf.DUMMYFUNCTION("""COMPUTED_VALUE"""),"BAMBANG RT 004 RW 002 TURI LAMONGAN") -> BAMBANG RT 004 RW 002 TURI LAMONGAN | G90: =IFERROR(__xludf.DUMMYFUNCTION("""COMPUTED_VALUE"""),"SMK-XI TKJ 1") -> SMK-XI TKJ 1 | H90: =IFERROR(__xludf.DUMMYFUNCTION("""COMPUTED_VALUE"""),"A") -> A | I90: =IFERROR(__xludf.DUMMYFUNCTION("""COMPUTED_VALUE"""),"A-4") -> A-4 | J90: =IFERROR(__xludf.DUMMYFUNCTION("""COMPUTED_VALUE"""),2.0) -> 2 | K90: =IFERROR(__xludf.DUMMYFUNCTION("""COMPUTED_VALUE"""),"2 WUSTHO B PUTRA") -> 2 WUSTHO B PUTRA | L90: =IFERROR(__xludf.DUMMYFUNCTION("""COMPUTED_VALUE"""),"6285730186043") -> 6285730186043 | AB90: =IFERROR(__xludf.DUMMYFUNCTION("""COMPUTED_VALUE"""),500000.0) -> 500000 | AP90: =IFERROR(__xludf.DUMMYFUNCTION("""COMPUTED_VALUE"""),500000.0) -> 500000 | BC90: =IFERROR(__xludf.DUMMYFUNCTION("""COMPUTED_VALUE"""),0.0) -> 0 | BD90: =IFERROR(__xludf.DUMMYFUNCTION("""COMPUTED_VALUE"""),1000000.0) -> 1000000 | BE90: =IFERROR(__xludf.DUMMYFUNCTION("""COMPUTED_VALUE"""),0.0) -> 0 | BF90: =IFERROR(__xludf.DUMMYFUNCTION("""COMPUTED_VALUE"""),1000000.0) -> 1000000
A91: =IFERROR(__xludf.DUMMYFUNCTION("""COMPUTED_VALUE"""),90.0) -> 90 | B91: =IFERROR(__xludf.DUMMYFUNCTION("""COMPUTED_VALUE"""),"MUHAMMAD WATSIQUZ ZIMAM") -> MUHAMMAD WATSIQUZ ZIMAM | C91: =IFERROR(__xludf.DUMMYFUNCTION("""COMPUTED_VALUE"""),2.025070059E9) -> 2025070059 | D91: =IFERROR(__xludf.DUMMYFUNCTION("""COMPUTED_VALUE"""),"MOH. FATAWI") -> MOH. FATAWI | E91: =IFERROR(__xludf.DUMMYFUNCTION("""COMPUTED_VALUE"""),"ZULAIKHAH") -> ZULAIKHAH | F91: =IFERROR(__xludf.DUMMYFUNCTION("""COMPUTED_VALUE"""),"BLURI RT 003 RW 001 SOLOKURO LAMONGAN") -> BLURI RT 003 RW 001 SOLOKURO LAMONGAN | G91: =IFERROR(__xludf.DUMMYFUNCTION("""COMPUTED_VALUE"""),"MA-XI.8") -> MA-XI.8 | H91: =IFERROR(__xludf.DUMMYFUNCTION("""COMPUTED_VALUE"""),"A") -> A | I91: =IFERROR(__xludf.DUMMYFUNCTION("""COMPUTED_VALUE"""),"A-4") -> A-4 | J91: =IFERROR(__xludf.DUMMYFUNCTION("""COMPUTED_VALUE"""),2.0) -> 2 | K91: =IFERROR(__xludf.DUMMYFUNCTION("""COMPUTED_VALUE"""),"2 WUSTHO B PUTRA") -> 2 WUSTHO B PUTRA | L91: =IFERROR(__xludf.DUMMYFUNCTION("""COMPUTED_VALUE"""),"6285604191141") -> 6285604191141 | X91: =IFERROR(__xludf.DUMMYFUNCTION("""COMPUTED_VALUE"""),450000.0) -> 450000 | Y91: =IFERROR(__xludf.DUMMYFUNCTION("""COMPUTED_VALUE"""),450000.0) -> 450000 | Z91: =IFERROR(__xludf.DUMMYFUNCTION("""COMPUTED_VALUE"""),450000.0) -> 450000 | AB91: =IFERROR(__xludf.DUMMYFUNCTION("""COMPUTED_VALUE"""),500000.0) -> 500000 | AP91: =IFERROR(__xludf.DUMMYFUNCTION("""COMPUTED_VALUE"""),500000.0) -> 500000 | BC91: =IFERROR(__xludf.DUMMYFUNCTION("""COMPUTED_VALUE"""),1350000.0) -> 1350000 | BD91: =IFERROR(__xludf.DUMMYFUNCTION("""COMPUTED_VALUE"""),1000000.0) -> 1000000 | BE91: =IFERROR(__xludf.DUMMYFUNCTION("""COMPUTED_VALUE"""),0.0) -> 0 | BF91: =IFERROR(__xludf.DUMMYFUNCTION("""COMPUTED_VALUE"""),2350000.0) -> 2350000
A92: =IFERROR(__xludf.DUMMYFUNCTION("""COMPUTED_VALUE"""),91.0) -> 91 | B92: =IFERROR(__xludf.DUMMYFUNCTION("""COMPUTED_VALUE"""),"MUHAMMAD ZIDAN SAPUTRA") -> MUHAMMAD ZIDAN SAPUTRA | C92: =IFERROR(__xludf.DUMMYFUNCTION("""COMPUTED_VALUE"""),2.025070577E9) -> 2025070577 | D92: =IFERROR(__xludf.DUMMYFUNCTION("""COMPUTED_VALUE"""),"MOH. JAINI") -> MOH. JAINI | E92: =IFERROR(__xludf.DUMMYFUNCTION("""COMPUTED_VALUE"""),"NUR HIDAYATI") -> NUR HIDAYATI | F92: =IFERROR(__xludf.DUMMYFUNCTION("""COMPUTED_VALUE"""),"BUTOREJO SIDOGEMBUL RT 002 RW 001 SUKODADI LAMONGAN") -> BUTOREJO SIDOGEMBUL RT 002 RW 001 SUKODADI LAMONGAN | G92: =IFERROR(__xludf.DUMMYFUNCTION("""COMPUTED_VALUE"""),"MTS-8 E") -> MTS-8 E | H92: =IFERROR(__xludf.DUMMYFUNCTION("""COMPUTED_VALUE"""),"A") -> A | I92: =IFERROR(__xludf.DUMMYFUNCTION("""COMPUTED_VALUE"""),"A-1") -> A-1 | J92: =IFERROR(__xludf.DUMMYFUNCTION("""COMPUTED_VALUE"""),2.0) -> 2 | K92: =IFERROR(__xludf.DUMMYFUNCTION("""COMPUTED_VALUE"""),"2 ULA B PUTRA") -> 2 ULA B PUTRA | L92: =IFERROR(__xludf.DUMMYFUNCTION("""COMPUTED_VALUE"""),"6281283671417") -> 6281283671417 | AP92: =IFERROR(__xludf.DUMMYFUNCTION("""COMPUTED_VALUE"""),500000.0) -> 500000 | BC92: =IFERROR(__xludf.DUMMYFUNCTION("""COMPUTED_VALUE"""),0.0) -> 0 | BD92: =IFERROR(__xludf.DUMMYFUNCTION("""COMPUTED_VALUE"""),500000.0) -> 500000 | BE92: =IFERROR(__xludf.DUMMYFUNCTION("""COMPUTED_VALUE"""),0.0) -> 0 | BF92: =IFERROR(__xludf.DUMMYFUNCTION("""COMPUTED_VALUE"""),500000.0) -> 500000
A93: =IFERROR(__xludf.DUMMYFUNCTION("""COMPUTED_VALUE"""),92.0) -> 92 | B93: =IFERROR(__xludf.DUMMYFUNCTION("""COMPUTED_VALUE"""),"NAUFAL SEBASTIAN ZUHDI") -> NAUFAL SEBASTIAN ZUHDI | C93: =IFERROR(__xludf.DUMMYFUNCTION("""COMPUTED_VALUE"""),2.025070576E9) -> 2025070576 | D93: =IFERROR(__xludf.DUMMYFUNCTION("""COMPUTED_VALUE"""),"NURUL ZUHDI") -> NURUL ZUHDI | E93: =IFERROR(__xludf.DUMMYFUNCTION("""COMPUTED_VALUE"""),"IKE YUSTIN DEVIA") -> IKE YUSTIN DEVIA | F93: =IFERROR(__xludf.DUMMYFUNCTION("""COMPUTED_VALUE"""),"DADAPAN RT 003 RW 002 SOLOKURO LAMONGAN") -> DADAPAN RT 003 RW 002 SOLOKURO LAMONGAN | G93: =IFERROR(__xludf.DUMMYFUNCTION("""COMPUTED_VALUE"""),"MTS-8 E") -> MTS-8 E | H93: =IFERROR(__xludf.DUMMYFUNCTION("""COMPUTED_VALUE"""),"A") -> A | I93: =IFERROR(__xludf.DUMMYFUNCTION("""COMPUTED_VALUE"""),"A-3") -> A-3 | J93: =IFERROR(__xludf.DUMMYFUNCTION("""COMPUTED_VALUE"""),2.0) -> 2 | K93: =IFERROR(__xludf.DUMMYFUNCTION("""COMPUTED_VALUE"""),"2 ULA B PUTRA") -> 2 ULA B PUTRA | L93: =IFERROR(__xludf.DUMMYFUNCTION("""COMPUTED_VALUE"""),"6285933222243") -> 6285933222243 | AB93: =IFERROR(__xludf.DUMMYFUNCTION("""COMPUTED_VALUE"""),500000.0) -> 500000 | AP93: =IFERROR(__xludf.DUMMYFUNCTION("""COMPUTED_VALUE"""),500000.0) -> 500000 | BC93: =IFERROR(__xludf.DUMMYFUNCTION("""COMPUTED_VALUE"""),0.0) -> 0 | BD93: =IFERROR(__xludf.DUMMYFUNCTION("""COMPUTED_VALUE"""),1000000.0) -> 1000000 | BE93: =IFERROR(__xludf.DUMMYFUNCTION("""COMPUTED_VALUE"""),0.0) -> 0 | BF93: =IFERROR(__xludf.DUMMYFUNCTION("""COMPUTED_VALUE"""),1000000.0) -> 1000000
A94: =IFERROR(__xludf.DUMMYFUNCTION("""COMPUTED_VALUE"""),93.0) -> 93 | B94: =IFERROR(__xludf.DUMMYFUNCTION("""COMPUTED_VALUE"""),"PUTRADANA ABDY ASY`ARY") -> PUTRADANA ABDY ASY`ARY | C94: =IFERROR(__xludf.DUMMYFUNCTION("""COMPUTED_VALUE"""),2.025070608E9) -> 2025070608 | D94: =IFERROR(__xludf.DUMMYFUNCTION("""COMPUTED_VALUE"""),"KHASUN NIDLOM ASY`ARY") -> KHASUN NIDLOM ASY`ARY | E94: =IFERROR(__xludf.DUMMYFUNCTION("""COMPUTED_VALUE"""),"KHOLIFATUL MA`RIFAH") -> KHOLIFATUL MA`RIFAH | F94: =IFERROR(__xludf.DUMMYFUNCTION("""COMPUTED_VALUE"""),"KULURAN RT 004 RW 002 KALITENGAH LAMONGAN") -> KULURAN RT 004 RW 002 KALITENGAH LAMONGAN | G94: =IFERROR(__xludf.DUMMYFUNCTION("""COMPUTED_VALUE"""),"MTS-8 F") -> MTS-8 F | H94: =IFERROR(__xludf.DUMMYFUNCTION("""COMPUTED_VALUE"""),"A") -> A | I94: =IFERROR(__xludf.DUMMYFUNCTION("""COMPUTED_VALUE"""),"A-1") -> A-1 | J94: =IFERROR(__xludf.DUMMYFUNCTION("""COMPUTED_VALUE"""),2.0) -> 2 | K94: =IFERROR(__xludf.DUMMYFUNCTION("""COMPUTED_VALUE"""),"2 ULA B PUTRA") -> 2 ULA B PUTRA | L94: =IFERROR(__xludf.DUMMYFUNCTION("""COMPUTED_VALUE"""),"6285790574521") -> 6285790574521 | Z94: =IFERROR(__xludf.DUMMYFUNCTION("""COMPUTED_VALUE"""),450000.0) -> 450000 | AB94: =IFERROR(__xludf.DUMMYFUNCTION("""COMPUTED_VALUE"""),500000.0) -> 500000 | AP94: =IFERROR(__xludf.DUMMYFUNCTION("""COMPUTED_VALUE"""),500000.0) -> 500000 | BB94: =IFERROR(__xludf.DUMMYFUNCTION("""COMPUTED_VALUE""")," "&" ") | BC94: =IFERROR(__xludf.DUMMYFUNCTION("""COMPUTED_VALUE"""),450000.0) -> 450000 | BD94: =IFERROR(__xludf.DUMMYFUNCTION("""COMPUTED_VALUE"""),1000000.0) -> 1000000 | BE94: =IFERROR(__xludf.DUMMYFUNCTION("""COMPUTED_VALUE"""),0.0) -> 0 | BF94: =IFERROR(__xludf.DUMMYFUNCTION("""COMPUTED_VALUE"""),1450000.0) -> 1450000
A95: =IFERROR(__xludf.DUMMYFUNCTION("""COMPUTED_VALUE"""),94.0) -> 94 | B95: =IFERROR(__xludf.DUMMYFUNCTION("""COMPUTED_VALUE"""),"RADITYA GUNA ATMAJA") -> RADITYA GUNA ATMAJA | C95: =IFERROR(__xludf.DUMMYFUNCTION("""COMPUTED_VALUE"""),2.025070014E9) -> 2025070014 | D95: =IFERROR(__xludf.DUMMYFUNCTION("""COMPUTED_VALUE"""),"NIFUD ROBUL MASUD") -> NIFUD ROBUL MASUD | E95: =IFERROR(__xludf.DUMMYFUNCTION("""COMPUTED_VALUE"""),"SUIRAWATI") -> SUIRAWATI | F95: =IFERROR(__xludf.DUMMYFUNCTION("""COMPUTED_VALUE"""),"WIDHE SENDANGHARJO RT 014 RW 002 BRONDONG LAMONGAN") -> WIDHE SENDANGHARJO RT 014 RW 002 BRONDONG LAMONGAN | G95: =IFERROR(__xludf.DUMMYFUNCTION("""COMPUTED_VALUE"""),"MA-XI.4") -> MA-XI.4 | H95: =IFERROR(__xludf.DUMMYFUNCTION("""COMPUTED_VALUE"""),"A") -> A | I95: =IFERROR(__xludf.DUMMYFUNCTION("""COMPUTED_VALUE"""),"A-4") -> A-4 | J95: =IFERROR(__xludf.DUMMYFUNCTION("""COMPUTED_VALUE"""),2.0) -> 2 | K95: =IFERROR(__xludf.DUMMYFUNCTION("""COMPUTED_VALUE"""),"2 WUSTHO B PUTRA") -> 2 WUSTHO B PUTRA | L95: =IFERROR(__xludf.DUMMYFUNCTION("""COMPUTED_VALUE"""),"6285708380208") -> 6285708380208 | U95: =IFERROR(__xludf.DUMMYFUNCTION("""COMPUTED_VALUE"""),450000.0) -> 450000 | V95: =IFERROR(__xludf.DUMMYFUNCTION("""COMPUTED_VALUE"""),450000.0) -> 450000 | W95: =IFERROR(__xludf.DUMMYFUNCTION("""COMPUTED_VALUE"""),450000.0) -> 450000 | X95: =IFERROR(__xludf.DUMMYFUNCTION("""COMPUTED_VALUE"""),450000.0) -> 450000 | Y95: =IFERROR(__xludf.DUMMYFUNCTION("""COMPUTED_VALUE"""),450000.0) -> 450000 | Z95: =IFERROR(__xludf.DUMMYFUNCTION("""COMPUTED_VALUE"""),450000.0) -> 450000 | BC95: =IFERROR(__xludf.DUMMYFUNCTION("""COMPUTED_VALUE"""),2700000.0) -> 2700000 | BD95: =IFERROR(__xludf.DUMMYFUNCTION("""COMPUTED_VALUE"""),0.0) -> 0 | BE95: =IFERROR(__xludf.DUMMYFUNCTION("""COMPUTED_VALUE"""),0.0) -> 0 | BF95: =IFERROR(__xludf.DUMMYFUNCTION("""COMPUTED_VALUE"""),2700000.0) -> 2700000
A96: =IFERROR(__xludf.DUMMYFUNCTION("""COMPUTED_VALUE"""),95.0) -> 95 | B96: =IFERROR(__xludf.DUMMYFUNCTION("""COMPUTED_VALUE"""),"RAIHAN AUFAR ALDIVA ARSYIL") -> RAIHAN AUFAR ALDIVA ARSYIL | C96: =IFERROR(__xludf.DUMMYFUNCTION("""COMPUTED_VALUE"""),2.025070537E9) -> 2025070537 | D96: =IFERROR(__xludf.DUMMYFUNCTION("""COMPUTED_VALUE"""),"SUKARSONO") -> SUKARSONO | E96: =IFERROR(__xludf.DUMMYFUNCTION("""COMPUTED_VALUE"""),"NANIK ERMAWATI") -> NANIK ERMAWATI | F96: =IFERROR(__xludf.DUMMYFUNCTION("""COMPUTED_VALUE"""),"NGUJUNG NGUJUNGREJO RT 001 RW 001 TURI LAMONGAN") -> NGUJUNG NGUJUNGREJO RT 001 RW 001 TURI LAMONGAN | G96: =IFERROR(__xludf.DUMMYFUNCTION("""COMPUTED_VALUE"""),"MTS-8 G") -> MTS-8 G | H96: =IFERROR(__xludf.DUMMYFUNCTION("""COMPUTED_VALUE"""),"A") -> A | I96: =IFERROR(__xludf.DUMMYFUNCTION("""COMPUTED_VALUE"""),"A-3") -> A-3 | J96: =IFERROR(__xludf.DUMMYFUNCTION("""COMPUTED_VALUE"""),2.0) -> 2 | K96: =IFERROR(__xludf.DUMMYFUNCTION("""COMPUTED_VALUE"""),"2 ULA B PUTRA") -> 2 ULA B PUTRA | L96: =IFERROR(__xludf.DUMMYFUNCTION("""COMPUTED_VALUE"""),"6285708809822") -> 6285708809822 | AB96: =IFERROR(__xludf.DUMMYFUNCTION("""COMPUTED_VALUE"""),500000.0) -> 500000 | AP96: =IFERROR(__xludf.DUMMYFUNCTION("""COMPUTED_VALUE"""),500000.0) -> 500000 | BC96: =IFERROR(__xludf.DUMMYFUNCTION("""COMPUTED_VALUE"""),0.0) -> 0 | BD96: =IFERROR(__xludf.DUMMYFUNCTION("""COMPUTED_VALUE"""),1000000.0) -> 1000000 | BE96: =IFERROR(__xludf.DUMMYFUNCTION("""COMPUTED_VALUE"""),0.0) -> 0 | BF96: =IFERROR(__xludf.DUMMYFUNCTION("""COMPUTED_VALUE"""),1000000.0) -> 1000000
A97: =IFERROR(__xludf.DUMMYFUNCTION("""COMPUTED_VALUE"""),96.0) -> 96 | B97: =IFERROR(__xludf.DUMMYFUNCTION("""COMPUTED_VALUE"""),"RAIHAN MAWARDI PUTRA ZAINAL") -> RAIHAN MAWARDI PUTRA ZAINAL | C97: =IFERROR(__xludf.DUMMYFUNCTION("""COMPUTED_VALUE"""),2.025070505E9) -> 2025070505 | D97: =IFERROR(__xludf.DUMMYFUNCTION("""COMPUTED_VALUE"""),"ZAINAL ARIF") -> ZAINAL ARIF | E97: =IFERROR(__xludf.DUMMYFUNCTION("""COMPUTED_VALUE"""),"SANTY KUMALA SARY") -> SANTY KUMALA SARY | F97: =IFERROR(__xludf.DUMMYFUNCTION("""COMPUTED_VALUE"""),"BADAN BOGOBABADAN RT 001 RW 004 KARANGBINANGUN LAMONGAN") -> BADAN BOGOBABADAN RT 001 RW 004 KARANGBINANGUN LAMONGAN | G97: =IFERROR(__xludf.DUMMYFUNCTION("""COMPUTED_VALUE"""),"MTS-8 B") -> MTS-8 B | H97: =IFERROR(__xludf.DUMMYFUNCTION("""COMPUTED_VALUE"""),"A") -> A | I97: =IFERROR(__xludf.DUMMYFUNCTION("""COMPUTED_VALUE"""),"A-13") -> A-13 | J97: =IFERROR(__xludf.DUMMYFUNCTION("""COMPUTED_VALUE"""),2.0) -> 2 | K97: =IFERROR(__xludf.DUMMYFUNCTION("""COMPUTED_VALUE"""),"ULA") -> ULA | L97: =IFERROR(__xludf.DUMMYFUNCTION("""COMPUTED_VALUE"""),"6285655897293") -> 6285655897293 | Z97: =IFERROR(__xludf.DUMMYFUNCTION("""COMPUTED_VALUE"""),450000.0) -> 450000 | AB97: =IFERROR(__xludf.DUMMYFUNCTION("""COMPUTED_VALUE"""),500000.0) -> 500000 | AP97: =IFERROR(__xludf.DUMMYFUNCTION("""COMPUTED_VALUE"""),500000.0) -> 500000 | BC97: =IFERROR(__xludf.DUMMYFUNCTION("""COMPUTED_VALUE"""),450000.0) -> 450000 | BD97: =IFERROR(__xludf.DUMMYFUNCTION("""COMPUTED_VALUE"""),1000000.0) -> 1000000 | BE97: =IFERROR(__xludf.DUMMYFUNCTION("""COMPUTED_VALUE"""),0.0) -> 0 | BF97: =IFERROR(__xludf.DUMMYFUNCTION("""COMPUTED_VALUE"""),1450000.0) -> 1450000
A98: =IFERROR(__xludf.DUMMYFUNCTION("""COMPUTED_VALUE"""),97.0) -> 97 | B98: =IFERROR(__xludf.DUMMYFUNCTION("""COMPUTED_VALUE"""),"RAMANDA ALKATIRI PRINCE MUIS") -> RAMANDA ALKATIRI PRINCE MUIS | C98: =IFERROR(__xludf.DUMMYFUNCTION("""COMPUTED_VALUE"""),2.025070369E9) -> 2025070369 | D98: =IFERROR(__xludf.DUMMYFUNCTION("""COMPUTED_VALUE"""),"ABD. MUIS") -> ABD. MUIS | E98: =IFERROR(__xludf.DUMMYFUNCTION("""COMPUTED_VALUE"""),"RATNA SYARIYANI") -> RATNA SYARIYANI | F98: =IFERROR(__xludf.DUMMYFUNCTION("""COMPUTED_VALUE"""),"TAMAN BUKIT SARI VIP II BLOK J NO 9 GRAHA INDAH RT 025 RW 000 BALIKPAPAN UTARA BALIKPAPAN") -> TAMAN BUKIT SARI VIP II BLOK J NO 9 GRAHA INDAH RT 025 RW 000 BALIKPAPAN UTARA BALIKPAPAN | G98: =IFERROR(__xludf.DUMMYFUNCTION("""COMPUTED_VALUE"""),"MA-XI.2") -> MA-XI.2 | H98: =IFERROR(__xludf.DUMMYFUNCTION("""COMPUTED_VALUE"""),"A") -> A | I98: =IFERROR(__xludf.DUMMYFUNCTION("""COMPUTED_VALUE"""),"A-4") -> A-4 | J98: =IFERROR(__xludf.DUMMYFUNCTION("""COMPUTED_VALUE"""),2.0) -> 2 | K98: =IFERROR(__xludf.DUMMYFUNCTION("""COMPUTED_VALUE"""),"2 WUSTHO B PUTRA") -> 2 WUSTHO B PUTRA | L98: =IFERROR(__xludf.DUMMYFUNCTION("""COMPUTED_VALUE"""),"6281520481213") -> 6281520481213 | AB98: =IFERROR(__xludf.DUMMYFUNCTION("""COMPUTED_VALUE"""),500000.0) -> 500000 | AP98: =IFERROR(__xludf.DUMMYFUNCTION("""COMPUTED_VALUE"""),500000.0) -> 500000 | BC98: =IFERROR(__xludf.DUMMYFUNCTION("""COMPUTED_VALUE"""),0.0) -> 0 | BD98: =IFERROR(__xludf.DUMMYFUNCTION("""COMPUTED_VALUE"""),1000000.0) -> 1000000 | BE98: =IFERROR(__xludf.DUMMYFUNCTION("""COMPUTED_VALUE"""),0.0) -> 0 | BF98: =IFERROR(__xludf.DUMMYFUNCTION("""COMPUTED_VALUE"""),1000000.0) -> 1000000
A99: =IFERROR(__xludf.DUMMYFUNCTION("""COMPUTED_VALUE"""),98.0) -> 98 | B99: =IFERROR(__xludf.DUMMYFUNCTION("""COMPUTED_VALUE"""),"RYAN ARDHIYANSYAH EKA SAPUTRA") -> RYAN ARDHIYANSYAH EKA SAPUTRA | C99: =IFERROR(__xludf.DUMMYFUNCTION("""COMPUTED_VALUE"""),2.025070185E9) -> 2025070185 | D99: =IFERROR(__xludf.DUMMYFUNCTION("""COMPUTED_VALUE"""),"GUNTUR SUPRIYANTO") -> GUNTUR SUPRIYANTO | E99: =IFERROR(__xludf.DUMMYFUNCTION("""COMPUTED_VALUE"""),"RANIK FURI RAHAYUNINGSIH") -> RANIK FURI RAHAYUNINGSIH | F99: =IFERROR(__xludf.DUMMYFUNCTION("""COMPUTED_VALUE"""),"MULYOREJO SELATAN II NO. 24 BELAKANG RT 002 RW 004 MULYOREJO SURABAYA") -> MULYOREJO SELATAN II NO. 24 BELAKANG RT 002 RW 004 MULYOREJO SURABAYA | G99: =IFERROR(__xludf.DUMMYFUNCTION("""COMPUTED_VALUE"""),"MA-XI.6") -> MA-XI.6 | H99: =IFERROR(__xludf.DUMMYFUNCTION("""COMPUTED_VALUE"""),"A") -> A | I99: =IFERROR(__xludf.DUMMYFUNCTION("""COMPUTED_VALUE"""),"A-9") -> A-9 | J99: =IFERROR(__xludf.DUMMYFUNCTION("""COMPUTED_VALUE"""),2.0) -> 2 | K99: =IFERROR(__xludf.DUMMYFUNCTION("""COMPUTED_VALUE"""),"2 WUSTHO B PUTRA") -> 2 WUSTHO B PUTRA | L99: =IFERROR(__xludf.DUMMYFUNCTION("""COMPUTED_VALUE"""),"6282250540860") -> 6282250540860 | U99: =IFERROR(__xludf.DUMMYFUNCTION("""COMPUTED_VALUE"""),450000.0) -> 450000 | V99: =IFERROR(__xludf.DUMMYFUNCTION("""COMPUTED_VALUE"""),450000.0) -> 450000 | W99: =IFERROR(__xludf.DUMMYFUNCTION("""COMPUTED_VALUE"""),450000.0) -> 450000 | X99: =IFERROR(__xludf.DUMMYFUNCTION("""COMPUTED_VALUE"""),450000.0) -> 450000 | Y99: =IFERROR(__xludf.DUMMYFUNCTION("""COMPUTED_VALUE"""),450000.0) -> 450000 | Z99: =IFERROR(__xludf.DUMMYFUNCTION("""COMPUTED_VALUE"""),450000.0) -> 450000 | BC99: =IFERROR(__xludf.DUMMYFUNCTION("""COMPUTED_VALUE"""),2700000.0) -> 2700000 | BD99: =IFERROR(__xludf.DUMMYFUNCTION("""COMPUTED_VALUE"""),0.0) -> 0 | BE99: =IFERROR(__xludf.DUMMYFUNCTION("""COMPUTED_VALUE"""),0.0) -> 0 | BF99: =IFERROR(__xludf.DUMMYFUNCTION("""COMPUTED_VALUE"""),2700000.0) -> 2700000
A100: =IFERROR(__xludf.DUMMYFUNCTION("""COMPUTED_VALUE"""),99.0) -> 99 | B100: =IFERROR(__xludf.DUMMYFUNCTION("""COMPUTED_VALUE"""),"SA`ID AQIL AL MURTADLA") -> SA`ID AQIL AL MURTADLA | C100: =IFERROR(__xludf.DUMMYFUNCTION("""COMPUTED_VALUE"""),2.025070294E9) -> 2025070294 | D100: =IFERROR(__xludf.DUMMYFUNCTION("""COMPUTED_VALUE"""),"MOH. ALI MURTADLO") -> MOH. ALI MURTADLO | E100: =IFERROR(__xludf.DUMMYFUNCTION("""COMPUTED_VALUE"""),"NUR MA`RIFATUN") -> NUR MA`RIFATUN | F100: =IFERROR(__xludf.DUMMYFUNCTION("""COMPUTED_VALUE"""),"SIDOMUKTI RT 010 RW 003 KEMBANGBAHU LAMONGAN") -> SIDOMUKTI RT 010 RW 003 KEMBANGBAHU LAMONGAN | G100: =IFERROR(__xludf.DUMMYFUNCTION("""COMPUTED_VALUE"""),"MA-XI.5") -> MA-XI.5 | H100: =IFERROR(__xludf.DUMMYFUNCTION("""COMPUTED_VALUE"""),"A") -> A | I100: =IFERROR(__xludf.DUMMYFUNCTION("""COMPUTED_VALUE"""),"A-4") -> A-4 | J100: =IFERROR(__xludf.DUMMYFUNCTION("""COMPUTED_VALUE"""),2.0) -> 2 | K100: =IFERROR(__xludf.DUMMYFUNCTION("""COMPUTED_VALUE"""),"2 WUSTHO B PUTRA") -> 2 WUSTHO B PUTRA | L100: =IFERROR(__xludf.DUMMYFUNCTION("""COMPUTED_VALUE"""),"6285730837888") -> 6285730837888 | AB100: =IFERROR(__xludf.DUMMYFUNCTION("""COMPUTED_VALUE"""),500000.0) -> 500000 | AP100: =IFERROR(__xludf.DUMMYFUNCTION("""COMPUTED_VALUE"""),500000.0) -> 500000 | BC100: =IFERROR(__xludf.DUMMYFUNCTION("""COMPUTED_VALUE"""),0.0) -> 0 | BD100: =IFERROR(__xludf.DUMMYFUNCTION("""COMPUTED_VALUE"""),1000000.0) -> 1000000 | BE100: =IFERROR(__xludf.DUMMYFUNCTION("""COMPUTED_VALUE"""),0.0) -> 0 | BF100: =IFERROR(__xludf.DUMMYFUNCTION("""COMPUTED_VALUE"""),1000000.0) -> 1000000
...

Sheet import3
A1: =IFERROR(__xludf.DUMMYFUNCTION("IMPORTRANGE(""1r--qa2i5jCx8YeQ_mLlUrqLRTQh7y-fik2wTdRKBimk/edit?gid=700634828#gid=700634828"",""KELAS III!A2:BF750"")"),"NO") -> NO | B1: =IFERROR(__xludf.DUMMYFUNCTION("""COMPUTED_VALUE"""),"NAMA") -> NAMA | C1: =IFERROR(__xludf.DUMMYFUNCTION("""COMPUTED_VALUE"""),"NIS") -> NIS | D1: =IFERROR(__xludf.DUMMYFUNCTION("""COMPUTED_VALUE"""),"AYAH") -> AYAH | E1: =IFERROR(__xludf.DUMMYFUNCTION("""COMPUTED_VALUE"""),"IBU") -> IBU | F1: =IFERROR(__xludf.DUMMYFUNCTION("""COMPUTED_VALUE"""),"ALAMAT") -> ALAMAT | G1: =IFERROR(__xludf.DUMMYFUNCTION("""COMPUTED_VALUE"""),"SEKOLAH") -> SEKOLAH | H1: =IFERROR(__xludf.DUMMYFUNCTION("""COMPUTED_VALUE"""),"ASRAMA") -> ASRAMA | I1: =IFERROR(__xludf.DUMMYFUNCTION("""COMPUTED_VALUE"""),"KAMAR") -> KAMAR | J1: =IFERROR(__xludf.DUMMYFUNCTION("""COMPUTED_VALUE"""),"TINGKAT") -> TINGKAT | K1: =IFERROR(__xludf.DUMMYFUNCTION("""COMPUTED_VALUE"""),"MADRASIAH") -> MADRASIAH | L1: =IFERROR(__xludf.DUMMYFUNCTION("""COMPUTED_VALUE"""),"HP") -> HP | M1: =IFERROR(__xludf.DUMMYFUNCTION("""COMPUTED_VALUE"""),"JARIYAH I") -> JARIYAH I | N1: =IFERROR(__xludf.DUMMYFUNCTION("""COMPUTED_VALUE"""),"DANA KEGIATAN") -> DANA KEGIATAN | O1: =IFERROR(__xludf.DUMMYFUNCTION("""COMPUTED_VALUE"""),7.0) -> 7 | P1: =IFERROR(__xludf.DUMMYFUNCTION("""COMPUTED_VALUE"""),8.0) -> 8 | Q1: =IFERROR(__xludf.DUMMYFUNCTION("""COMPUTED_VALUE"""),9.0) -> 9 | R1: =IFERROR(__xludf.DUMMYFUNCTION("""COMPUTED_VALUE"""),10.0) -> 10 | S1: =IFERROR(__xludf.DUMMYFUNCTION("""COMPUTED_VALUE"""),11.0) -> 11 | T1: =IFERROR(__xludf.DUMMYFUNCTION("""COMPUTED_VALUE"""),12.0) -> 12 | U1: =IFERROR(__xludf.DUMMYFUNCTION("""COMPUTED_VALUE"""),1.0) -> 1 | V1: =IFERROR(__xludf.DUMMYFUNCTION("""COMPUTED_VALUE"""),2.0) -> 2 | W1: =IFERROR(__xludf.DUMMYFUNCTION("""COMPUTED_VALUE"""),3.0) -> 3 | X1: =IFERROR(__xludf.DUMMYFUNCTION("""COMPUTED_VALUE"""),4.0) -> 4 | Y1: =IFERROR(__xludf.DUMMYFUNCTION("""COMPUTED_VALUE"""),5.0) -> 5 | Z1: =IFERROR(__xludf.DUMMYFUNCTION("""COMPUTED_VALUE"""),6.0) -> 6 | AA1: =IFERROR(__xludf.DUMMYFUNCTION("""COMPUTED_VALUE"""),"DAFTAR ULANG KELAS II") -> DAFTAR ULANG KELAS II | AB1: =IFERROR(__xludf.DUMMYFUNCTION("""COMPUTED_VALUE"""),"JARIYAH II") -> JARIYAH II | AC1: =IFERROR(__xludf.DUMMYFUNCTION("""COMPUTED_VALUE"""),7.0) -> 7 | AD1: =IFERROR(__xludf.DUMMYFUNCTION("""COMPUTED_VALUE"""),8.0) -> 8 | AE1: =IFERROR(__xludf.DUMMYFUNCTION("""COMPUTED_VALUE"""),9.0) -> 9 | AF1: =IFERROR(__xludf.DUMMYFUNCTION("""COMPUTED_VALUE"""),10.0) -> 10 | AG1: =IFERROR(__xludf.DUMMYFUNCTION("""COMPUTED_VALUE"""),11.0) -> 11 | AH1: =IFERROR(__xludf.DUMMYFUNCTION("""COMPUTED_VALUE"""),12.0) -> 12 | AI1: =IFERROR(__xludf.DUMMYFUNCTION("""COMPUTED_VALUE"""),1.0) -> 1 | AJ1: =IFERROR(__xludf.DUMMYFUNCTION("""COMPUTED_VALUE"""),2.0) -> 2 | AK1: =IFERROR(__xludf.DUMMYFUNCTION("""COMPUTED_VALUE"""),3.0) -> 3 | AL1: =IFERROR(__xludf.DUMMYFUNCTION("""COMPUTED_VALUE"""),4.0) -> 4 | AM1: =IFERROR(__xludf.DUMMYFUNCTION("""COMPUTED_VALUE"""),5.0) -> 5 | AN1: =IFERROR(__xludf.DUMMYFUNCTION("""COMPUTED_VALUE"""),6.0) -> 6 | AO1: =IFERROR(__xludf.DUMMYFUNCTION("""COMPUTED_VALUE"""),"DAFTAR ULANG KELAS III") -> DAFTAR ULANG KELAS III | AP1: =IFERROR(__xludf.DUMMYFUNCTION("""COMPUTED_VALUE"""),"JARIYAH III") -> JARIYAH III | AQ1: =IFERROR(__xludf.DUMMYFUNCTION("""COMPUTED_VALUE"""),7.0) -> 7 | AR1: =IFERROR(__xludf.DUMMYFUNCTION("""COMPUTED_VALUE"""),8.0) -> 8 | AS1: =IFERROR(__xludf.DUMMYFUNCTION("""COMPUTED_VALUE"""),9.0) -> 9 | AT1: =IFERROR(__xludf.DUMMYFUNCTION("""COMPUTED_VALUE"""),10.0) -> 10 | AU1: =IFERROR(__xludf.DUMMYFUNCTION("""COMPUTED_VALUE"""),11.0) -> 11 | AV1: =IFERROR(__xludf.DUMMYFUNCTION("""COMPUTED_VALUE"""),12.0) -> 12 | AW1: =IFERROR(__xludf.DUMMYFUNCTION("""COMPUTED_VALUE"""),1.0) -> 1 | AX1: =IFERROR(__xludf.DUMMYFUNCTION("""COMPUTED_VALUE"""),2.0) -> 2 | AY1: =IFERROR(__xludf.DUMMYFUNCTION("""COMPUTED_VALUE"""),3.0) -> 3 | AZ1: =IFERROR(__xludf.DUMMYFUNCTION("""COMPUTED_VALUE"""),4.0) -> 4 | BA1: =IFERROR(__xludf.DUMMYFUNCTION("""COMPUTED_VALUE"""),5.0) -> 5 | BB1: =IFERROR(__xludf.DUMMYFUNCTION("""COMPUTED_VALUE"""),6.0) -> 6 | BC1: =IFERROR(__xludf.DUMMYFUNCTION("""COMPUTED_VALUE"""),"JUMLAH SYAHRIYAH") -> JUMLAH SYAHRIYAH | BD1: =IFERROR(__xludf.DUMMYFUNCTION("""COMPUTED_VALUE"""),"JUMLAH JARIYAH") -> JUMLAH JARIYAH | BE1: =IFERROR(__xludf.DUMMYFUNCTION("""COMPUTED_VALUE"""),"JUMLAH DAFTAR ULANG") -> JUMLAH DAFTAR ULANG | BF1: =IFERROR(__xludf.DUMMYFUNCTION("""COMPUTED_VALUE"""),"JUMLAH TOTAL TUNGGAKAN") -> JUMLAH TOTAL TUNGGAKAN
A2: =IFERROR(__xludf.DUMMYFUNCTION("""COMPUTED_VALUE"""),1.0) -> 1 | B2: =IFERROR(__xludf.DUMMYFUNCTION("""COMPUTED_VALUE"""),"AHMAD AZKA ALFIKRI") -> AHMAD AZKA ALFIKRI | C2: =IFERROR(__xludf.DUMMYFUNCTION("""COMPUTED_VALUE"""),2.024070554E9) -> 2024070554 | D2: =IFERROR(__xludf.DUMMYFUNCTION("""COMPUTED_VALUE"""),"AGUS DIDIK ERMANU") -> AGUS DIDIK ERMANU | E2: =IFERROR(__xludf.DUMMYFUNCTION("""COMPUTED_VALUE"""),"MASRUAH") -> MASRUAH | F2: =IFERROR(__xludf.DUMMYFUNCTION("""COMPUTED_VALUE"""),"LASEM RT 001 RW 001 SIDAYU GRESIK") -> LASEM RT 001 RW 001 SIDAYU GRESIK | G2: =IFERROR(__xludf.DUMMYFUNCTION("""COMPUTED_VALUE"""),"MTS-9 E") -> MTS-9 E | H2: =IFERROR(__xludf.DUMMYFUNCTION("""COMPUTED_VALUE"""),"A") -> A | I2: =IFERROR(__xludf.DUMMYFUNCTION("""COMPUTED_VALUE"""),"A-7") -> A-7 | J2: =IFERROR(__xludf.DUMMYFUNCTION("""COMPUTED_VALUE"""),3.0) -> 3 | K2: =IFERROR(__xludf.DUMMYFUNCTION("""COMPUTED_VALUE"""),"3 ULA B PUTRA") -> 3 ULA B PUTRA | L2: =IFERROR(__xludf.DUMMYFUNCTION("""COMPUTED_VALUE"""),"6285645389910") -> 6285645389910 | BC2: =IFERROR(__xludf.DUMMYFUNCTION("""COMPUTED_VALUE"""),0.0) -> 0 | BD2: =IFERROR(__xludf.DUMMYFUNCTION("""COMPUTED_VALUE"""),0.0) -> 0 | BE2: =IFERROR(__xludf.DUMMYFUNCTION("""COMPUTED_VALUE"""),0.0) -> 0 | BF2: =IFERROR(__xludf.DUMMYFUNCTION("""COMPUTED_VALUE"""),0.0) -> 0
A3: =IFERROR(__xludf.DUMMYFUNCTION("""COMPUTED_VALUE"""),2.0) -> 2 | B3: =IFERROR(__xludf.DUMMYFUNCTION("""COMPUTED_VALUE"""),"AHMAD BAHRUL FITRONI") -> AHMAD BAHRUL FITRONI | C3: =IFERROR(__xludf.DUMMYFUNCTION("""COMPUTED_VALUE"""),2.024070534E9) -> 2024070534 | D3: =IFERROR(__xludf.DUMMYFUNCTION("""COMPUTED_VALUE"""),"ILYAS") -> ILYAS | E3: =IFERROR(__xludf.DUMMYFUNCTION("""COMPUTED_VALUE"""),"SRI MULYATI") -> SRI MULYATI | F3: =IFERROR(__xludf.DUMMYFUNCTION("""COMPUTED_VALUE"""),"KEBET RT 005 RW 001 LAMONGAN LAMONGAN") -> KEBET RT 005 RW 001 LAMONGAN LAMONGAN | G3: =IFERROR(__xludf.DUMMYFUNCTION("""COMPUTED_VALUE"""),"MTS-9 E") -> MTS-9 E | H3: =IFERROR(__xludf.DUMMYFUNCTION("""COMPUTED_VALUE"""),"A") -> A | I3: =IFERROR(__xludf.DUMMYFUNCTION("""COMPUTED_VALUE"""),"A-8") -> A-8 | J3: =IFERROR(__xludf.DUMMYFUNCTION("""COMPUTED_VALUE"""),3.0) -> 3 | K3: =IFERROR(__xludf.DUMMYFUNCTION("""COMPUTED_VALUE"""),"3 ULA B PUTRA") -> 3 ULA B PUTRA | L3: =IFERROR(__xludf.DUMMYFUNCTION("""COMPUTED_VALUE"""),"6285812677937") -> 6285812677937 | AP3: =IFERROR(__xludf.DUMMYFUNCTION("""COMPUTED_VALUE"""),500000.0) -> 500000 | BC3: =IFERROR(__xludf.DUMMYFUNCTION("""COMPUTED_VALUE"""),0.0) -> 0 | BD3: =IFERROR(__xludf.DUMMYFUNCTION("""COMPUTED_VALUE"""),500000.0) -> 500000 | BE3: =IFERROR(__xludf.DUMMYFUNCTION("""COMPUTED_VALUE"""),0.0) -> 0 | BF3: =IFERROR(__xludf.DUMMYFUNCTION("""COMPUTED_VALUE"""),500000.0) -> 500000
A4: =IFERROR(__xludf.DUMMYFUNCTION("""COMPUTED_VALUE"""),3.0) -> 3 | B4: =IFERROR(__xludf.DUMMYFUNCTION("""COMPUTED_VALUE"""),"AHMAD BAKER ADLAN") -> AHMAD BAKER ADLAN | C4: =IFERROR(__xludf.DUMMYFUNCTION("""COMPUTED_VALUE"""),2.02407065E9) -> 2024070650 | D4: =IFERROR(__xludf.DUMMYFUNCTION("""COMPUTED_VALUE"""),"EKO MIFTAHUL ANAM") -> EKO MIFTAHUL ANAM | E4: =IFERROR(__xludf.DUMMYFUNCTION("""COMPUTED_VALUE"""),"NOVRI YANTI") -> NOVRI YANTI | F4: =IFERROR(__xludf.DUMMYFUNCTION("""COMPUTED_VALUE"""),"DAGAN RT 003 RW 003 SOLOKURO LAMONGAN") -> DAGAN RT 003 RW 003 SOLOKURO LAMONGAN | G4: =IFERROR(__xludf.DUMMYFUNCTION("""COMPUTED_VALUE"""),"MTS-9 B") -> MTS-9 B | H4: =IFERROR(__xludf.DUMMYFUNCTION("""COMPUTED_VALUE"""),"A") -> A | I4: =IFERROR(__xludf.DUMMYFUNCTION("""COMPUTED_VALUE"""),"A-7") -> A-7 | J4: =IFERROR(__xludf.DUMMYFUNCTION("""COMPUTED_VALUE"""),3.0) -> 3 | K4: =IFERROR(__xludf.DUMMYFUNCTION("""COMPUTED_VALUE"""),"3 ULA A PUTRA") -> 3 ULA A PUTRA | L4: =IFERROR(__xludf.DUMMYFUNCTION("""COMPUTED_VALUE"""),"6285765987279") -> 6285765987279 | AB4: =IFERROR(__xludf.DUMMYFUNCTION("""COMPUTED_VALUE"""),500000.0) -> 500000 | AD4: =IFERROR(__xludf.DUMMYFUNCTION("""COMPUTED_VALUE"""),450000.0) -> 450000 | AE4: =IFERROR(__xludf.DUMMYFUNCTION("""COMPUTED_VALUE"""),450000.0) -> 450000 | AF4: =IFERROR(__xludf.DUMMYFUNCTION("""COMPUTED_VALUE"""),450000.0) -> 450000 | AG4: =IFERROR(__xludf.DUMMYFUNCTION("""COMPUTED_VALUE"""),450000.0) -> 450000 | AH4: =IFERROR(__xludf.DUMMYFUNCTION("""COMPUTED_VALUE"""),450000.0) -> 450000 | AI4: =IFERROR(__xludf.DUMMYFUNCTION("""COMPUTED_VALUE"""),450000.0) -> 450000 | AJ4: =IFERROR(__xludf.DUMMYFUNCTION("""COMPUTED_VALUE"""),450000.0) -> 450000 | AK4: =IFERROR(__xludf.DUMMYFUNCTION("""COMPUTED_VALUE"""),450000.0) -> 450000 | ... AN4: =IFERROR(__xludf.DUMMYFUNCTION("""COMPUTED_VALUE"""),450000.0) -> 450000 | AP4: =IFERROR(__xludf.DUMMYFUNCTION("""COMPUTED_VALUE"""),500000.0) -> 500000 | BC4: =IFERROR(__xludf.DUMMYFUNCTION("""COMPUTED_VALUE"""),4950000.0) -> 4950000 | BD4: =IFERROR(__xludf.DUMMYFUNCTION("""COMPUTED_VALUE"""),1000000.0) -> 1000000 | BE4: =IFERROR(__xludf.DUMMYFUNCTION("""COMPUTED_VALUE"""),0.0) -> 0 | BF4: =IFERROR(__xludf.DUMMYFUNCTION("""COMPUTED_VALUE"""),5950000.0) -> 5950000
A5: =IFERROR(__xludf.DUMMYFUNCTION("""COMPUTED_VALUE"""),4.0) -> 4 | B5: =IFERROR(__xludf.DUMMYFUNCTION("""COMPUTED_VALUE"""),"AHMAD HAFIDZ RIZKI AL ZAMZAMI") -> AHMAD HAFIDZ RIZKI AL ZAMZAMI | C5: =IFERROR(__xludf.DUMMYFUNCTION("""COMPUTED_VALUE"""),2.024070615E9) -> 2024070615 | D5: =IFERROR(__xludf.DUMMYFUNCTION("""COMPUTED_VALUE"""),"MUJIONO") -> MUJIONO | E5: =IFERROR(__xludf.DUMMYFUNCTION("""COMPUTED_VALUE"""),"SITI ZUMAROH") -> SITI ZUMAROH | F5: =IFERROR(__xludf.DUMMYFUNCTION("""COMPUTED_VALUE"""),"GLUMO JELAKCATUR RT 003 RW 005 KALITENGAH LAMONGAN") -> GLUMO JELAKCATUR RT 003 RW 005 KALITENGAH LAMONGAN | G5: =IFERROR(__xludf.DUMMYFUNCTION("""COMPUTED_VALUE"""),"MTS-9 E") -> MTS-9 E | H5: =IFERROR(__xludf.DUMMYFUNCTION("""COMPUTED_VALUE"""),"A") -> A | I5: =IFERROR(__xludf.DUMMYFUNCTION("""COMPUTED_VALUE"""),"A-7") -> A-7 | J5: =IFERROR(__xludf.DUMMYFUNCTION("""COMPUTED_VALUE"""),3.0) -> 3 | K5: =IFERROR(__xludf.DUMMYFUNCTION("""COMPUTED_VALUE"""),"3 ULA B PUTRA") -> 3 ULA B PUTRA | L5: =IFERROR(__xludf.DUMMYFUNCTION("""COMPUTED_VALUE"""),"6285759930572") -> 6285759930572 | BC5: =IFERROR(__xludf.DUMMYFUNCTION("""COMPUTED_VALUE"""),0.0) -> 0 | BD5: =IFERROR(__xludf.DUMMYFUNCTION("""COMPUTED_VALUE"""),0.0) -> 0 | BE5: =IFERROR(__xludf.DUMMYFUNCTION("""COMPUTED_VALUE"""),0.0) -> 0 | BF5: =IFERROR(__xludf.DUMMYFUNCTION("""COMPUTED_VALUE"""),0.0) -> 0
A6: =IFERROR(__xludf.DUMMYFUNCTION("""COMPUTED_VALUE"""),5.0) -> 5 | B6: =IFERROR(__xludf.DUMMYFUNCTION("""COMPUTED_VALUE"""),"AHMAD MUZAKKI") -> AHMAD MUZAKKI | C6: =IFERROR(__xludf.DUMMYFUNCTION("""COMPUTED_VALUE"""),2.024070502E9) -> 2024070502 | D6: =IFERROR(__xludf.DUMMYFUNCTION("""COMPUTED_VALUE"""),"MOCH. SAIFUL") -> MOCH. SAIFUL | E6: =IFERROR(__xludf.DUMMYFUNCTION("""COMPUTED_VALUE"""),"FITRIATUN NADHIROH") -> FITRIATUN NADHIROH | F6: =IFERROR(__xludf.DUMMYFUNCTION("""COMPUTED_VALUE"""),"JUBAK NGUWOK RT 014 RW 006 MODO LAMONGAN") -> JUBAK NGUWOK RT 014 RW 006 MODO LAMONGAN | G6: =IFERROR(__xludf.DUMMYFUNCTION("""COMPUTED_VALUE"""),"MTS-9 E") -> MTS-9 E | H6: =IFERROR(__xludf.DUMMYFUNCTION("""COMPUTED_VALUE"""),"A") -> A | I6: =IFERROR(__xludf.DUMMYFUNCTION("""COMPUTED_VALUE"""),"A-8") -> A-8 | J6: =IFERROR(__xludf.DUMMYFUNCTION("""COMPUTED_VALUE"""),3.0) -> 3 | K6: =IFERROR(__xludf.DUMMYFUNCTION("""COMPUTED_VALUE"""),"3 ULA A PUTRA") -> 3 ULA A PUTRA | L6: =IFERROR(__xludf.DUMMYFUNCTION("""COMPUTED_VALUE"""),"6285230826998") -> 6285230826998 | BC6: =IFERROR(__xludf.DUMMYFUNCTION("""COMPUTED_VALUE"""),0.0) -> 0 | BD6: =IFERROR(__xludf.DUMMYFUNCTION("""COMPUTED_VALUE"""),0.0) -> 0 | BE6: =IFERROR(__xludf.DUMMYFUNCTION("""COMPUTED_VALUE"""),0.0) -> 0 | BF6: =IFERROR(__xludf.DUMMYFUNCTION("""COMPUTED_VALUE"""),0.0) -> 0
A7: =IFERROR(__xludf.DUMMYFUNCTION("""COMPUTED_VALUE"""),6.0) -> 6 | B7: =IFERROR(__xludf.DUMMYFUNCTION("""COMPUTED_VALUE"""),"AHMAD SUSETO ANGGA SUKMA") -> AHMAD SUSETO ANGGA SUKMA | C7: =IFERROR(__xludf.DUMMYFUNCTION("""COMPUTED_VALUE"""),2.024070601E9) -> 2024070601 | D7: =IFERROR(__xludf.DUMMYFUNCTION("""COMPUTED_VALUE"""),"SLAMET RATMINTO") -> SLAMET RATMINTO | E7: =IFERROR(__xludf.DUMMYFUNCTION("""COMPUTED_VALUE"""),"MUSYAFAAH") -> MUSYAFAAH | F7: =IFERROR(__xludf.DUMMYFUNCTION("""COMPUTED_VALUE"""),"WEDENG SUKOREJO RT 001 RW 003 KARANGBINANGUN LAMONGAN") -> WEDENG SUKOREJO RT 001 RW 003 KARANGBINANGUN LAMONGAN | G7: =IFERROR(__xludf.DUMMYFUNCTION("""COMPUTED_VALUE"""),"MTS-9 E") -> MTS-9 E | H7: =IFERROR(__xludf.DUMMYFUNCTION("""COMPUTED_VALUE"""),"A") -> A | I7: =IFERROR(__xludf.DUMMYFUNCTION("""COMPUTED_VALUE"""),"A-7") -> A-7 | J7: =IFERROR(__xludf.DUMMYFUNCTION("""COMPUTED_VALUE"""),3.0) -> 3 | K7: =IFERROR(__xludf.DUMMYFUNCTION("""COMPUTED_VALUE"""),"3 ULA B PUTRA") -> 3 ULA B PUTRA | L7: =IFERROR(__xludf.DUMMYFUNCTION("""COMPUTED_VALUE"""),"6281330117049") -> 6281330117049 | AN7: =IFERROR(__xludf.DUMMYFUNCTION("""COMPUTED_VALUE"""),450000.0) -> 450000 | BC7: =IFERROR(__xludf.DUMMYFUNCTION("""COMPUTED_VALUE"""),450000.0) -> 450000 | BD7: =IFERROR(__xludf.DUMMYFUNCTION("""COMPUTED_VALUE"""),0.0) -> 0 | BE7: =IFERROR(__xludf.DUMMYFUNCTION("""COMPUTED_VALUE"""),0.0) -> 0 | BF7: =IFERROR(__xludf.DUMMYFUNCTION("""COMPUTED_VALUE"""),450000.0) -> 450000
A8: =IFERROR(__xludf.DUMMYFUNCTION("""COMPUTED_VALUE"""),7.0) -> 7 | B8: =IFERROR(__xludf.DUMMYFUNCTION("""COMPUTED_VALUE"""),"ALFIYAN NADA FIRDAUS") -> ALFIYAN NADA FIRDAUS | C8: =IFERROR(__xludf.DUMMYFUNCTION("""COMPUTED_VALUE"""),2.024070566E9) -> 2024070566 | D8: =IFERROR(__xludf.DUMMYFUNCTION("""COMPUTED_VALUE"""),"SUTOMO") -> SUTOMO | E8: =IFERROR(__xludf.DUMMYFUNCTION("""COMPUTED_VALUE"""),"KHUSNIYAH") -> KHUSNIYAH | F8: =IFERROR(__xludf.DUMMYFUNCTION("""COMPUTED_VALUE"""),"BANGO PAYAMAN RT 004 RW 015 SOLOKURO LAMONGAN") -> BANGO PAYAMAN RT 004 RW 015 SOLOKURO LAMONGAN | G8: =IFERROR(__xludf.DUMMYFUNCTION("""COMPUTED_VALUE"""),"MTS-9 A") -> MTS-9 A | H8: =IFERROR(__xludf.DUMMYFUNCTION("""COMPUTED_VALUE"""),"A") -> A | I8: =IFERROR(__xludf.DUMMYFUNCTION("""COMPUTED_VALUE"""),"A-13") -> A-13 | J8: =IFERROR(__xludf.DUMMYFUNCTION("""COMPUTED_VALUE"""),3.0) -> 3 | K8: =IFERROR(__xludf.DUMMYFUNCTION("""COMPUTED_VALUE"""),"") | L8: =IFERROR(__xludf.DUMMYFUNCTION("""COMPUTED_VALUE"""),"6285733111734") -> 6285733111734 | AN8: =IFERROR(__xludf.DUMMYFUNCTION("""COMPUTED_VALUE"""),410000.0) -> 410000 | AP8: =IFERROR(__xludf.DUMMYFUNCTION("""COMPUTED_VALUE"""),500000.0) -> 500000 | BC8: =IFERROR(__xludf.DUMMYFUNCTION("""COMPUTED_VALUE"""),410000.0) -> 410000 | BD8: =IFERROR(__xludf.DUMMYFUNCTION("""COMPUTED_VALUE"""),500000.0) -> 500000 | BE8: =IFERROR(__xludf.DUMMYFUNCTION("""COMPUTED_VALUE"""),0.0) -> 0 | BF8: =IFERROR(__xludf.DUMMYFUNCTION("""COMPUTED_VALUE"""),910000.0) -> 910000
A9: =IFERROR(__xludf.DUMMYFUNCTION("""COMPUTED_VALUE"""),8.0) -> 8 | B9: =IFERROR(__xludf.DUMMYFUNCTION("""COMPUTED_VALUE"""),"ALMAIR FADHIL ABID ALHAQ") -> ALMAIR FADHIL ABID ALHAQ | C9: =IFERROR(__xludf.DUMMYFUNCTION("""COMPUTED_VALUE"""),2.024070508E9) -> 2024070508 | D9: =IFERROR(__xludf.DUMMYFUNCTION("""COMPUTED_VALUE"""),"MOHAMAD KHOLIS LUTFI") -> MOHAMAD KHOLIS LUTFI | E9: =IFERROR(__xludf.DUMMYFUNCTION("""COMPUTED_VALUE"""),"IIN UMAYYAH") -> IIN UMAYYAH | F9: =IFERROR(__xludf.DUMMYFUNCTION("""COMPUTED_VALUE"""),"JL. PENDIDIKAN 20 B RT 001 RW 005 BABAT LAMONGAN") -> JL. PENDIDIKAN 20 B RT 001 RW 005 BABAT LAMONGAN | G9: =IFERROR(__xludf.DUMMYFUNCTION("""COMPUTED_VALUE"""),"MTS-9 C") -> MTS-9 C | H9: =IFERROR(__xludf.DUMMYFUNCTION("""COMPUTED_VALUE"""),"A") -> A | I9: =IFERROR(__xludf.DUMMYFUNCTION("""COMPUTED_VALUE"""),"A-7") -> A-7 | J9: =IFERROR(__xludf.DUMMYFUNCTION("""COMPUTED_VALUE"""),3.0) -> 3 | K9: =IFERROR(__xludf.DUMMYFUNCTION("""COMPUTED_VALUE"""),"3 ULA A PUTRA") -> 3 ULA A PUTRA | L9: =IFERROR(__xludf.DUMMYFUNCTION("""COMPUTED_VALUE"""),"6285230844686") -> 6285230844686 | AB9: =IFERROR(__xludf.DUMMYFUNCTION("""COMPUTED_VALUE"""),500000.0) -> 500000 | AN9: =IFERROR(__xludf.DUMMYFUNCTION("""COMPUTED_VALUE"""),450000.0) -> 450000 | AP9: =IFERROR(__xludf.DUMMYFUNCTION("""COMPUTED_VALUE"""),500000.0) -> 500000 | BC9: =IFERROR(__xludf.DUMMYFUNCTION("""COMPUTED_VALUE"""),450000.0) -> 450000 | BD9: =IFERROR(__xludf.DUMMYFUNCTION("""COMPUTED_VALUE"""),1000000.0) -> 1000000 | BE9: =IFERROR(__xludf.DUMMYFUNCTION("""COMPUTED_VALUE"""),0.0) -> 0 | BF9: =IFERROR(__xludf.DUMMYFUNCTION("""COMPUTED_VALUE"""),1450000.0) -> 1450000
A10: =IFERROR(__xludf.DUMMYFUNCTION("""COMPUTED_VALUE"""),9.0) -> 9 | B10: =IFERROR(__xludf.DUMMYFUNCTION("""COMPUTED_VALUE"""),"ANDIKA CAHYO BUDI LAKSONO") -> ANDIKA CAHYO BUDI LAKSONO | C10: =IFERROR(__xludf.DUMMYFUNCTION("""COMPUTED_VALUE"""),2.024070654E9) -> 2024070654 | D10: =IFERROR(__xludf.DUMMYFUNCTION("""COMPUTED_VALUE"""),"KARIMAN") -> KARIMAN | E10: =IFERROR(__xludf.DUMMYFUNCTION("""COMPUTED_VALUE"""),"USWATUN HASANAH") -> USWATUN HASANAH | F10: =IFERROR(__xludf.DUMMYFUNCTION("""COMPUTED_VALUE"""),"KEMLAGIGEDE RT 007 RW 002 TURI LAMONGAN") -> KEMLAGIGEDE RT 007 RW 002 TURI LAMONGAN | G10: =IFERROR(__xludf.DUMMYFUNCTION("""COMPUTED_VALUE"""),"MTS-9 F") -> MTS-9 F | H10: =IFERROR(__xludf.DUMMYFUNCTION("""COMPUTED_VALUE"""),"A") -> A | I10: =IFERROR(__xludf.DUMMYFUNCTION("""COMPUTED_VALUE"""),"A-7") -> A-7 | J10: =IFERROR(__xludf.DUMMYFUNCTION("""COMPUTED_VALUE"""),3.0) -> 3 | K10: =IFERROR(__xludf.DUMMYFUNCTION("""COMPUTED_VALUE"""),"3 ULA A PUTRA") -> 3 ULA A PUTRA | L10: =IFERROR(__xludf.DUMMYFUNCTION("""COMPUTED_VALUE"""),"628579002358") -> 628579002358 | AB10: =IFERROR(__xludf.DUMMYFUNCTION("""COMPUTED_VALUE"""),500000.0) -> 500000 | AD10: =IFERROR(__xludf.DUMMYFUNCTION("""COMPUTED_VALUE"""),450000.0) -> 450000 | AE10: =IFERROR(__xludf.DUMMYFUNCTION("""COMPUTED_VALUE"""),450000.0) -> 450000 | AF10: =IFERROR(__xludf.DUMMYFUNCTION("""COMPUTED_VALUE"""),450000.0) -> 450000 | AG10: =IFERROR(__xludf.DUMMYFUNCTION("""COMPUTED_VALUE"""),450000.0) -> 450000 | AH10: =IFERROR(__xludf.DUMMYFUNCTION("""COMPUTED_VALUE"""),450000.0) -> 450000 | AI10: =IFERROR(__xludf.DUMMYFUNCTION("""COMPUTED_VALUE"""),450000.0) -> 450000 | AJ10: =IFERROR(__xludf.DUMMYFUNCTION("""COMPUTED_VALUE"""),450000.0) -> 450000 | AK10: =IFERROR(__xludf.DUMMYFUNCTION("""COMPUTED_VALUE"""),450000.0) -> 450000 | ... AN10: =IFERROR(__xludf.DUMMYFUNCTION("""COMPUTED_VALUE"""),450000.0) -> 450000 | AP10: =IFERROR(__xludf.DUMMYFUNCTION("""COMPUTED_VALUE"""),500000.0) -> 500000 | BC10: =IFERROR(__xludf.DUMMYFUNCTION("""COMPUTED_VALUE"""),4950000.0) -> 4950000 | BD10: =IFERROR(__xludf.DUMMYFUNCTION("""COMPUTED_VALUE"""),1000000.0) -> 1000000 | BE10: =IFERROR(__xludf.DUMMYFUNCTION("""COMPUTED_VALUE"""),0.0) -> 0 | BF10: =IFERROR(__xludf.DUMMYFUNCTION("""COMPUTED_VALUE"""),5950000.0) -> 5950000
A11: =IFERROR(__xludf.DUMMYFUNCTION("""COMPUTED_VALUE"""),10.0) -> 10 | B11: =IFERROR(__xludf.DUMMYFUNCTION("""COMPUTED_VALUE"""),"ARVEL ALIF SYAIFULLAH") -> ARVEL ALIF SYAIFULLAH | C11: =IFERROR(__xludf.DUMMYFUNCTION("""COMPUTED_VALUE"""),2.024070652E9) -> 2024070652 | D11: =IFERROR(__xludf.DUMMYFUNCTION("""COMPUTED_VALUE"""),"AMRI") -> AMRI | E11: =IFERROR(__xludf.DUMMYFUNCTION("""COMPUTED_VALUE"""),"DEWI IRMAWATI") -> DEWI IRMAWATI | F11: =IFERROR(__xludf.DUMMYFUNCTION("""COMPUTED_VALUE"""),"DUKUH GEMPOL PENDOWO RT 004 RW 002 GLAGAH LAMONGAN") -> DUKUH GEMPOL PENDOWO RT 004 RW 002 GLAGAH LAMONGAN | G11: =IFERROR(__xludf.DUMMYFUNCTION("""COMPUTED_VALUE"""),"MTS-9 F") -> MTS-9 F | H11: =IFERROR(__xludf.DUMMYFUNCTION("""COMPUTED_VALUE"""),"A") -> A | I11: =IFERROR(__xludf.DUMMYFUNCTION("""COMPUTED_VALUE"""),"A-7") -> A-7 | J11: =IFERROR(__xludf.DUMMYFUNCTION("""COMPUTED_VALUE"""),3.0) -> 3 | K11: =IFERROR(__xludf.DUMMYFUNCTION("""COMPUTED_VALUE"""),"3 ULA A PUTRA") -> 3 ULA A PUTRA | L11: =IFERROR(__xludf.DUMMYFUNCTION("""COMPUTED_VALUE"""),"6282139016910") -> 6282139016910 | AM11: =IFERROR(__xludf.DUMMYFUNCTION("""COMPUTED_VALUE"""),450000.0) -> 450000 | AN11: =IFERROR(__xludf.DUMMYFUNCTION("""COMPUTED_VALUE"""),450000.0) -> 450000 | AP11: =IFERROR(__xludf.DUMMYFUNCTION("""COMPUTED_VALUE"""),500000.0) -> 500000 | BC11: =IFERROR(__xludf.DUMMYFUNCTION("""COMPUTED_VALUE"""),900000.0) -> 900000 | BD11: =IFERROR(__xludf.DUMMYFUNCTION("""COMPUTED_VALUE"""),500000.0) -> 500000 | BE11: =IFERROR(__xludf.DUMMYFUNCTION("""COMPUTED_VALUE"""),0.0) -> 0 | BF11: =IFERROR(__xludf.DUMMYFUNCTION("""COMPUTED_VALUE"""),1400000.0) -> 1400000
